-- MySQL dump 10.13  Distrib 8.0.42, for Win64 (x86_64)
--
-- Host: 127.0.0.1    Database: cinemadb
-- ------------------------------------------------------
-- Server version	8.4.7

/*!40101 SET @OLD_CHARACTER_SET_CLIENT=@@CHARACTER_SET_CLIENT */;
/*!40101 SET @OLD_CHARACTER_SET_RESULTS=@@CHARACTER_SET_RESULTS */;
/*!40101 SET @OLD_COLLATION_CONNECTION=@@COLLATION_CONNECTION */;
/*!50503 SET NAMES utf8 */;
/*!40103 SET @OLD_TIME_ZONE=@@TIME_ZONE */;
/*!40103 SET TIME_ZONE='+00:00' */;
/*!40014 SET @OLD_UNIQUE_CHECKS=@@UNIQUE_CHECKS, UNIQUE_CHECKS=0 */;
/*!40014 SET @OLD_FOREIGN_KEY_CHECKS=@@FOREIGN_KEY_CHECKS, FOREIGN_KEY_CHECKS=0 */;
/*!40101 SET @OLD_SQL_MODE=@@SQL_MODE, SQL_MODE='NO_AUTO_VALUE_ON_ZERO' */;
/*!40111 SET @OLD_SQL_NOTES=@@SQL_NOTES, SQL_NOTES=0 */;

--
-- Table structure for table `accounts`
--

DROP TABLE IF EXISTS `accounts`;
/*!40101 SET @saved_cs_client     = @@character_set_client */;
/*!50503 SET character_set_client = utf8mb4 */;
CREATE TABLE `accounts` (
  `AccountID` int NOT NULL AUTO_INCREMENT,
  `Username` varchar(50) NOT NULL,
  `Password` varchar(255) NOT NULL,
  `FullName` varchar(100) DEFAULT NULL,
  `Role` enum('Admin','Staff') DEFAULT 'Staff',
  PRIMARY KEY (`AccountID`),
  UNIQUE KEY `Username` (`Username`)
) ENGINE=InnoDB AUTO_INCREMENT=6 DEFAULT CHARSET=utf8mb4 COLLATE=utf8mb4_0900_ai_ci;
/*!40101 SET character_set_client = @saved_cs_client */;

--
-- Dumping data for table `accounts`
--

LOCK TABLES `accounts` WRITE;
/*!40000 ALTER TABLE `accounts` DISABLE KEYS */;
INSERT INTO `accounts` VALUES (1,'admin','123','Nguyen Thi Hai Yen','Admin'),(4,'clerk01','123','Nguyen Van A','Staff');
/*!40000 ALTER TABLE `accounts` ENABLE KEYS */;
UNLOCK TABLES;

--
-- Temporary view structure for view `availableseats`
--

DROP TABLE IF EXISTS `availableseats`;
/*!50001 DROP VIEW IF EXISTS `availableseats`*/;
SET @saved_cs_client     = @@character_set_client;
/*!50503 SET character_set_client = utf8mb4 */;
/*!50001 CREATE VIEW `availableseats` AS SELECT 
 1 AS `ScreeningID`,
 1 AS `MovieTitle`,
 1 AS `RoomName`,
 1 AS `ShowDate`,
 1 AS `RemainingSeats`,
 1 AS `OccupancyRate`*/;
SET character_set_client = @saved_cs_client;

--
-- Table structure for table `cinemarooms`
--

DROP TABLE IF EXISTS `cinemarooms`;
/*!40101 SET @saved_cs_client     = @@character_set_client */;
/*!50503 SET character_set_client = utf8mb4 */;
CREATE TABLE `cinemarooms` (
  `RoomID` int NOT NULL AUTO_INCREMENT,
  `RoomName` varchar(100) NOT NULL,
  `Capacity` int NOT NULL,
  PRIMARY KEY (`RoomID`),
  CONSTRAINT `cinemarooms_chk_1` CHECK ((`Capacity` > 0))
) ENGINE=InnoDB AUTO_INCREMENT=51 DEFAULT CHARSET=utf8mb4 COLLATE=utf8mb4_0900_ai_ci;
/*!40101 SET character_set_client = @saved_cs_client */;

--
-- Dumping data for table `cinemarooms`
--

LOCK TABLES `cinemarooms` WRITE;
/*!40000 ALTER TABLE `cinemarooms` DISABLE KEYS */;
INSERT INTO `cinemarooms` VALUES (1,'Standard Hall 1',60),(2,'IMAX Theatre 2',80),(3,'Standard Hall 3',80),(4,'IMAX Theatre 4',80),(5,'VIP Screen 5',100),(6,'Standard Hall 6',100),(7,'IMAX Theatre 7',60),(8,'IMAX Theatre 8',100),(9,'IMAX Theatre 9',80),(10,'Standard Hall 10',80),(11,'VIP Screen 11',60),(12,'VIP Screen 12',100),(13,'VIP Screen 13',80),(14,'IMAX Theatre 14',100),(15,'VIP Screen 15',100),(16,'Standard Hall 16',80),(17,'IMAX Theatre 17',60),(18,'VIP Screen 18',100),(19,'Standard Hall 19',80),(20,'VIP Screen 20',60),(21,'IMAX Theatre 21',80),(22,'IMAX Theatre 22',80),(23,'VIP Screen 23',80),(24,'Standard Hall 24',60),(25,'VIP Screen 25',80),(26,'VIP Screen 26',80),(27,'IMAX Theatre 27',60),(28,'VIP Screen 28',80),(29,'VIP Screen 29',60),(30,'IMAX Theatre 30',100),(31,'Standard Hall 31',80),(32,'Standard Hall 32',100),(33,'Standard Hall 33',60),(34,'Standard Hall 34',60),(35,'Standard Hall 35',100),(36,'Standard Hall 36',100),(37,'IMAX Theatre 37',60),(38,'IMAX Theatre 38',60),(39,'VIP Screen 39',100),(40,'VIP Screen 40',80),(41,'Standard Hall 41',80),(42,'Standard Hall 42',80),(43,'Standard Hall 43',60),(44,'Standard Hall 44',60),(45,'VIP Screen 45',60),(46,'IMAX Theatre 46',100),(47,'VIP Screen 47',60),(48,'Standard Hall 48',100),(49,'Standard Hall 49',60),(50,'VIP Screen 50',100);
/*!40000 ALTER TABLE `cinemarooms` ENABLE KEYS */;
UNLOCK TABLES;

--
-- Table structure for table `customers`
--

DROP TABLE IF EXISTS `customers`;
/*!40101 SET @saved_cs_client     = @@character_set_client */;
/*!50503 SET character_set_client = utf8mb4 */;
CREATE TABLE `customers` (
  `CustomerID` int NOT NULL AUTO_INCREMENT,
  `CustomerName` varchar(255) NOT NULL,
  `PhoneNumber` varchar(15) NOT NULL,
  `Email` varchar(100) DEFAULT NULL,
  PRIMARY KEY (`CustomerID`),
  KEY `idx_customer_phone` (`PhoneNumber`)
) ENGINE=InnoDB AUTO_INCREMENT=511 DEFAULT CHARSET=utf8mb4 COLLATE=utf8mb4_0900_ai_ci;
/*!40101 SET character_set_client = @saved_cs_client */;

--
-- Dumping data for table `customers`
--

LOCK TABLES `customers` WRITE;
/*!40000 ALTER TABLE `customers` DISABLE KEYS */;
INSERT INTO `customers` VALUES (1,'Thảo Hoàng','0831950886',NULL),(2,'An Xuân Hoàng','0744202046',NULL),(3,'Quý cô Vân Lê','7271761816',NULL),(4,'Hà Vũ','8580858219',NULL),(5,'Anh Nam Dương','9097560154',NULL),(6,'Lan Hoàng','3390318972',NULL),(7,'Vi Bùi','2035301126',NULL),(8,'Bác Châu Mai','4038458451',NULL),(9,'Tùng Mai','3504652334',NULL),(10,'Trung Phú Bùi','8280783071',NULL),(11,'Quý cô Hương Lê','9039095772',NULL),(12,'Thảo Mai','3754679477',NULL),(13,'Tú Lê','8056249590',NULL),(14,'Nam Đức Trần','3481386182',NULL),(15,'Bảo Quang Trần','2733354234',NULL),(16,'Hải Đức Lê','4864073541',NULL),(17,'Thành Đặng','8102841106',NULL),(18,'Trung Trí Hoàng','5444839484',NULL),(19,'Cô Bảo Vũ','8232971437',NULL),(20,'Hà Nguyễn','3392325494',NULL),(21,'Trung Xuân Hoàng','2458384313',NULL),(22,'Dương Vũ','9445238089',NULL),(23,'Bảo Phú Bùi','5948931661',NULL),(24,'Cô Xuân Dương','6532906467',NULL),(25,'Nhiên Trí Phạm','0792121719',NULL),(26,'Hoàng Mai','3987358220',NULL),(27,'Minh Bảo Bùi','9650397528',NULL),(28,'Trọng Hoàng Trần','6277136053',NULL),(29,'Quý cô Hồng Dương','7986780543',NULL),(30,'Chị Phương Bùi','2903506495',NULL),(31,'Chị An Nguyễn','3430858163',NULL),(32,'Quý cô Lâm Hoàng','3274360214',NULL),(33,'Hoàng Thế Vũ','9916542809',NULL),(34,'Hoàng Tấn Dương','2319460225',NULL),(35,'Chị Thảo Mai','0357288204',NULL),(36,'Chị Hà Dương','8795321468',NULL),(37,'Ánh Lê','0341335869',NULL),(38,'Chị Vi Dương','5005208747',NULL),(39,'Quý cô Bảo Hoàng','1086042122',NULL),(40,'Thảo Mai','0111642795',NULL),(41,'Bác Hưng Hoàng','5283492194',NULL),(42,'Mai Vũ','8655017039',NULL),(43,'Chị Hạnh Trần','1461070939',NULL),(44,'Lan Đặng','6768774361',NULL),(45,'Khoa Trí Dương','1782801314',NULL),(46,'Nhật Bảo Bùi','1234080370',NULL),(47,'Chị Kim Phạm','7137087211',NULL),(48,'Linh Phạm','6426970146',NULL),(49,'Linh Trần','0832330794',NULL),(50,'Chị Phương Dương','9330745043',NULL),(51,'Bà An Đặng','9581639940',NULL),(52,'Bác Anh Trần','7364803460',NULL),(53,'Phương Đặng','6496447794',NULL),(54,'Hạnh Phạm','1324104793',NULL),(55,'Nam Phú Lê','7048569802',NULL),(56,'Hà Quang Dương','5756142642',NULL),(57,'Quý cô Chi Lê','5530250067',NULL),(58,'Chi Nguyễn','5567077133',NULL),(59,'Quý cô Lâm Đặng','5248830279',NULL),(60,'Hải Hoàng','2421512823',NULL),(61,'Hải Phạm','0038522006',NULL),(62,'Nhật Trí Nguyễn','5753285082',NULL),(63,'Quý cô Yến Lê','4511670520',NULL),(64,'Lâm Thị Phạm','3702581364',NULL),(65,'Vũ Hải Bùi','3315985340',NULL),(66,'Ngọc Vũ','5404424355',NULL),(67,'Cô Mai Đặng','9184165741',NULL),(68,'Nhật Trí Bùi','1327602658',NULL),(69,'Quang Văn Lê','7465523630',NULL),(70,'Quý cô Thành Nguyễn','7847756043',NULL),(71,'Hải Hoàng','4289733904',NULL),(72,'Anh Dũng Lê','2043428149',NULL),(73,'Ngọc Dương','1837294245',NULL),(74,'Thảo Trần','3068893006',NULL),(75,'Vi Vũ','3730175719',NULL),(76,'Nhật Lê','5009165651',NULL),(77,'Linh Lê','6202020277',NULL),(78,'Bà Nhật Nguyễn','9247866932',NULL),(79,'Cô Ngọc Nguyễn','0521214037',NULL),(80,'Thảo Phạm','3446369195',NULL),(81,'Cô Ánh Trần','7705673396',NULL),(82,'Chị Phương Đặng','2986007975',NULL),(83,'Hồng Trần','6335093416',NULL),(84,'Cô Yến Nguyễn','2612323716',NULL),(85,'Cô Bảo Hoàng','9114802416',NULL),(86,'Bảo Đặng','2129900192',NULL),(87,'Phương Vũ','7226320807',NULL),(88,'Bác Nam Lê','2135357288',NULL),(89,'Duyên Bùi','8971818724',NULL),(90,'Bác Nam Nguyễn','3052465647',NULL),(91,'Bảo Trần','1498765998',NULL),(92,'Trung Quang Vũ','3063764807',NULL),(93,'Huy Nguyễn','2760507930',NULL),(94,'An Thị Bùi','9557536128',NULL),(95,'Cô Yến Lê','0947062827',NULL),(96,'Thành Đặng','9399410140',NULL),(97,'Nhật Mai','5479737601',NULL),(98,'Ngọc Mai','1281804141',NULL),(99,'Anh Bảo Mai','3602235481',NULL),(100,'Chị Bảo Bùi','6642014477',NULL),(101,'Chị Hương Nguyễn','3913066467',NULL),(102,'Cô Xuân Vũ','4646070269',NULL),(103,'Thành Hải Hoàng','5112398490',NULL),(104,'Anh Hưng Đặng','7590516393',NULL),(105,'Hà Tấn Dương','2705641400',NULL),(106,'Cô Hồng Dương','8335823632',NULL),(107,'Ông Phúc Hoàng','0960878387',NULL),(108,'Thành Dương','6532112353',NULL),(109,'Bà Lâm Nguyễn','3563311392',NULL),(110,'Quang Xuân Trần','8499212582',NULL),(111,'Lan Lê','7969055780',NULL),(112,'Duyên Dương','7450460204',NULL),(113,'Khoa Phú Bùi','0525138827',NULL),(114,'Ngọc Mai','5908409515',NULL),(115,'Cô Hải Lê','7143791949',NULL),(116,'Nhiên Hoàng','2913229319',NULL),(117,'Quý cô Vi Đặng','2974073088',NULL),(118,'Anh Trọng Lê','5050163417',NULL),(119,'Bà Hạnh Vũ','6582114003',NULL),(120,'Linh Mai','1673408186',NULL),(121,'Bà Khoa Đặng','3674272024',NULL),(122,'Cô Hạnh Bùi','3269131344',NULL),(123,'Chị Yến Lê','8364346831',NULL),(124,'Anh Quang Trần','7091616742',NULL),(125,'Anh Trần','5698296503',NULL),(126,'Chị Hương Hoàng','4685124222',NULL),(127,'Quý ông Nhiên Phạm','7674724618',NULL),(128,'Quang Phú Lê','9144146518',NULL),(129,'Ông Minh Lê','5745478134',NULL),(130,'Vân Hoàng','2931132243',NULL),(131,'Thảo Bùi','3831966850',NULL),(132,'Hưng Phạm','5599617249',NULL),(133,'Quý ông Hoàng Dương','3276008726',NULL),(134,'Phúc Nguyễn','9371113531',NULL),(135,'Bà Yến Lê','4069195375',NULL),(136,'Chị Kim Trần','1016828004',NULL),(137,'Cô Phương Phạm','6927019003',NULL),(138,'An Trí Dương','2910391374',NULL),(139,'Phúc Hoàng','1805608713',NULL),(140,'Quý cô Nhật Vũ','8477593116',NULL),(141,'Hà Dương','3143762555',NULL),(142,'Dũng Đức Đặng','4071988311',NULL),(143,'Quý cô Chi Bùi','3729579688',NULL),(144,'Chị Khoa Vũ','5467896230',NULL),(145,'An Mai','6346243807',NULL),(146,'Phúc Văn Nguyễn','9391842638',NULL),(147,'Nhật Hoàng Dương','4060539662',NULL),(148,'An Trần','1580357149',NULL),(149,'Hải Mai Đặng','1930490445',NULL),(150,'Bà Mai Vũ','3332423341',NULL),(151,'An Trần','4912796739',NULL),(152,'Quý ông Trọng Lê','1070268061',NULL),(153,'Yến Dương','9978561056',NULL),(154,'Cô Vi Đặng','8510979775',NULL),(155,'Thành Lê','6201713711',NULL),(156,'Chị Dương Bùi','2742520285',NULL),(157,'Ông Anh Trần','3653500446',NULL),(158,'Cô Phương Đặng','9655278222',NULL),(159,'Dũng Trần','7318896785',NULL),(160,'Phương Đặng','6200225732',NULL),(161,'An Bảo Dương','8352928708',NULL),(162,'Bà Hải Vũ','7675434173',NULL),(163,'Chị Lan Trần','7569594126',NULL),(164,'Bảo Phú Mai','2845083418',NULL),(165,'Bà Kim Dương','0493421391',NULL),(166,'Phương Tấn Vũ','6318876946',NULL),(167,'Tùng Đức Bùi','6230074902',NULL),(168,'Bà Nhật Lê','1208319213',NULL),(169,'Lan Nguyễn','3067285972',NULL),(170,'Anh Lê','6899746728',NULL),(171,'Vi Hoàng','0970283923',NULL),(172,'Quý cô Hương Bùi','7409687427',NULL),(173,'Vũ Văn Hoàng','7545030090',NULL),(174,'Phúc Đức Dương','9534841506',NULL),(175,'Phương Hoàng','5453575688',NULL),(176,'Linh Mai','4976615057',NULL),(177,'Thành Bảo Nguyễn','5476379596',NULL),(178,'Hạnh Lê','7677636685',NULL),(179,'Bảo Xuân Dương','0548439687',NULL),(180,'An Mai Nguyễn','2220233541',NULL),(181,'Khoa Nguyễn','9152297574',NULL),(182,'Quý cô Ngọc Bùi','4201114293',NULL),(183,'Nhật Đức Lê','0854243260',NULL),(184,'Nhật Thị Trần','8174422981',NULL),(185,'Bà Phương Dương','4954226052',NULL),(186,'Trung Tấn Hoàng','1136496399',NULL),(187,'Chị Nhật Nguyễn','2972945234',NULL),(188,'Dương Nguyễn','6328311525',NULL),(189,'Quý cô Duyên Nguyễn','4547572257',NULL),(190,'Trọng Mai Bảo Vũ','9017857860',NULL),(191,'Cô Nhật Mai','0311114587',NULL),(192,'Anh Vũ Bùi','9795408119',NULL),(193,'Khoa Hoàng','9854902357',NULL),(194,'Quang Hoàng','5591040024',NULL),(195,'Linh Mai','7724519178',NULL),(196,'Dũng Hải Dương','2612259355',NULL),(197,'Anh Mai','0964853146',NULL),(198,'Khoa Hữu Dương','3161340254',NULL),(199,'Nhật Đức Bùi','7808713068',NULL),(200,'Lâm Đặng','0529215892',NULL),(201,'Phương Tấn Vũ','6609816775',NULL),(202,'Khoa Thị Dương','6398676682',NULL),(203,'Dũng Xuân Trần','6028817332',NULL),(204,'Nhật Hữu Dương','4524959371',NULL),(205,'Hải Bùi','7050741869',NULL),(206,'Ngọc Đặng','4304213293',NULL),(207,'Vi Bùi','4964666402',NULL),(208,'Bảo Bùi','2920553182',NULL),(209,'Quý ông Nhiên Hoàng','0737355958',NULL),(210,'Bà Hạnh Mai','9693611541',NULL),(211,'Bảo Đặng','6331181683',NULL),(212,'Bác Nhiên Mai','8092297878',NULL),(213,'Quý ông Khoa Mai','0180228687',NULL),(214,'Chi Trần','6124793320',NULL),(215,'Nhật Đức Dương','8634798672',NULL),(216,'Chị Dương Lê','3800420428',NULL),(217,'Chị Nhật Mai','3948838685',NULL),(218,'Hạnh Văn Đặng','8416504493',NULL),(219,'Khoa Trần','4972858909',NULL),(220,'Nhật Vũ','2214313162',NULL),(221,'Mai Trần','7982309227',NULL),(222,'Hồng Phạm','9498634489',NULL),(223,'Hồng Mai','9826484434',NULL),(224,'Mai Đặng','6622071189',NULL),(225,'Quang Đức Đặng','7375389727',NULL),(226,'Quý cô Kim Dương','5871136559',NULL),(227,'Hoàng Phạm','7765863122',NULL),(228,'Bà Chi Dương','3851136877',NULL),(229,'Hoàng Quang Dương','7327833236',NULL),(230,'Cô Bảo Phạm','5237753514',NULL),(231,'Hà Hoàng Vũ','3551326685',NULL),(232,'Trọng Dương','8817132001',NULL),(233,'Quý ông Quang Mai','4078509113',NULL),(234,'Quý cô Linh Bùi','1501733773',NULL),(235,'Phúc Hoàng Phạm','9200801389',NULL),(236,'Bảo Bùi','0618873373',NULL),(237,'Bà Dương Bùi','7588598415',NULL),(238,'Bảo Trần','2718891358',NULL),(239,'Nhiên Thị Dương','0946579626',NULL),(240,'Trọng Trần','6864019248',NULL),(241,'An Vũ','4176089514',NULL),(242,'Bảo Mai','7114089945',NULL),(243,'Cô Thành Trần','6959784767',NULL),(244,'Cô Bảo Hoàng','4420540525',NULL),(245,'Vi Bùi','0379642268',NULL),(246,'Quý cô Ánh Lê','1656971428',NULL),(247,'Ánh Đặng','4602993194',NULL),(248,'Kim Xuân Trần','8978078154',NULL),(249,'An Đức Trần','8835548479',NULL),(250,'Dương Mai','1016671466',NULL),(251,'Quý cô Phương Đặng','7854910101',NULL),(252,'Thành Nguyễn','0502890731',NULL),(253,'Cô Hồng Nguyễn','3109671814',NULL),(254,'Anh Quang Dương','7702284764',NULL),(255,'Khoa Bùi','6285732252',NULL),(256,'Quý cô Lâm Trần','4462238031',NULL),(257,'Ông Anh Đặng','0607860831',NULL),(258,'Quang Dương','0685428108',NULL),(259,'Quang Trần','4000124821',NULL),(260,'Châu Mai Bảo Bùi','7885875445',NULL),(261,'Khoa Đặng','0562279018',NULL),(262,'Minh Phạm','9920492741',NULL),(263,'Hạnh Quang Nguyễn','4308388947',NULL),(264,'Chị An Trần','1637657142',NULL),(265,'Phúc Dương','4774947914',NULL),(266,'Hưng Trí Phạm','7429389966',NULL),(267,'Quý cô An Phạm','2930130595',NULL),(268,'Anh Tùng Dương','6184835299',NULL),(269,'Dương Vũ','2592219736',NULL),(270,'Quý ông Phúc Vũ','4009684507',NULL),(271,'Quý cô Duyên Lê','1506909412',NULL),(272,'Trung Phạm','4108953309',NULL),(273,'Tùng Nguyễn','6723964036',NULL),(274,'Thành Lê','2627127348',NULL),(275,'Ánh Vũ','8455912263',NULL),(276,'Quý cô Vân Bùi','5986231524',NULL),(277,'Cô Lâm Trần','0880155167',NULL),(278,'Kim Vũ','2507205863',NULL),(279,'Linh Dương','9192307435',NULL),(280,'Phúc Đức Vũ','4767766971',NULL),(281,'Quý cô An Bùi','9180170063',NULL),(282,'Huy Phạm','0484364203',NULL),(283,'Hạnh Phạm','2376213795',NULL),(284,'Quý cô Phương Bùi','3112235601',NULL),(285,'Linh Lê','5481689360',NULL),(286,'Hạnh Đặng','1180446156',NULL),(287,'Nhật Vũ','2660435001',NULL),(288,'Bác Trung Vũ','4125803229',NULL),(289,'Phương Hữu Bùi','2574310294',NULL),(290,'Bác Bảo Mai','8573566075',NULL),(291,'Quang Đặng','8714348507',NULL),(292,'Quý cô Hồng Phạm','8980750909',NULL),(293,'Quý ông Thành Mai','8531513238',NULL),(294,'Bà Thảo Trần','7778678970',NULL),(295,'Nhật Dương','3145383048',NULL),(296,'Nhật Đức Lê','7901812314',NULL),(297,'Thành Nguyễn','2106488417',NULL),(298,'Khoa Thị Bùi','8924855000',NULL),(299,'Chị Hà Trần','7734408294',NULL),(300,'Anh Thành Dương','7356892490',NULL),(301,'Cô Ánh Lê','6165240464',NULL),(302,'Bác Phúc Hoàng','2533018986',NULL),(303,'Nhật Dương','2554390224',NULL),(304,'Châu Nguyễn','6900486499',NULL),(305,'Vi Vũ','7720697093',NULL),(306,'Bảo Mai Bảo Dương','3599306696',NULL),(307,'Ông Quang Bùi','6844280533',NULL),(308,'Quang Hữu Bùi','5803107781',NULL),(309,'Ngọc Nguyễn','4841848770',NULL),(310,'An Đức Mai','1954929192',NULL),(311,'Chi Trần','4531431394',NULL),(312,'Quý cô Phương Lê','8383207557',NULL),(313,'Quý cô Ánh Đặng','9504282082',NULL),(314,'Cô Hạnh Bùi','7145183397',NULL),(315,'An Mai Bảo Phạm','6122296600',NULL),(316,'Nhật Trần','4682418986',NULL),(317,'Nhật Bảo Nguyễn','3625930151',NULL),(318,'Trọng Bùi','0780189436',NULL),(319,'An Phạm','5294314874',NULL),(320,'Thành Trí Lê','1427344061',NULL),(321,'Cô Phương Lê','3431115993',NULL),(322,'Trọng Thị Đặng','6848726353',NULL),(323,'Bà Dương Hoàng','7047620578',NULL),(324,'Quý cô Kim Hoàng','4853029560',NULL),(325,'Hoàng Trần','2624492333',NULL),(326,'Chị Phương Hoàng','8542293667',NULL),(327,'Châu Mai','7271250395',NULL),(328,'Quý cô Mai Hoàng','9647142319',NULL),(329,'Khoa Bảo Bùi','7298742615',NULL),(330,'Vũ Mai','1469810035',NULL),(331,'Bà Xuân Đặng','8218974150',NULL),(332,'Quý cô Dương Dương','2583357499',NULL),(333,'Bảo Trí Trần','6545925237',NULL),(334,'Vi Nguyễn','9058404457',NULL),(335,'Thành Thị Hoàng','1206245783',NULL),(336,'Hạnh Hữu Lê','1396938051',NULL),(337,'Khoa Vũ','4177690474',NULL),(338,'Châu Xuân Đặng','5228954369',NULL),(339,'Hạnh Phú Đặng','5011117788',NULL),(340,'Hạnh Đặng','7322654087',NULL),(341,'Hồng Vũ','6162222764',NULL),(342,'Hải Thế Mai','9902057931',NULL),(343,'Ngọc Lê','7475346535',NULL),(344,'Phương Dương','8765959836',NULL),(345,'An Thị Lê','6074586125',NULL),(346,'Chị Yến Nguyễn','7919908459',NULL),(347,'Thành Thế Dương','6812448376',NULL),(348,'Linh Phạm','8320470017',NULL),(349,'Tùng Thế Hoàng','2231330344',NULL),(350,'Quý cô Yến Đặng','7500950505',NULL),(351,'Quang Dương','7244471434',NULL),(352,'Minh Phạm','2952987046',NULL),(353,'Quý ông Nam Nguyễn','1717667021',NULL),(354,'Bác Châu Dương','5519793568',NULL),(355,'Trung Hoàng Mai','2575788554',NULL),(356,'Phúc Thị Phạm','0945134618',NULL),(357,'Quang Lê','0841033647',NULL),(358,'Cô Xuân Lê','3720901718',NULL),(359,'Quý cô Thảo Lê','4332566586',NULL),(360,'Cô Hương Đặng','7341214250',NULL),(361,'Cô Ngọc Dương','9438297368',NULL),(362,'Nam Thế Trần','7835496356',NULL),(363,'Bảo Trí Lê','3059523932',NULL),(364,'Kim Thế Hoàng','0813530946',NULL),(365,'Nhật Hải Hoàng','8303923798',NULL),(366,'Phương Tấn Mai','3219634328',NULL),(367,'Thành Mai','7406901347',NULL),(368,'Huy Tấn Mai','5173351301',NULL),(369,'Thành Trí Bùi','3532027622',NULL),(370,'Dũng Văn Nguyễn','8225669167',NULL),(371,'Thảo Lê','5811958387',NULL),(372,'Hạnh Phú Nguyễn','4616588686',NULL),(373,'Cô Nhật Dương','0210666184',NULL),(374,'Phương Trí Bùi','1260455213',NULL),(375,'Hà Đức Vũ','9787436857',NULL),(376,'Bác Trọng Bùi','7019367494',NULL),(377,'Quang Đức Bùi','2352235777',NULL),(378,'Tú Bùi','1315912993',NULL),(379,'Ông Vũ Đặng','1202111225',NULL),(380,'Bác Nhiên Mai','4082040562',NULL),(381,'Quý ông Khoa Lê','3136893356',NULL),(382,'Minh Phạm','9791032175',NULL),(383,'Bà Dương Lê','8487644205',NULL),(384,'Tùng Lê','4765335273',NULL),(385,'Phương Hoàng','8785141513',NULL),(386,'Chị Kim Bùi','0685557209',NULL),(387,'Hưng Hoàng Hoàng','0007428911',NULL),(388,'Cô Phương Mai','3786408441',NULL),(389,'Anh Đặng','4809772962',NULL),(390,'Khoa Hữu Bùi','0795166854',NULL),(391,'Quý ông Hưng Vũ','2995950357',NULL),(392,'Kim Hoàng','3457933774',NULL),(393,'Nhật Vũ','2200993386',NULL),(394,'Hải Đức Bùi','4446409567',NULL),(395,'Quý cô Hà Hoàng','0203480495',NULL),(396,'Quang Bảo Lê','8080431906',NULL),(397,'Nam Hoàng','1989318775',NULL),(398,'Khoa Bùi','8003271389',NULL),(399,'Tú Văn Nguyễn','8428711026',NULL),(400,'Hải Mai Bảo Bùi','0478643994',NULL),(401,'Lan Vũ','8510858849',NULL),(402,'Bà Linh Hoàng','6137088067',NULL),(403,'Trung Văn Vũ','7548318754',NULL),(404,'Anh Dũng Nguyễn','5749018870',NULL),(405,'Bác Hoàng Vũ','6377049122',NULL),(406,'Kim Thế Lê','8719583728',NULL),(407,'Minh Mai Vũ','9603884503',NULL),(408,'Vân Bùi','9941909084',NULL),(409,'Thành Trần','7280568405',NULL),(410,'An Xuân Đặng','0942935841',NULL),(411,'Dương Hoàng','7530828416',NULL),(412,'Bảo Thế Vũ','9550011973',NULL),(413,'Quý ông Anh Đặng','0700973061',NULL),(414,'Cô Khoa Lê','7169614426',NULL),(415,'Quý ông Hoàng Hoàng','2785454564',NULL),(416,'Chị Phương Mai','1241867205',NULL),(417,'Tùng Trí Trần','1252782354',NULL),(418,'Cô Yến Đặng','4388784084',NULL),(419,'Xuân Phạm','8954086655',NULL),(420,'Hồng Hoàng','6214863777',NULL),(421,'Yến Bùi','0958277879',NULL),(422,'Hương Hoàng','1887126156',NULL),(423,'Cô Duyên Bùi','7687306591',NULL),(424,'Hà Bùi','1803745635',NULL),(425,'Phương Hoàng Đặng','1407225767',NULL),(426,'Bà Vân Hoàng','4882652874',NULL),(427,'Anh Vũ Đặng','5998264585',NULL),(428,'Dũng Nguyễn','3726893611',NULL),(429,'Ánh Mai','6717962684',NULL),(430,'Khoa Đặng','1251409407',NULL),(431,'Nhật Lê','6317846921',NULL),(432,'Quang Bùi','7151430924',NULL),(433,'Chị Xuân Phạm','4910896867',NULL),(434,'Trung Trí Nguyễn','9564218272',NULL),(435,'Cô Nhật Nguyễn','6231849003',NULL),(436,'Chị Khoa Vũ','8803847513',NULL),(437,'Thảo Nguyễn','0976710113',NULL),(438,'Khoa Lê','1624304031',NULL),(439,'Dũng Hoàng','3317898174',NULL),(440,'Quý cô Phương Nguyễn','1057819504',NULL),(441,'Bà Lâm Vũ','4593840438',NULL),(442,'Phương Bảo Trần','6305264037',NULL),(443,'Khoa Dương','5086638633',NULL),(444,'Ông Châu Trần','7585332009',NULL),(445,'Chị Lâm Phạm','9612859572',NULL),(446,'Tú Mai','0935562456',NULL),(447,'Quang Xuân Trần','9581299278',NULL),(448,'Kim Phạm','1679741601',NULL),(449,'Chị Khoa Hoàng','2767331054',NULL),(450,'Khoa Trần','8312930330',NULL),(451,'Cô Vi Lê','0005820686',NULL),(452,'Cô Mai Đặng','8233454543',NULL),(453,'Quý ông Hưng Trần','2015821350',NULL),(454,'Duyên Nguyễn','8899804402',NULL),(455,'Cô Nhật Nguyễn','8443749535',NULL),(456,'Phúc Đặng','2410631144',NULL),(457,'Thành Tấn Vũ','1188709151',NULL),(458,'Châu Hải Mai','8928162937',NULL),(459,'Quý cô Phương Vũ','7403982744',NULL),(460,'Lâm Đặng','1813820217',NULL),(461,'Nhật Dương','1324850423',NULL),(462,'Vân Nguyễn','2940028240',NULL),(463,'Trọng Quang Mai','0918394654',NULL),(464,'Nhật Phạm','3177034213',NULL),(465,'Thành Mai','5265145558',NULL),(466,'Hải Mai Bảo Trần','4316857881',NULL),(467,'Anh Thành Hoàng','7502396102',NULL),(468,'Thành Phạm','0674732962',NULL),(469,'Bà Yến Mai','9197448281',NULL),(470,'Khoa Vũ','4824553598',NULL),(471,'Bảo Thị Vũ','9507037137',NULL),(472,'Bà Hương Mai','1001269367',NULL),(473,'Nhật Hoàng','8380091979',NULL),(474,'Hải Lê','8214184237',NULL),(475,'Vi Phạm','0755741052',NULL),(476,'Chị Chi Trần','8819791861',NULL),(477,'Kim Bùi','7745624455',NULL),(478,'Quang Phạm','7769567791',NULL),(479,'Ông Trọng Mai','9080706031',NULL),(480,'Chị Kim Vũ','8548772957',NULL),(481,'Khoa Đức Dương','2322718853',NULL),(482,'An Hữu Lê','4384284513',NULL),(483,'Chị An Đặng','2597044447',NULL),(484,'Quý ông Quang Đặng','2930579031',NULL),(485,'Lâm Dương','2832889646',NULL),(486,'Quý ông Khoa Trần','0984208247',NULL),(487,'Bảo Đức Mai','4342281419',NULL),(488,'Quang Phạm','8591331466',NULL),(489,'An Mai Trần','2598531140',NULL),(490,'Trọng Mai Bảo Bùi','4861532210',NULL),(491,'Hạnh Mai','8388027165',NULL),(492,'Lâm Bùi','0053754300',NULL),(493,'Cô Thành Lê','6926364589',NULL),(494,'Nhật Thế Trần','5090105019',NULL),(495,'Quý cô Bảo Nguyễn','3340788644',NULL),(496,'Quang Quang Bùi','2099362483',NULL),(497,'Quý cô Yến Trần','8374747532',NULL),(498,'Vũ Đặng','0573539896',NULL),(499,'Cô Thành Mai','8923176121',NULL),(500,'Xuân Bùi','6287255668',NULL),(501,'Khoa Vũ','9712882015',NULL),(502,'An Trí Trần','3093640995',NULL),(503,'Kim Mai','8197715046',NULL),(504,'Mai Phạm','3120835232',NULL),(505,'Bảo Đặng','8539062470',NULL),(506,'Khoa Hoàng','5379193914',NULL),(507,'Bà Thảo Nguyễn','5550035882',NULL),(508,'Ông Tú Vũ','0034853412',NULL),(509,'Hải Quang Lê','3538585886',NULL),(510,'Quang Mai Vũ','4729165289',NULL);
/*!40000 ALTER TABLE `customers` ENABLE KEYS */;
UNLOCK TABLES;

--
-- Table structure for table `genres`
--

DROP TABLE IF EXISTS `genres`;
/*!40101 SET @saved_cs_client     = @@character_set_client */;
/*!50503 SET character_set_client = utf8mb4 */;
CREATE TABLE `genres` (
  `GenreID` int NOT NULL AUTO_INCREMENT,
  `GenreName` varchar(50) NOT NULL,
  PRIMARY KEY (`GenreID`),
  UNIQUE KEY `GenreName` (`GenreName`)
) ENGINE=InnoDB AUTO_INCREMENT=14 DEFAULT CHARSET=utf8mb4 COLLATE=utf8mb4_0900_ai_ci;
/*!40101 SET character_set_client = @saved_cs_client */;

--
-- Dumping data for table `genres`
--

LOCK TABLES `genres` WRITE;
/*!40000 ALTER TABLE `genres` DISABLE KEYS */;
INSERT INTO `genres` VALUES (1,'Action'),(2,'Adventure'),(3,'Animation'),(4,'Comedy'),(5,'Crime'),(6,'Drama'),(7,'Fantasy'),(8,'History'),(9,'Horror'),(10,'Romance'),(11,'Sci-Fi'),(12,'Thriller');
/*!40000 ALTER TABLE `genres` ENABLE KEYS */;
UNLOCK TABLES;

--
-- Table structure for table `logs`
--

DROP TABLE IF EXISTS `logs`;
/*!40101 SET @saved_cs_client     = @@character_set_client */;
/*!50503 SET character_set_client = utf8mb4 */;
CREATE TABLE `logs` (
  `LogID` int NOT NULL AUTO_INCREMENT,
  `LogTimestamp` timestamp NULL DEFAULT CURRENT_TIMESTAMP,
  `AccountID` int DEFAULT NULL,
  `ActionType` varchar(50) NOT NULL,
  `TableName` varchar(50) NOT NULL,
  `LogDetails` text,
  PRIMARY KEY (`LogID`),
  KEY `AccountID` (`AccountID`),
  CONSTRAINT `logs_ibfk_1` FOREIGN KEY (`AccountID`) REFERENCES `accounts` (`AccountID`) ON DELETE SET NULL
) ENGINE=InnoDB AUTO_INCREMENT=612 DEFAULT CHARSET=utf8mb4 COLLATE=utf8mb4_0900_ai_ci;
/*!40101 SET character_set_client = @saved_cs_client */;

--
-- Dumping data for table `logs`
--

LOCK TABLES `logs` WRITE;
/*!40000 ALTER TABLE `logs` DISABLE KEYS */;
INSERT INTO `logs` VALUES (1,'2026-05-02 18:43:52',NULL,'INSERT','tickets','New ticket issued: ID 1, Screening: 6, Price: $160000.00'),(2,'2026-05-02 18:43:52',NULL,'INSERT','tickets','New ticket issued: ID 2, Screening: 38, Price: $200000.00'),(3,'2026-05-02 18:43:52',NULL,'INSERT','tickets','New ticket issued: ID 3, Screening: 356, Price: $110000.00'),(4,'2026-05-02 18:43:52',NULL,'INSERT','tickets','New ticket issued: ID 4, Screening: 20, Price: $130000.00'),(5,'2026-05-02 18:43:52',NULL,'INSERT','tickets','New ticket issued: ID 5, Screening: 279, Price: $130000.00'),(6,'2026-05-02 18:43:52',NULL,'INSERT','tickets','New ticket issued: ID 6, Screening: 429, Price: $150000.00'),(7,'2026-05-02 18:43:52',NULL,'INSERT','tickets','New ticket issued: ID 7, Screening: 145, Price: $75000.00'),(8,'2026-05-02 18:43:52',NULL,'INSERT','tickets','New ticket issued: ID 8, Screening: 275, Price: $75000.00'),(9,'2026-05-02 18:43:52',NULL,'INSERT','tickets','New ticket issued: ID 9, Screening: 505, Price: $160000.00'),(10,'2026-05-02 18:43:52',NULL,'INSERT','tickets','New ticket issued: ID 10, Screening: 329, Price: $110000.00'),(11,'2026-05-02 18:43:52',NULL,'INSERT','tickets','New ticket issued: ID 11, Screening: 15, Price: $150000.00'),(12,'2026-05-02 18:43:52',NULL,'INSERT','tickets','New ticket issued: ID 12, Screening: 427, Price: $130000.00'),(13,'2026-05-02 18:43:52',NULL,'INSERT','tickets','New ticket issued: ID 13, Screening: 60, Price: $200000.00'),(14,'2026-05-02 18:43:52',NULL,'INSERT','tickets','New ticket issued: ID 14, Screening: 442, Price: $110000.00'),(15,'2026-05-02 18:43:52',NULL,'INSERT','tickets','New ticket issued: ID 15, Screening: 286, Price: $150000.00'),(16,'2026-05-02 18:43:52',NULL,'INSERT','tickets','New ticket issued: ID 16, Screening: 366, Price: $160000.00'),(17,'2026-05-02 18:43:52',NULL,'INSERT','tickets','New ticket issued: ID 17, Screening: 382, Price: $130000.00'),(18,'2026-05-02 18:43:52',NULL,'INSERT','tickets','New ticket issued: ID 18, Screening: 348, Price: $160000.00'),(19,'2026-05-02 18:43:52',NULL,'INSERT','tickets','New ticket issued: ID 19, Screening: 396, Price: $110000.00'),(20,'2026-05-02 18:43:52',NULL,'INSERT','tickets','New ticket issued: ID 20, Screening: 9, Price: $125000.00'),(21,'2026-05-02 18:43:52',NULL,'INSERT','tickets','New ticket issued: ID 21, Screening: 299, Price: $75000.00'),(22,'2026-05-02 18:43:52',NULL,'INSERT','tickets','New ticket issued: ID 22, Screening: 178, Price: $110000.00'),(23,'2026-05-02 18:43:52',NULL,'INSERT','tickets','New ticket issued: ID 23, Screening: 503, Price: $130000.00'),(24,'2026-05-02 18:43:52',NULL,'INSERT','tickets','New ticket issued: ID 24, Screening: 103, Price: $110000.00'),(25,'2026-05-02 18:43:52',NULL,'INSERT','tickets','New ticket issued: ID 25, Screening: 156, Price: $200000.00'),(26,'2026-05-02 18:43:52',NULL,'INSERT','tickets','New ticket issued: ID 26, Screening: 359, Price: $160000.00'),(27,'2026-05-02 18:43:52',NULL,'INSERT','tickets','New ticket issued: ID 27, Screening: 295, Price: $75000.00'),(28,'2026-05-02 18:43:52',NULL,'INSERT','tickets','New ticket issued: ID 28, Screening: 349, Price: $130000.00'),(29,'2026-05-02 18:43:52',NULL,'INSERT','tickets','New ticket issued: ID 29, Screening: 202, Price: $160000.00'),(30,'2026-05-02 18:43:52',NULL,'INSERT','tickets','New ticket issued: ID 30, Screening: 300, Price: $110000.00'),(31,'2026-05-02 18:43:52',NULL,'INSERT','tickets','New ticket issued: ID 31, Screening: 205, Price: $125000.00'),(32,'2026-05-02 18:43:52',NULL,'INSERT','tickets','New ticket issued: ID 32, Screening: 400, Price: $110000.00'),(33,'2026-05-02 18:43:52',NULL,'INSERT','tickets','New ticket issued: ID 33, Screening: 373, Price: $110000.00'),(34,'2026-05-02 18:43:52',NULL,'INSERT','tickets','New ticket issued: ID 34, Screening: 88, Price: $130000.00'),(35,'2026-05-02 18:43:52',NULL,'INSERT','tickets','New ticket issued: ID 35, Screening: 314, Price: $125000.00'),(36,'2026-05-02 18:43:52',NULL,'INSERT','tickets','New ticket issued: ID 36, Screening: 151, Price: $75000.00'),(37,'2026-05-02 18:43:52',NULL,'INSERT','tickets','New ticket issued: ID 37, Screening: 57, Price: $95000.00'),(38,'2026-05-02 18:43:52',NULL,'INSERT','tickets','New ticket issued: ID 38, Screening: 274, Price: $75000.00'),(39,'2026-05-02 18:43:52',NULL,'INSERT','tickets','New ticket issued: ID 39, Screening: 222, Price: $160000.00'),(40,'2026-05-02 18:43:52',NULL,'INSERT','tickets','New ticket issued: ID 40, Screening: 253, Price: $130000.00'),(41,'2026-05-02 18:43:52',NULL,'INSERT','tickets','New ticket issued: ID 41, Screening: 57, Price: $130000.00'),(42,'2026-05-02 18:43:52',NULL,'INSERT','tickets','New ticket issued: ID 42, Screening: 203, Price: $160000.00'),(43,'2026-05-02 18:43:52',NULL,'INSERT','tickets','New ticket issued: ID 43, Screening: 317, Price: $170000.00'),(44,'2026-05-02 18:43:52',NULL,'INSERT','tickets','New ticket issued: ID 44, Screening: 173, Price: $160000.00'),(45,'2026-05-02 18:43:52',NULL,'INSERT','tickets','New ticket issued: ID 45, Screening: 286, Price: $110000.00'),(46,'2026-05-02 18:43:52',NULL,'INSERT','tickets','New ticket issued: ID 46, Screening: 471, Price: $130000.00'),(47,'2026-05-02 18:43:52',NULL,'INSERT','tickets','New ticket issued: ID 47, Screening: 29, Price: $110000.00'),(48,'2026-05-02 18:43:52',NULL,'INSERT','tickets','New ticket issued: ID 48, Screening: 95, Price: $125000.00'),(49,'2026-05-02 18:43:52',NULL,'INSERT','tickets','New ticket issued: ID 49, Screening: 328, Price: $160000.00'),(50,'2026-05-02 18:43:52',NULL,'INSERT','tickets','New ticket issued: ID 50, Screening: 416, Price: $160000.00'),(51,'2026-05-02 18:43:52',NULL,'INSERT','tickets','New ticket issued: ID 51, Screening: 218, Price: $130000.00'),(52,'2026-05-02 18:43:52',NULL,'INSERT','tickets','New ticket issued: ID 52, Screening: 102, Price: $110000.00'),(53,'2026-05-02 18:43:52',NULL,'INSERT','tickets','New ticket issued: ID 53, Screening: 3, Price: $130000.00'),(54,'2026-05-02 18:43:52',NULL,'INSERT','tickets','New ticket issued: ID 54, Screening: 288, Price: $170000.00'),(55,'2026-05-02 18:43:52',NULL,'INSERT','tickets','New ticket issued: ID 55, Screening: 188, Price: $160000.00'),(56,'2026-05-02 18:43:52',NULL,'INSERT','tickets','New ticket issued: ID 56, Screening: 6, Price: $160000.00'),(57,'2026-05-02 18:43:52',NULL,'INSERT','tickets','New ticket issued: ID 57, Screening: 105, Price: $130000.00'),(58,'2026-05-02 18:43:52',NULL,'INSERT','tickets','New ticket issued: ID 58, Screening: 262, Price: $130000.00'),(59,'2026-05-02 18:43:52',NULL,'INSERT','tickets','New ticket issued: ID 59, Screening: 354, Price: $110000.00'),(60,'2026-05-02 18:43:52',NULL,'INSERT','tickets','New ticket issued: ID 60, Screening: 399, Price: $170000.00'),(61,'2026-05-02 18:43:52',NULL,'INSERT','tickets','New ticket issued: ID 61, Screening: 283, Price: $130000.00'),(62,'2026-05-02 18:43:52',NULL,'INSERT','tickets','New ticket issued: ID 62, Screening: 376, Price: $160000.00'),(63,'2026-05-02 18:43:52',NULL,'INSERT','tickets','New ticket issued: ID 63, Screening: 290, Price: $150000.00'),(64,'2026-05-02 18:43:52',NULL,'INSERT','tickets','New ticket issued: ID 64, Screening: 420, Price: $95000.00'),(65,'2026-05-02 18:43:52',NULL,'INSERT','tickets','New ticket issued: ID 65, Screening: 33, Price: $130000.00'),(66,'2026-05-02 18:43:52',NULL,'INSERT','tickets','New ticket issued: ID 66, Screening: 324, Price: $110000.00'),(67,'2026-05-02 18:43:52',NULL,'INSERT','tickets','New ticket issued: ID 67, Screening: 249, Price: $110000.00'),(68,'2026-05-02 18:43:52',NULL,'INSERT','tickets','New ticket issued: ID 68, Screening: 195, Price: $130000.00'),(69,'2026-05-02 18:43:52',NULL,'INSERT','tickets','New ticket issued: ID 69, Screening: 115, Price: $160000.00'),(70,'2026-05-02 18:43:52',NULL,'INSERT','tickets','New ticket issued: ID 70, Screening: 70, Price: $130000.00'),(71,'2026-05-02 18:43:52',NULL,'INSERT','tickets','New ticket issued: ID 71, Screening: 6, Price: $160000.00'),(72,'2026-05-02 18:43:52',NULL,'INSERT','tickets','New ticket issued: ID 72, Screening: 123, Price: $160000.00'),(73,'2026-05-02 18:43:52',NULL,'INSERT','tickets','New ticket issued: ID 73, Screening: 335, Price: $110000.00'),(74,'2026-05-02 18:43:52',NULL,'INSERT','tickets','New ticket issued: ID 74, Screening: 127, Price: $160000.00'),(75,'2026-05-02 18:43:52',NULL,'INSERT','tickets','New ticket issued: ID 75, Screening: 72, Price: $160000.00'),(76,'2026-05-02 18:43:52',NULL,'INSERT','tickets','New ticket issued: ID 76, Screening: 74, Price: $95000.00'),(77,'2026-05-02 18:43:52',NULL,'INSERT','tickets','New ticket issued: ID 77, Screening: 330, Price: $150000.00'),(78,'2026-05-02 18:43:52',NULL,'INSERT','tickets','New ticket issued: ID 78, Screening: 456, Price: $125000.00'),(79,'2026-05-02 18:43:52',NULL,'INSERT','tickets','New ticket issued: ID 79, Screening: 453, Price: $125000.00'),(80,'2026-05-02 18:43:52',NULL,'INSERT','tickets','New ticket issued: ID 80, Screening: 145, Price: $110000.00'),(81,'2026-05-02 18:43:52',NULL,'INSERT','tickets','New ticket issued: ID 81, Screening: 112, Price: $160000.00'),(82,'2026-05-02 18:43:52',NULL,'INSERT','tickets','New ticket issued: ID 82, Screening: 230, Price: $110000.00'),(83,'2026-05-02 18:43:52',NULL,'INSERT','tickets','New ticket issued: ID 83, Screening: 305, Price: $110000.00'),(84,'2026-05-02 18:43:52',NULL,'INSERT','tickets','New ticket issued: ID 84, Screening: 129, Price: $130000.00'),(85,'2026-05-02 18:43:52',NULL,'INSERT','tickets','New ticket issued: ID 85, Screening: 218, Price: $95000.00'),(86,'2026-05-02 18:43:52',NULL,'INSERT','tickets','New ticket issued: ID 86, Screening: 179, Price: $110000.00'),(87,'2026-05-02 18:43:52',NULL,'INSERT','tickets','New ticket issued: ID 87, Screening: 83, Price: $130000.00'),(88,'2026-05-02 18:43:52',NULL,'INSERT','tickets','New ticket issued: ID 88, Screening: 321, Price: $200000.00'),(89,'2026-05-02 18:43:52',NULL,'INSERT','tickets','New ticket issued: ID 89, Screening: 490, Price: $160000.00'),(90,'2026-05-02 18:43:52',NULL,'INSERT','tickets','New ticket issued: ID 90, Screening: 321, Price: $200000.00'),(91,'2026-05-02 18:43:52',NULL,'INSERT','tickets','New ticket issued: ID 91, Screening: 131, Price: $110000.00'),(92,'2026-05-02 18:43:52',NULL,'INSERT','tickets','New ticket issued: ID 92, Screening: 135, Price: $110000.00'),(93,'2026-05-02 18:43:52',NULL,'INSERT','tickets','New ticket issued: ID 93, Screening: 339, Price: $130000.00'),(94,'2026-05-02 18:43:52',NULL,'INSERT','tickets','New ticket issued: ID 94, Screening: 137, Price: $110000.00'),(95,'2026-05-02 18:43:52',NULL,'INSERT','tickets','New ticket issued: ID 95, Screening: 20, Price: $95000.00'),(96,'2026-05-02 18:43:52',NULL,'INSERT','tickets','New ticket issued: ID 96, Screening: 43, Price: $160000.00'),(97,'2026-05-02 18:43:52',NULL,'INSERT','tickets','New ticket issued: ID 97, Screening: 217, Price: $160000.00'),(98,'2026-05-02 18:43:52',NULL,'INSERT','tickets','New ticket issued: ID 98, Screening: 26, Price: $110000.00'),(99,'2026-05-02 18:43:52',NULL,'INSERT','tickets','New ticket issued: ID 99, Screening: 387, Price: $125000.00'),(100,'2026-05-02 18:43:52',NULL,'INSERT','tickets','New ticket issued: ID 100, Screening: 479, Price: $150000.00'),(101,'2026-05-02 18:43:52',NULL,'INSERT','tickets','New ticket issued: ID 101, Screening: 57, Price: $170000.00'),(102,'2026-05-02 18:43:52',NULL,'INSERT','tickets','New ticket issued: ID 102, Screening: 33, Price: $130000.00'),(103,'2026-05-02 18:43:52',NULL,'INSERT','tickets','New ticket issued: ID 103, Screening: 478, Price: $130000.00'),(104,'2026-05-02 18:43:52',NULL,'INSERT','tickets','New ticket issued: ID 104, Screening: 474, Price: $170000.00'),(105,'2026-05-02 18:43:52',NULL,'INSERT','tickets','New ticket issued: ID 105, Screening: 160, Price: $150000.00'),(106,'2026-05-02 18:43:52',NULL,'INSERT','tickets','New ticket issued: ID 106, Screening: 38, Price: $160000.00'),(107,'2026-05-02 18:43:52',NULL,'INSERT','tickets','New ticket issued: ID 107, Screening: 53, Price: $110000.00'),(108,'2026-05-02 18:43:52',NULL,'INSERT','tickets','New ticket issued: ID 108, Screening: 162, Price: $130000.00'),(109,'2026-05-02 18:43:52',NULL,'INSERT','tickets','New ticket issued: ID 109, Screening: 90, Price: $200000.00'),(110,'2026-05-02 18:43:52',NULL,'INSERT','tickets','New ticket issued: ID 110, Screening: 90, Price: $160000.00'),(111,'2026-05-02 18:43:52',NULL,'INSERT','tickets','New ticket issued: ID 111, Screening: 175, Price: $130000.00'),(112,'2026-05-02 18:43:52',NULL,'INSERT','tickets','New ticket issued: ID 112, Screening: 505, Price: $160000.00'),(113,'2026-05-02 18:43:52',NULL,'INSERT','tickets','New ticket issued: ID 113, Screening: 265, Price: $150000.00'),(114,'2026-05-02 18:43:52',NULL,'INSERT','tickets','New ticket issued: ID 114, Screening: 330, Price: $150000.00'),(115,'2026-05-02 18:43:52',NULL,'INSERT','tickets','New ticket issued: ID 115, Screening: 175, Price: $95000.00'),(116,'2026-05-02 18:43:52',NULL,'INSERT','tickets','New ticket issued: ID 116, Screening: 174, Price: $110000.00'),(117,'2026-05-02 18:43:52',NULL,'INSERT','tickets','New ticket issued: ID 117, Screening: 206, Price: $200000.00'),(118,'2026-05-02 18:43:52',NULL,'INSERT','tickets','New ticket issued: ID 118, Screening: 61, Price: $160000.00'),(119,'2026-05-02 18:43:52',NULL,'INSERT','tickets','New ticket issued: ID 119, Screening: 170, Price: $160000.00'),(120,'2026-05-02 18:43:52',NULL,'INSERT','tickets','New ticket issued: ID 120, Screening: 368, Price: $110000.00'),(121,'2026-05-02 18:43:52',NULL,'INSERT','tickets','New ticket issued: ID 121, Screening: 342, Price: $75000.00'),(122,'2026-05-02 18:43:52',NULL,'INSERT','tickets','New ticket issued: ID 122, Screening: 449, Price: $160000.00'),(123,'2026-05-02 18:43:52',NULL,'INSERT','tickets','New ticket issued: ID 123, Screening: 304, Price: $110000.00'),(124,'2026-05-02 18:43:52',NULL,'INSERT','tickets','New ticket issued: ID 124, Screening: 455, Price: $160000.00'),(125,'2026-05-02 18:43:52',NULL,'INSERT','tickets','New ticket issued: ID 125, Screening: 459, Price: $170000.00'),(126,'2026-05-02 18:43:52',NULL,'INSERT','tickets','New ticket issued: ID 126, Screening: 211, Price: $110000.00'),(127,'2026-05-02 18:43:52',NULL,'INSERT','tickets','New ticket issued: ID 127, Screening: 313, Price: $160000.00'),(128,'2026-05-02 18:43:52',NULL,'INSERT','tickets','New ticket issued: ID 128, Screening: 317, Price: $130000.00'),(129,'2026-05-02 18:43:52',NULL,'INSERT','tickets','New ticket issued: ID 129, Screening: 89, Price: $200000.00'),(130,'2026-05-02 18:43:52',NULL,'INSERT','tickets','New ticket issued: ID 130, Screening: 283, Price: $130000.00'),(131,'2026-05-02 18:43:52',NULL,'INSERT','tickets','New ticket issued: ID 131, Screening: 140, Price: $150000.00'),(132,'2026-05-02 18:43:52',NULL,'INSERT','tickets','New ticket issued: ID 132, Screening: 59, Price: $130000.00'),(133,'2026-05-02 18:43:52',NULL,'INSERT','tickets','New ticket issued: ID 133, Screening: 341, Price: $125000.00'),(134,'2026-05-02 18:43:52',NULL,'INSERT','tickets','New ticket issued: ID 134, Screening: 282, Price: $170000.00'),(135,'2026-05-02 18:43:52',NULL,'INSERT','tickets','New ticket issued: ID 135, Screening: 388, Price: $150000.00'),(136,'2026-05-02 18:43:52',NULL,'INSERT','tickets','New ticket issued: ID 136, Screening: 179, Price: $110000.00'),(137,'2026-05-02 18:43:52',NULL,'INSERT','tickets','New ticket issued: ID 137, Screening: 263, Price: $95000.00'),(138,'2026-05-02 18:43:52',NULL,'INSERT','tickets','New ticket issued: ID 138, Screening: 121, Price: $110000.00'),(139,'2026-05-02 18:43:52',NULL,'INSERT','tickets','New ticket issued: ID 139, Screening: 397, Price: $110000.00'),(140,'2026-05-02 18:43:52',NULL,'INSERT','tickets','New ticket issued: ID 140, Screening: 161, Price: $110000.00'),(141,'2026-05-02 18:43:52',NULL,'INSERT','tickets','New ticket issued: ID 141, Screening: 376, Price: $160000.00'),(142,'2026-05-02 18:43:52',NULL,'INSERT','tickets','New ticket issued: ID 142, Screening: 478, Price: $130000.00'),(143,'2026-05-02 18:43:52',NULL,'INSERT','tickets','New ticket issued: ID 143, Screening: 103, Price: $150000.00'),(144,'2026-05-02 18:43:52',NULL,'INSERT','tickets','New ticket issued: ID 144, Screening: 208, Price: $110000.00'),(145,'2026-05-02 18:43:52',NULL,'INSERT','tickets','New ticket issued: ID 145, Screening: 157, Price: $130000.00'),(146,'2026-05-02 18:43:52',NULL,'INSERT','tickets','New ticket issued: ID 146, Screening: 90, Price: $160000.00'),(147,'2026-05-02 18:43:52',NULL,'INSERT','tickets','New ticket issued: ID 147, Screening: 474, Price: $130000.00'),(148,'2026-05-02 18:43:52',NULL,'INSERT','tickets','New ticket issued: ID 148, Screening: 230, Price: $110000.00'),(149,'2026-05-02 18:43:52',NULL,'INSERT','tickets','New ticket issued: ID 149, Screening: 107, Price: $130000.00'),(150,'2026-05-02 18:43:52',NULL,'INSERT','tickets','New ticket issued: ID 150, Screening: 347, Price: $160000.00'),(151,'2026-05-02 18:43:52',NULL,'INSERT','tickets','New ticket issued: ID 151, Screening: 216, Price: $75000.00'),(152,'2026-05-02 18:43:52',NULL,'INSERT','tickets','New ticket issued: ID 152, Screening: 471, Price: $170000.00'),(153,'2026-05-02 18:43:52',NULL,'INSERT','tickets','New ticket issued: ID 153, Screening: 242, Price: $160000.00'),(154,'2026-05-02 18:43:52',NULL,'INSERT','tickets','New ticket issued: ID 154, Screening: 248, Price: $170000.00'),(155,'2026-05-02 18:43:52',NULL,'INSERT','tickets','New ticket issued: ID 155, Screening: 186, Price: $130000.00'),(156,'2026-05-02 18:43:52',NULL,'INSERT','tickets','New ticket issued: ID 156, Screening: 436, Price: $75000.00'),(157,'2026-05-02 18:43:52',NULL,'INSERT','tickets','New ticket issued: ID 157, Screening: 72, Price: $200000.00'),(158,'2026-05-02 18:43:52',NULL,'INSERT','tickets','New ticket issued: ID 158, Screening: 371, Price: $160000.00'),(159,'2026-05-02 18:43:52',NULL,'INSERT','tickets','New ticket issued: ID 159, Screening: 384, Price: $110000.00'),(160,'2026-05-02 18:43:52',NULL,'INSERT','tickets','New ticket issued: ID 160, Screening: 141, Price: $200000.00'),(161,'2026-05-02 18:43:52',NULL,'INSERT','tickets','New ticket issued: ID 161, Screening: 376, Price: $200000.00'),(162,'2026-05-02 18:43:52',NULL,'INSERT','tickets','New ticket issued: ID 162, Screening: 486, Price: $160000.00'),(163,'2026-05-02 18:43:52',NULL,'INSERT','tickets','New ticket issued: ID 163, Screening: 226, Price: $170000.00'),(164,'2026-05-02 18:43:52',NULL,'INSERT','tickets','New ticket issued: ID 164, Screening: 197, Price: $130000.00'),(165,'2026-05-02 18:43:52',NULL,'INSERT','tickets','New ticket issued: ID 165, Screening: 430, Price: $200000.00'),(166,'2026-05-02 18:43:52',NULL,'INSERT','tickets','New ticket issued: ID 166, Screening: 16, Price: $160000.00'),(167,'2026-05-02 18:43:52',NULL,'INSERT','tickets','New ticket issued: ID 167, Screening: 450, Price: $110000.00'),(168,'2026-05-02 18:43:52',NULL,'INSERT','tickets','New ticket issued: ID 168, Screening: 146, Price: $130000.00'),(169,'2026-05-02 18:43:52',NULL,'INSERT','tickets','New ticket issued: ID 169, Screening: 396, Price: $110000.00'),(170,'2026-05-02 18:43:52',NULL,'INSERT','tickets','New ticket issued: ID 170, Screening: 378, Price: $160000.00'),(171,'2026-05-02 18:43:52',NULL,'INSERT','tickets','New ticket issued: ID 171, Screening: 312, Price: $125000.00'),(172,'2026-05-02 18:43:52',NULL,'INSERT','tickets','New ticket issued: ID 172, Screening: 248, Price: $170000.00'),(173,'2026-05-02 18:43:52',NULL,'INSERT','tickets','New ticket issued: ID 173, Screening: 104, Price: $95000.00'),(174,'2026-05-02 18:43:52',NULL,'INSERT','tickets','New ticket issued: ID 174, Screening: 221, Price: $160000.00'),(175,'2026-05-02 18:43:52',NULL,'INSERT','tickets','New ticket issued: ID 175, Screening: 219, Price: $150000.00'),(176,'2026-05-02 18:43:52',NULL,'INSERT','tickets','New ticket issued: ID 176, Screening: 116, Price: $170000.00'),(177,'2026-05-02 18:43:52',NULL,'INSERT','tickets','New ticket issued: ID 177, Screening: 116, Price: $95000.00'),(178,'2026-05-02 18:43:52',NULL,'INSERT','tickets','New ticket issued: ID 178, Screening: 503, Price: $170000.00'),(179,'2026-05-02 18:43:52',NULL,'INSERT','tickets','New ticket issued: ID 179, Screening: 19, Price: $170000.00'),(180,'2026-05-02 18:43:52',NULL,'INSERT','tickets','New ticket issued: ID 180, Screening: 22, Price: $160000.00'),(181,'2026-05-02 18:43:52',NULL,'INSERT','tickets','New ticket issued: ID 181, Screening: 141, Price: $160000.00'),(182,'2026-05-02 18:43:52',NULL,'INSERT','tickets','New ticket issued: ID 182, Screening: 321, Price: $160000.00'),(183,'2026-05-02 18:43:52',NULL,'INSERT','tickets','New ticket issued: ID 183, Screening: 45, Price: $130000.00'),(184,'2026-05-02 18:43:52',NULL,'INSERT','tickets','New ticket issued: ID 184, Screening: 411, Price: $150000.00'),(185,'2026-05-02 18:43:52',NULL,'INSERT','tickets','New ticket issued: ID 185, Screening: 103, Price: $110000.00'),(186,'2026-05-02 18:43:52',NULL,'INSERT','tickets','New ticket issued: ID 186, Screening: 199, Price: $200000.00'),(187,'2026-05-02 18:43:52',NULL,'INSERT','tickets','New ticket issued: ID 187, Screening: 479, Price: $110000.00'),(188,'2026-05-02 18:43:52',NULL,'INSERT','tickets','New ticket issued: ID 188, Screening: 223, Price: $110000.00'),(189,'2026-05-02 18:43:52',NULL,'INSERT','tickets','New ticket issued: ID 189, Screening: 479, Price: $110000.00'),(190,'2026-05-02 18:43:52',NULL,'INSERT','tickets','New ticket issued: ID 190, Screening: 100, Price: $125000.00'),(191,'2026-05-02 18:43:52',NULL,'INSERT','tickets','New ticket issued: ID 191, Screening: 248, Price: $130000.00'),(192,'2026-05-02 18:43:52',NULL,'INSERT','tickets','New ticket issued: ID 192, Screening: 502, Price: $160000.00'),(193,'2026-05-02 18:43:52',NULL,'INSERT','tickets','New ticket issued: ID 193, Screening: 486, Price: $200000.00'),(194,'2026-05-02 18:43:52',NULL,'INSERT','tickets','New ticket issued: ID 194, Screening: 50, Price: $110000.00'),(195,'2026-05-02 18:43:52',NULL,'INSERT','tickets','New ticket issued: ID 195, Screening: 428, Price: $95000.00'),(196,'2026-05-02 18:43:52',NULL,'INSERT','tickets','New ticket issued: ID 196, Screening: 242, Price: $160000.00'),(197,'2026-05-02 18:43:52',NULL,'INSERT','tickets','New ticket issued: ID 197, Screening: 398, Price: $75000.00'),(198,'2026-05-02 18:43:52',NULL,'INSERT','tickets','New ticket issued: ID 198, Screening: 405, Price: $130000.00'),(199,'2026-05-02 18:43:52',NULL,'INSERT','tickets','New ticket issued: ID 199, Screening: 231, Price: $130000.00'),(200,'2026-05-02 18:43:52',NULL,'INSERT','tickets','New ticket issued: ID 200, Screening: 152, Price: $150000.00'),(201,'2026-05-02 18:43:52',NULL,'INSERT','tickets','New ticket issued: ID 201, Screening: 162, Price: $130000.00'),(202,'2026-05-02 18:43:52',NULL,'INSERT','tickets','New ticket issued: ID 202, Screening: 35, Price: $160000.00'),(203,'2026-05-02 18:43:52',NULL,'INSERT','tickets','New ticket issued: ID 203, Screening: 211, Price: $110000.00'),(204,'2026-05-02 18:43:52',NULL,'INSERT','tickets','New ticket issued: ID 204, Screening: 3, Price: $95000.00'),(205,'2026-05-02 18:43:52',NULL,'INSERT','tickets','New ticket issued: ID 205, Screening: 191, Price: $160000.00'),(206,'2026-05-02 18:43:52',NULL,'INSERT','tickets','New ticket issued: ID 206, Screening: 95, Price: $200000.00'),(207,'2026-05-02 18:43:52',NULL,'INSERT','tickets','New ticket issued: ID 207, Screening: 385, Price: $110000.00'),(208,'2026-05-02 18:43:52',NULL,'INSERT','tickets','New ticket issued: ID 208, Screening: 347, Price: $160000.00'),(209,'2026-05-02 18:43:52',NULL,'INSERT','tickets','New ticket issued: ID 209, Screening: 5, Price: $130000.00'),(210,'2026-05-02 18:43:52',NULL,'INSERT','tickets','New ticket issued: ID 210, Screening: 490, Price: $160000.00'),(211,'2026-05-02 18:43:52',NULL,'INSERT','tickets','New ticket issued: ID 211, Screening: 66, Price: $110000.00'),(212,'2026-05-02 18:43:52',NULL,'INSERT','tickets','New ticket issued: ID 212, Screening: 396, Price: $110000.00'),(213,'2026-05-02 18:43:52',NULL,'INSERT','tickets','New ticket issued: ID 213, Screening: 12, Price: $130000.00'),(214,'2026-05-02 18:43:52',NULL,'INSERT','tickets','New ticket issued: ID 214, Screening: 427, Price: $170000.00'),(215,'2026-05-02 18:43:52',NULL,'INSERT','tickets','New ticket issued: ID 215, Screening: 355, Price: $170000.00'),(216,'2026-05-02 18:43:52',NULL,'INSERT','tickets','New ticket issued: ID 216, Screening: 15, Price: $110000.00'),(217,'2026-05-02 18:43:52',NULL,'INSERT','tickets','New ticket issued: ID 217, Screening: 237, Price: $160000.00'),(218,'2026-05-02 18:43:52',NULL,'INSERT','tickets','New ticket issued: ID 218, Screening: 500, Price: $170000.00'),(219,'2026-05-02 18:43:52',NULL,'INSERT','tickets','New ticket issued: ID 219, Screening: 218, Price: $130000.00'),(220,'2026-05-02 18:43:52',NULL,'INSERT','tickets','New ticket issued: ID 220, Screening: 75, Price: $150000.00'),(221,'2026-05-02 18:43:52',NULL,'INSERT','tickets','New ticket issued: ID 221, Screening: 81, Price: $170000.00'),(222,'2026-05-02 18:43:52',NULL,'INSERT','tickets','New ticket issued: ID 222, Screening: 177, Price: $160000.00'),(223,'2026-05-02 18:43:52',NULL,'INSERT','tickets','New ticket issued: ID 223, Screening: 302, Price: $150000.00'),(224,'2026-05-02 18:43:52',NULL,'INSERT','tickets','New ticket issued: ID 224, Screening: 262, Price: $95000.00'),(225,'2026-05-02 18:43:52',NULL,'INSERT','tickets','New ticket issued: ID 225, Screening: 370, Price: $110000.00'),(226,'2026-05-02 18:43:52',NULL,'INSERT','tickets','New ticket issued: ID 226, Screening: 359, Price: $160000.00'),(227,'2026-05-02 18:43:52',NULL,'INSERT','tickets','New ticket issued: ID 227, Screening: 406, Price: $170000.00'),(228,'2026-05-02 18:43:52',NULL,'INSERT','tickets','New ticket issued: ID 228, Screening: 175, Price: $130000.00'),(229,'2026-05-02 18:43:52',NULL,'INSERT','tickets','New ticket issued: ID 229, Screening: 52, Price: $150000.00'),(230,'2026-05-02 18:43:52',NULL,'INSERT','tickets','New ticket issued: ID 230, Screening: 456, Price: $160000.00'),(231,'2026-05-02 18:43:52',NULL,'INSERT','tickets','New ticket issued: ID 231, Screening: 127, Price: $160000.00'),(232,'2026-05-02 18:43:52',NULL,'INSERT','tickets','New ticket issued: ID 232, Screening: 165, Price: $170000.00'),(233,'2026-05-02 18:43:52',NULL,'INSERT','tickets','New ticket issued: ID 233, Screening: 142, Price: $130000.00'),(234,'2026-05-02 18:43:52',NULL,'INSERT','tickets','New ticket issued: ID 234, Screening: 60, Price: $160000.00'),(235,'2026-05-02 18:43:52',NULL,'INSERT','tickets','New ticket issued: ID 235, Screening: 355, Price: $170000.00'),(236,'2026-05-02 18:43:52',NULL,'INSERT','tickets','New ticket issued: ID 236, Screening: 269, Price: $110000.00'),(237,'2026-05-02 18:43:52',NULL,'INSERT','tickets','New ticket issued: ID 237, Screening: 408, Price: $130000.00'),(238,'2026-05-02 18:43:52',NULL,'INSERT','tickets','New ticket issued: ID 238, Screening: 260, Price: $110000.00'),(239,'2026-05-02 18:43:52',NULL,'INSERT','tickets','New ticket issued: ID 239, Screening: 472, Price: $130000.00'),(240,'2026-05-02 18:43:52',NULL,'INSERT','tickets','New ticket issued: ID 240, Screening: 424, Price: $170000.00'),(241,'2026-05-02 18:43:52',NULL,'INSERT','tickets','New ticket issued: ID 241, Screening: 370, Price: $110000.00'),(242,'2026-05-02 18:43:52',NULL,'INSERT','tickets','New ticket issued: ID 242, Screening: 164, Price: $110000.00'),(243,'2026-05-02 18:43:52',NULL,'INSERT','tickets','New ticket issued: ID 243, Screening: 157, Price: $130000.00'),(244,'2026-05-02 18:43:52',NULL,'INSERT','tickets','New ticket issued: ID 244, Screening: 176, Price: $75000.00'),(245,'2026-05-02 18:43:52',NULL,'INSERT','tickets','New ticket issued: ID 245, Screening: 358, Price: $110000.00'),(246,'2026-05-02 18:43:52',NULL,'INSERT','tickets','New ticket issued: ID 246, Screening: 213, Price: $75000.00'),(247,'2026-05-02 18:43:52',NULL,'INSERT','tickets','New ticket issued: ID 247, Screening: 496, Price: $160000.00'),(248,'2026-05-02 18:43:52',NULL,'INSERT','tickets','New ticket issued: ID 248, Screening: 71, Price: $110000.00'),(249,'2026-05-02 18:43:52',NULL,'INSERT','tickets','New ticket issued: ID 249, Screening: 311, Price: $160000.00'),(250,'2026-05-02 18:43:52',NULL,'INSERT','tickets','New ticket issued: ID 250, Screening: 19, Price: $130000.00'),(251,'2026-05-02 18:43:52',NULL,'INSERT','tickets','New ticket issued: ID 251, Screening: 413, Price: $160000.00'),(252,'2026-05-02 18:43:52',NULL,'INSERT','tickets','New ticket issued: ID 252, Screening: 286, Price: $150000.00'),(253,'2026-05-02 18:43:52',NULL,'INSERT','tickets','New ticket issued: ID 253, Screening: 206, Price: $160000.00'),(254,'2026-05-02 18:43:52',NULL,'INSERT','tickets','New ticket issued: ID 254, Screening: 10, Price: $130000.00'),(255,'2026-05-02 18:43:52',NULL,'INSERT','tickets','New ticket issued: ID 255, Screening: 165, Price: $130000.00'),(256,'2026-05-02 18:43:52',NULL,'INSERT','tickets','New ticket issued: ID 256, Screening: 493, Price: $160000.00'),(257,'2026-05-02 18:43:52',NULL,'INSERT','tickets','New ticket issued: ID 257, Screening: 502, Price: $125000.00'),(258,'2026-05-02 18:43:52',NULL,'INSERT','tickets','New ticket issued: ID 258, Screening: 459, Price: $170000.00'),(259,'2026-05-02 18:43:52',NULL,'INSERT','tickets','New ticket issued: ID 259, Screening: 154, Price: $160000.00'),(260,'2026-05-02 18:43:52',NULL,'INSERT','tickets','New ticket issued: ID 260, Screening: 119, Price: $110000.00'),(261,'2026-05-02 18:43:52',NULL,'INSERT','tickets','New ticket issued: ID 261, Screening: 134, Price: $170000.00'),(262,'2026-05-02 18:43:52',NULL,'INSERT','tickets','New ticket issued: ID 262, Screening: 312, Price: $160000.00'),(263,'2026-05-02 18:43:52',NULL,'INSERT','tickets','New ticket issued: ID 263, Screening: 289, Price: $160000.00'),(264,'2026-05-02 18:43:52',NULL,'INSERT','tickets','New ticket issued: ID 264, Screening: 475, Price: $95000.00'),(265,'2026-05-02 18:43:52',NULL,'INSERT','tickets','New ticket issued: ID 265, Screening: 341, Price: $160000.00'),(266,'2026-05-02 18:43:52',NULL,'INSERT','tickets','New ticket issued: ID 266, Screening: 288, Price: $95000.00'),(267,'2026-05-02 18:43:52',NULL,'INSERT','tickets','New ticket issued: ID 267, Screening: 254, Price: $110000.00'),(268,'2026-05-02 18:43:52',NULL,'INSERT','tickets','New ticket issued: ID 268, Screening: 193, Price: $110000.00'),(269,'2026-05-02 18:43:52',NULL,'INSERT','tickets','New ticket issued: ID 269, Screening: 126, Price: $160000.00'),(270,'2026-05-02 18:43:52',NULL,'INSERT','tickets','New ticket issued: ID 270, Screening: 12, Price: $130000.00'),(271,'2026-05-02 18:43:52',NULL,'INSERT','tickets','New ticket issued: ID 271, Screening: 324, Price: $110000.00'),(272,'2026-05-02 18:43:52',NULL,'INSERT','tickets','New ticket issued: ID 272, Screening: 371, Price: $160000.00'),(273,'2026-05-02 18:43:52',NULL,'INSERT','tickets','New ticket issued: ID 273, Screening: 14, Price: $130000.00'),(274,'2026-05-02 18:43:52',NULL,'INSERT','tickets','New ticket issued: ID 274, Screening: 49, Price: $110000.00'),(275,'2026-05-02 18:43:52',NULL,'INSERT','tickets','New ticket issued: ID 275, Screening: 411, Price: $150000.00'),(276,'2026-05-02 18:43:52',NULL,'INSERT','tickets','New ticket issued: ID 276, Screening: 100, Price: $160000.00'),(277,'2026-05-02 18:43:52',NULL,'INSERT','tickets','New ticket issued: ID 277, Screening: 210, Price: $170000.00'),(278,'2026-05-02 18:43:52',NULL,'INSERT','tickets','New ticket issued: ID 278, Screening: 112, Price: $200000.00'),(279,'2026-05-02 18:43:52',NULL,'INSERT','tickets','New ticket issued: ID 279, Screening: 195, Price: $130000.00'),(280,'2026-05-02 18:43:52',NULL,'INSERT','tickets','New ticket issued: ID 280, Screening: 69, Price: $160000.00'),(281,'2026-05-02 18:43:52',NULL,'INSERT','tickets','New ticket issued: ID 281, Screening: 93, Price: $160000.00'),(282,'2026-05-02 18:43:52',NULL,'INSERT','tickets','New ticket issued: ID 282, Screening: 162, Price: $130000.00'),(283,'2026-05-02 18:43:52',NULL,'INSERT','tickets','New ticket issued: ID 283, Screening: 329, Price: $110000.00'),(284,'2026-05-02 18:43:52',NULL,'INSERT','tickets','New ticket issued: ID 284, Screening: 218, Price: $170000.00'),(285,'2026-05-02 18:43:52',NULL,'INSERT','tickets','New ticket issued: ID 285, Screening: 480, Price: $170000.00'),(286,'2026-05-02 18:43:52',NULL,'INSERT','tickets','New ticket issued: ID 286, Screening: 228, Price: $200000.00'),(287,'2026-05-02 18:43:52',NULL,'INSERT','tickets','New ticket issued: ID 287, Screening: 55, Price: $130000.00'),(288,'2026-05-02 18:43:52',NULL,'INSERT','tickets','New ticket issued: ID 288, Screening: 464, Price: $130000.00'),(289,'2026-05-02 18:43:52',NULL,'INSERT','tickets','New ticket issued: ID 289, Screening: 87, Price: $130000.00'),(290,'2026-05-02 18:43:52',NULL,'INSERT','tickets','New ticket issued: ID 290, Screening: 440, Price: $110000.00'),(291,'2026-05-02 18:43:52',NULL,'INSERT','tickets','New ticket issued: ID 291, Screening: 459, Price: $130000.00'),(292,'2026-05-02 18:43:52',NULL,'INSERT','tickets','New ticket issued: ID 292, Screening: 19, Price: $95000.00'),(293,'2026-05-02 18:43:52',NULL,'INSERT','tickets','New ticket issued: ID 293, Screening: 36, Price: $75000.00'),(294,'2026-05-02 18:43:52',NULL,'INSERT','tickets','New ticket issued: ID 294, Screening: 69, Price: $200000.00'),(295,'2026-05-02 18:43:52',NULL,'INSERT','tickets','New ticket issued: ID 295, Screening: 469, Price: $95000.00'),(296,'2026-05-02 18:43:52',NULL,'INSERT','tickets','New ticket issued: ID 296, Screening: 283, Price: $130000.00'),(297,'2026-05-02 18:43:52',NULL,'INSERT','tickets','New ticket issued: ID 297, Screening: 199, Price: $160000.00'),(298,'2026-05-02 18:43:52',NULL,'INSERT','tickets','New ticket issued: ID 298, Screening: 165, Price: $170000.00'),(299,'2026-05-02 18:43:52',NULL,'INSERT','tickets','New ticket issued: ID 299, Screening: 125, Price: $200000.00'),(300,'2026-05-02 18:43:52',NULL,'INSERT','tickets','New ticket issued: ID 300, Screening: 339, Price: $95000.00'),(301,'2026-05-02 18:43:52',NULL,'INSERT','tickets','New ticket issued: ID 301, Screening: 75, Price: $75000.00'),(302,'2026-05-02 18:43:52',NULL,'INSERT','tickets','New ticket issued: ID 302, Screening: 450, Price: $75000.00'),(303,'2026-05-02 18:43:52',NULL,'INSERT','tickets','New ticket issued: ID 303, Screening: 385, Price: $110000.00'),(304,'2026-05-02 18:43:52',NULL,'INSERT','tickets','New ticket issued: ID 304, Screening: 206, Price: $125000.00'),(305,'2026-05-02 18:43:52',NULL,'INSERT','tickets','New ticket issued: ID 305, Screening: 45, Price: $170000.00'),(306,'2026-05-02 18:43:52',NULL,'INSERT','tickets','New ticket issued: ID 306, Screening: 437, Price: $200000.00'),(307,'2026-05-02 18:43:52',NULL,'INSERT','tickets','New ticket issued: ID 307, Screening: 211, Price: $110000.00'),(308,'2026-05-02 18:43:52',NULL,'INSERT','tickets','New ticket issued: ID 308, Screening: 415, Price: $110000.00'),(309,'2026-05-02 18:43:52',NULL,'INSERT','tickets','New ticket issued: ID 309, Screening: 342, Price: $110000.00'),(310,'2026-05-02 18:43:52',NULL,'INSERT','tickets','New ticket issued: ID 310, Screening: 125, Price: $160000.00'),(311,'2026-05-02 18:43:52',NULL,'INSERT','tickets','New ticket issued: ID 311, Screening: 114, Price: $110000.00'),(312,'2026-05-02 18:43:52',NULL,'INSERT','tickets','New ticket issued: ID 312, Screening: 76, Price: $130000.00'),(313,'2026-05-02 18:43:52',NULL,'INSERT','tickets','New ticket issued: ID 313, Screening: 49, Price: $110000.00'),(314,'2026-05-02 18:43:52',NULL,'INSERT','tickets','New ticket issued: ID 314, Screening: 222, Price: $160000.00'),(315,'2026-05-02 18:43:52',NULL,'INSERT','tickets','New ticket issued: ID 315, Screening: 36, Price: $110000.00'),(316,'2026-05-02 18:43:52',NULL,'INSERT','tickets','New ticket issued: ID 316, Screening: 289, Price: $160000.00'),(317,'2026-05-02 18:43:52',NULL,'INSERT','tickets','New ticket issued: ID 317, Screening: 202, Price: $160000.00'),(318,'2026-05-02 18:43:52',NULL,'INSERT','tickets','New ticket issued: ID 318, Screening: 1, Price: $130000.00'),(319,'2026-05-02 18:43:52',NULL,'INSERT','tickets','New ticket issued: ID 319, Screening: 348, Price: $125000.00'),(320,'2026-05-02 18:43:52',NULL,'INSERT','tickets','New ticket issued: ID 320, Screening: 233, Price: $150000.00'),(321,'2026-05-02 18:43:52',NULL,'INSERT','tickets','New ticket issued: ID 321, Screening: 421, Price: $160000.00'),(322,'2026-05-02 18:43:52',NULL,'INSERT','tickets','New ticket issued: ID 322, Screening: 380, Price: $200000.00'),(323,'2026-05-02 18:43:52',NULL,'INSERT','tickets','New ticket issued: ID 323, Screening: 250, Price: $150000.00'),(324,'2026-05-02 18:43:52',NULL,'INSERT','tickets','New ticket issued: ID 324, Screening: 127, Price: $160000.00'),(325,'2026-05-02 18:43:52',NULL,'INSERT','tickets','New ticket issued: ID 325, Screening: 308, Price: $75000.00'),(326,'2026-05-02 18:43:52',NULL,'INSERT','tickets','New ticket issued: ID 326, Screening: 60, Price: $160000.00'),(327,'2026-05-02 18:43:52',NULL,'INSERT','tickets','New ticket issued: ID 327, Screening: 51, Price: $160000.00'),(328,'2026-05-02 18:43:52',NULL,'INSERT','tickets','New ticket issued: ID 328, Screening: 497, Price: $150000.00'),(329,'2026-05-02 18:43:52',NULL,'INSERT','tickets','New ticket issued: ID 329, Screening: 370, Price: $150000.00'),(330,'2026-05-02 18:43:52',NULL,'INSERT','tickets','New ticket issued: ID 330, Screening: 34, Price: $130000.00'),(331,'2026-05-02 18:43:52',NULL,'INSERT','tickets','New ticket issued: ID 331, Screening: 111, Price: $130000.00'),(332,'2026-05-02 18:43:52',NULL,'INSERT','tickets','New ticket issued: ID 332, Screening: 177, Price: $160000.00'),(333,'2026-05-02 18:43:52',NULL,'INSERT','tickets','New ticket issued: ID 333, Screening: 66, Price: $150000.00'),(334,'2026-05-02 18:43:52',NULL,'INSERT','tickets','New ticket issued: ID 334, Screening: 391, Price: $110000.00'),(335,'2026-05-02 18:43:52',NULL,'INSERT','tickets','New ticket issued: ID 335, Screening: 198, Price: $110000.00'),(336,'2026-05-02 18:43:52',NULL,'INSERT','tickets','New ticket issued: ID 336, Screening: 29, Price: $110000.00'),(337,'2026-05-02 18:43:52',NULL,'INSERT','tickets','New ticket issued: ID 337, Screening: 110, Price: $75000.00'),(338,'2026-05-02 18:43:52',NULL,'INSERT','tickets','New ticket issued: ID 338, Screening: 329, Price: $110000.00'),(339,'2026-05-02 18:43:52',NULL,'INSERT','tickets','New ticket issued: ID 339, Screening: 32, Price: $110000.00'),(340,'2026-05-02 18:43:52',NULL,'INSERT','tickets','New ticket issued: ID 340, Screening: 313, Price: $125000.00'),(341,'2026-05-02 18:43:52',NULL,'INSERT','tickets','New ticket issued: ID 341, Screening: 382, Price: $170000.00'),(342,'2026-05-02 18:43:52',NULL,'INSERT','tickets','New ticket issued: ID 342, Screening: 238, Price: $130000.00'),(343,'2026-05-02 18:43:52',NULL,'INSERT','tickets','New ticket issued: ID 343, Screening: 276, Price: $130000.00'),(344,'2026-05-02 18:43:52',NULL,'INSERT','tickets','New ticket issued: ID 344, Screening: 321, Price: $125000.00'),(345,'2026-05-02 18:43:52',NULL,'INSERT','tickets','New ticket issued: ID 345, Screening: 55, Price: $130000.00'),(346,'2026-05-02 18:43:52',NULL,'INSERT','tickets','New ticket issued: ID 346, Screening: 174, Price: $110000.00'),(347,'2026-05-02 18:43:52',NULL,'INSERT','tickets','New ticket issued: ID 347, Screening: 132, Price: $95000.00'),(348,'2026-05-02 18:43:52',NULL,'INSERT','tickets','New ticket issued: ID 348, Screening: 135, Price: $110000.00'),(349,'2026-05-02 18:43:52',NULL,'INSERT','tickets','New ticket issued: ID 349, Screening: 240, Price: $130000.00'),(350,'2026-05-02 18:43:52',NULL,'INSERT','tickets','New ticket issued: ID 350, Screening: 148, Price: $130000.00'),(351,'2026-05-02 18:43:52',NULL,'INSERT','tickets','New ticket issued: ID 351, Screening: 502, Price: $125000.00'),(352,'2026-05-02 18:43:52',NULL,'INSERT','tickets','New ticket issued: ID 352, Screening: 78, Price: $160000.00'),(353,'2026-05-02 18:43:52',NULL,'INSERT','tickets','New ticket issued: ID 353, Screening: 16, Price: $200000.00'),(354,'2026-05-02 18:43:52',NULL,'INSERT','tickets','New ticket issued: ID 354, Screening: 489, Price: $160000.00'),(355,'2026-05-02 18:43:52',NULL,'INSERT','tickets','New ticket issued: ID 355, Screening: 143, Price: $110000.00'),(356,'2026-05-02 18:43:52',NULL,'INSERT','tickets','New ticket issued: ID 356, Screening: 303, Price: $200000.00'),(357,'2026-05-02 18:43:52',NULL,'INSERT','tickets','New ticket issued: ID 357, Screening: 238, Price: $95000.00'),(358,'2026-05-02 18:43:52',NULL,'INSERT','tickets','New ticket issued: ID 358, Screening: 207, Price: $110000.00'),(359,'2026-05-02 18:43:52',NULL,'INSERT','tickets','New ticket issued: ID 359, Screening: 270, Price: $170000.00'),(360,'2026-05-02 18:43:52',NULL,'INSERT','tickets','New ticket issued: ID 360, Screening: 377, Price: $170000.00'),(361,'2026-05-02 18:43:52',NULL,'INSERT','tickets','New ticket issued: ID 361, Screening: 269, Price: $110000.00'),(362,'2026-05-02 18:43:52',NULL,'INSERT','tickets','New ticket issued: ID 362, Screening: 104, Price: $130000.00'),(363,'2026-05-02 18:43:52',NULL,'INSERT','tickets','New ticket issued: ID 363, Screening: 145, Price: $75000.00'),(364,'2026-05-02 18:43:52',NULL,'INSERT','tickets','New ticket issued: ID 364, Screening: 361, Price: $150000.00'),(365,'2026-05-02 18:43:52',NULL,'INSERT','tickets','New ticket issued: ID 365, Screening: 72, Price: $200000.00'),(366,'2026-05-02 18:43:52',NULL,'INSERT','tickets','New ticket issued: ID 366, Screening: 157, Price: $170000.00'),(367,'2026-05-02 18:43:52',NULL,'INSERT','tickets','New ticket issued: ID 367, Screening: 252, Price: $160000.00'),(368,'2026-05-02 18:43:52',NULL,'INSERT','tickets','New ticket issued: ID 368, Screening: 80, Price: $110000.00'),(369,'2026-05-02 18:43:52',NULL,'INSERT','tickets','New ticket issued: ID 369, Screening: 417, Price: $160000.00'),(370,'2026-05-02 18:43:52',NULL,'INSERT','tickets','New ticket issued: ID 370, Screening: 46, Price: $125000.00'),(371,'2026-05-02 18:43:52',NULL,'INSERT','tickets','New ticket issued: ID 371, Screening: 53, Price: $110000.00'),(372,'2026-05-02 18:43:52',NULL,'INSERT','tickets','New ticket issued: ID 372, Screening: 263, Price: $130000.00'),(373,'2026-05-02 18:43:52',NULL,'INSERT','tickets','New ticket issued: ID 373, Screening: 297, Price: $200000.00'),(374,'2026-05-02 18:43:52',NULL,'INSERT','tickets','New ticket issued: ID 374, Screening: 395, Price: $110000.00'),(375,'2026-05-02 18:43:52',NULL,'INSERT','tickets','New ticket issued: ID 375, Screening: 269, Price: $150000.00'),(376,'2026-05-02 18:43:52',NULL,'INSERT','tickets','New ticket issued: ID 376, Screening: 26, Price: $75000.00'),(377,'2026-05-02 18:43:52',NULL,'INSERT','tickets','New ticket issued: ID 377, Screening: 11, Price: $160000.00'),(378,'2026-05-02 18:43:52',NULL,'INSERT','tickets','New ticket issued: ID 378, Screening: 153, Price: $170000.00'),(379,'2026-05-02 18:43:52',NULL,'INSERT','tickets','New ticket issued: ID 379, Screening: 53, Price: $110000.00'),(380,'2026-05-02 18:43:52',NULL,'INSERT','tickets','New ticket issued: ID 380, Screening: 317, Price: $170000.00'),(381,'2026-05-02 18:43:52',NULL,'INSERT','tickets','New ticket issued: ID 381, Screening: 283, Price: $130000.00'),(382,'2026-05-02 18:43:52',NULL,'INSERT','tickets','New ticket issued: ID 382, Screening: 461, Price: $160000.00'),(383,'2026-05-02 18:43:52',NULL,'INSERT','tickets','New ticket issued: ID 383, Screening: 366, Price: $160000.00'),(384,'2026-05-02 18:43:52',NULL,'INSERT','tickets','New ticket issued: ID 384, Screening: 393, Price: $110000.00'),(385,'2026-05-02 18:43:52',NULL,'INSERT','tickets','New ticket issued: ID 385, Screening: 98, Price: $130000.00'),(386,'2026-05-02 18:43:52',NULL,'INSERT','tickets','New ticket issued: ID 386, Screening: 179, Price: $110000.00'),(387,'2026-05-02 18:43:52',NULL,'INSERT','tickets','New ticket issued: ID 387, Screening: 337, Price: $130000.00'),(388,'2026-05-02 18:43:52',NULL,'INSERT','tickets','New ticket issued: ID 388, Screening: 62, Price: $160000.00'),(389,'2026-05-02 18:43:52',NULL,'INSERT','tickets','New ticket issued: ID 389, Screening: 148, Price: $170000.00'),(390,'2026-05-02 18:43:53',NULL,'INSERT','tickets','New ticket issued: ID 390, Screening: 135, Price: $110000.00'),(391,'2026-05-02 18:43:53',NULL,'INSERT','tickets','New ticket issued: ID 391, Screening: 313, Price: $160000.00'),(392,'2026-05-02 18:43:53',NULL,'INSERT','tickets','New ticket issued: ID 392, Screening: 346, Price: $160000.00'),(393,'2026-05-02 18:43:53',NULL,'INSERT','tickets','New ticket issued: ID 393, Screening: 312, Price: $160000.00'),(394,'2026-05-02 18:43:53',NULL,'INSERT','tickets','New ticket issued: ID 394, Screening: 227, Price: $110000.00'),(395,'2026-05-02 18:43:53',NULL,'INSERT','tickets','New ticket issued: ID 395, Screening: 250, Price: $110000.00'),(396,'2026-05-02 18:43:53',NULL,'INSERT','tickets','New ticket issued: ID 396, Screening: 32, Price: $75000.00'),(397,'2026-05-02 18:43:53',NULL,'INSERT','tickets','New ticket issued: ID 397, Screening: 130, Price: $75000.00'),(398,'2026-05-02 18:43:53',NULL,'INSERT','tickets','New ticket issued: ID 398, Screening: 255, Price: $130000.00'),(399,'2026-05-02 18:43:53',NULL,'INSERT','tickets','New ticket issued: ID 399, Screening: 1, Price: $95000.00'),(400,'2026-05-02 18:43:53',NULL,'INSERT','tickets','New ticket issued: ID 400, Screening: 180, Price: $110000.00'),(401,'2026-05-02 18:43:53',NULL,'INSERT','tickets','New ticket issued: ID 401, Screening: 487, Price: $110000.00'),(402,'2026-05-02 18:43:53',NULL,'INSERT','tickets','New ticket issued: ID 402, Screening: 510, Price: $130000.00'),(403,'2026-05-02 18:43:53',NULL,'INSERT','tickets','New ticket issued: ID 403, Screening: 231, Price: $130000.00'),(404,'2026-05-02 18:43:53',NULL,'INSERT','tickets','New ticket issued: ID 404, Screening: 96, Price: $95000.00'),(405,'2026-05-02 18:43:53',NULL,'INSERT','tickets','New ticket issued: ID 405, Screening: 94, Price: $110000.00'),(406,'2026-05-02 18:43:53',NULL,'INSERT','tickets','New ticket issued: ID 406, Screening: 440, Price: $110000.00'),(407,'2026-05-02 18:43:53',NULL,'INSERT','tickets','New ticket issued: ID 407, Screening: 197, Price: $95000.00'),(408,'2026-05-02 18:43:53',NULL,'INSERT','tickets','New ticket issued: ID 408, Screening: 45, Price: $130000.00'),(409,'2026-05-02 18:43:53',NULL,'INSERT','tickets','New ticket issued: ID 409, Screening: 422, Price: $110000.00'),(410,'2026-05-02 18:43:53',NULL,'INSERT','tickets','New ticket issued: ID 410, Screening: 449, Price: $160000.00'),(411,'2026-05-02 18:43:53',NULL,'INSERT','tickets','New ticket issued: ID 411, Screening: 259, Price: $170000.00'),(412,'2026-05-02 18:43:53',NULL,'INSERT','tickets','New ticket issued: ID 412, Screening: 214, Price: $95000.00'),(413,'2026-05-02 18:43:53',NULL,'INSERT','tickets','New ticket issued: ID 413, Screening: 507, Price: $110000.00'),(414,'2026-05-02 18:43:53',NULL,'INSERT','tickets','New ticket issued: ID 414, Screening: 425, Price: $125000.00'),(415,'2026-05-02 18:43:53',NULL,'INSERT','tickets','New ticket issued: ID 415, Screening: 400, Price: $110000.00'),(416,'2026-05-02 18:43:53',NULL,'INSERT','tickets','New ticket issued: ID 416, Screening: 403, Price: $170000.00'),(417,'2026-05-02 18:43:53',NULL,'INSERT','tickets','New ticket issued: ID 417, Screening: 177, Price: $160000.00'),(418,'2026-05-02 18:43:53',NULL,'INSERT','tickets','New ticket issued: ID 418, Screening: 288, Price: $170000.00'),(419,'2026-05-02 18:43:53',NULL,'INSERT','tickets','New ticket issued: ID 419, Screening: 30, Price: $200000.00'),(420,'2026-05-02 18:43:53',NULL,'INSERT','tickets','New ticket issued: ID 420, Screening: 410, Price: $130000.00'),(421,'2026-05-02 18:43:53',NULL,'INSERT','tickets','New ticket issued: ID 421, Screening: 189, Price: $130000.00'),(422,'2026-05-02 18:43:53',NULL,'INSERT','tickets','New ticket issued: ID 422, Screening: 413, Price: $125000.00'),(423,'2026-05-02 18:43:53',NULL,'INSERT','tickets','New ticket issued: ID 423, Screening: 46, Price: $160000.00'),(424,'2026-05-02 18:43:53',NULL,'INSERT','tickets','New ticket issued: ID 424, Screening: 345, Price: $95000.00'),(425,'2026-05-02 18:43:53',NULL,'INSERT','tickets','New ticket issued: ID 425, Screening: 342, Price: $110000.00'),(426,'2026-05-02 18:43:53',NULL,'INSERT','tickets','New ticket issued: ID 426, Screening: 328, Price: $160000.00'),(427,'2026-05-02 18:43:53',NULL,'INSERT','tickets','New ticket issued: ID 427, Screening: 385, Price: $75000.00'),(428,'2026-05-02 18:43:53',NULL,'INSERT','tickets','New ticket issued: ID 428, Screening: 131, Price: $75000.00'),(429,'2026-05-02 18:43:53',NULL,'INSERT','tickets','New ticket issued: ID 429, Screening: 470, Price: $160000.00'),(430,'2026-05-02 18:43:53',NULL,'INSERT','tickets','New ticket issued: ID 430, Screening: 190, Price: $130000.00'),(431,'2026-05-02 18:43:53',NULL,'INSERT','tickets','New ticket issued: ID 431, Screening: 409, Price: $130000.00'),(432,'2026-05-02 18:43:53',NULL,'INSERT','tickets','New ticket issued: ID 432, Screening: 117, Price: $170000.00'),(433,'2026-05-02 18:43:53',NULL,'INSERT','tickets','New ticket issued: ID 433, Screening: 12, Price: $95000.00'),(434,'2026-05-02 18:43:53',NULL,'INSERT','tickets','New ticket issued: ID 434, Screening: 165, Price: $130000.00'),(435,'2026-05-02 18:43:53',NULL,'INSERT','tickets','New ticket issued: ID 435, Screening: 11, Price: $160000.00'),(436,'2026-05-02 18:43:53',NULL,'INSERT','tickets','New ticket issued: ID 436, Screening: 458, Price: $130000.00'),(437,'2026-05-02 18:43:53',NULL,'INSERT','tickets','New ticket issued: ID 437, Screening: 493, Price: $125000.00'),(438,'2026-05-02 18:43:53',NULL,'INSERT','tickets','New ticket issued: ID 438, Screening: 50, Price: $110000.00'),(439,'2026-05-02 18:43:53',NULL,'INSERT','tickets','New ticket issued: ID 439, Screening: 183, Price: $170000.00'),(440,'2026-05-02 18:43:53',NULL,'INSERT','tickets','New ticket issued: ID 440, Screening: 159, Price: $160000.00'),(441,'2026-05-02 18:43:53',NULL,'INSERT','tickets','New ticket issued: ID 441, Screening: 15, Price: $110000.00'),(442,'2026-05-02 18:43:53',NULL,'INSERT','tickets','New ticket issued: ID 442, Screening: 28, Price: $160000.00'),(443,'2026-05-02 18:43:53',NULL,'INSERT','tickets','New ticket issued: ID 443, Screening: 19, Price: $130000.00'),(444,'2026-05-02 18:43:53',NULL,'INSERT','tickets','New ticket issued: ID 444, Screening: 350, Price: $130000.00'),(445,'2026-05-02 18:43:53',NULL,'INSERT','tickets','New ticket issued: ID 445, Screening: 66, Price: $110000.00'),(446,'2026-05-02 18:43:53',NULL,'INSERT','tickets','New ticket issued: ID 446, Screening: 421, Price: $160000.00'),(447,'2026-05-02 18:43:53',NULL,'INSERT','tickets','New ticket issued: ID 447, Screening: 171, Price: $125000.00'),(448,'2026-05-02 18:43:53',NULL,'INSERT','tickets','New ticket issued: ID 448, Screening: 148, Price: $130000.00'),(449,'2026-05-02 18:43:53',NULL,'INSERT','tickets','New ticket issued: ID 449, Screening: 454, Price: $125000.00'),(450,'2026-05-02 18:43:53',NULL,'INSERT','tickets','New ticket issued: ID 450, Screening: 195, Price: $95000.00'),(451,'2026-05-02 18:43:53',NULL,'INSERT','tickets','New ticket issued: ID 451, Screening: 386, Price: $110000.00'),(452,'2026-05-02 18:43:53',NULL,'INSERT','tickets','New ticket issued: ID 452, Screening: 72, Price: $160000.00'),(453,'2026-05-02 18:43:53',NULL,'INSERT','tickets','New ticket issued: ID 453, Screening: 423, Price: $170000.00'),(454,'2026-05-02 18:43:53',NULL,'INSERT','tickets','New ticket issued: ID 454, Screening: 23, Price: $75000.00'),(455,'2026-05-02 18:43:53',NULL,'INSERT','tickets','New ticket issued: ID 455, Screening: 108, Price: $110000.00'),(456,'2026-05-02 18:43:53',NULL,'INSERT','tickets','New ticket issued: ID 456, Screening: 111, Price: $95000.00'),(457,'2026-05-02 18:43:53',NULL,'INSERT','tickets','New ticket issued: ID 457, Screening: 38, Price: $125000.00'),(458,'2026-05-02 18:43:53',NULL,'INSERT','tickets','New ticket issued: ID 458, Screening: 358, Price: $110000.00'),(459,'2026-05-02 18:43:53',NULL,'INSERT','tickets','New ticket issued: ID 459, Screening: 168, Price: $95000.00'),(460,'2026-05-02 18:43:53',NULL,'INSERT','tickets','New ticket issued: ID 460, Screening: 304, Price: $150000.00'),(461,'2026-05-02 18:43:53',NULL,'INSERT','tickets','New ticket issued: ID 461, Screening: 187, Price: $150000.00'),(462,'2026-05-02 18:43:53',NULL,'INSERT','tickets','New ticket issued: ID 462, Screening: 254, Price: $110000.00'),(463,'2026-05-02 18:43:53',NULL,'INSERT','tickets','New ticket issued: ID 463, Screening: 292, Price: $160000.00'),(464,'2026-05-02 18:43:53',NULL,'INSERT','tickets','New ticket issued: ID 464, Screening: 427, Price: $130000.00'),(465,'2026-05-02 18:43:53',NULL,'INSERT','tickets','New ticket issued: ID 465, Screening: 462, Price: $130000.00'),(466,'2026-05-02 18:43:53',NULL,'INSERT','tickets','New ticket issued: ID 466, Screening: 134, Price: $95000.00'),(467,'2026-05-02 18:43:53',NULL,'INSERT','tickets','New ticket issued: ID 467, Screening: 169, Price: $160000.00'),(468,'2026-05-02 18:43:53',NULL,'INSERT','tickets','New ticket issued: ID 468, Screening: 336, Price: $160000.00'),(469,'2026-05-02 18:43:53',NULL,'INSERT','tickets','New ticket issued: ID 469, Screening: 344, Price: $160000.00'),(470,'2026-05-02 18:43:53',NULL,'INSERT','tickets','New ticket issued: ID 470, Screening: 508, Price: $160000.00'),(471,'2026-05-02 18:43:53',NULL,'INSERT','tickets','New ticket issued: ID 471, Screening: 119, Price: $110000.00'),(472,'2026-05-02 18:43:53',NULL,'INSERT','tickets','New ticket issued: ID 472, Screening: 385, Price: $150000.00'),(473,'2026-05-02 18:43:53',NULL,'INSERT','tickets','New ticket issued: ID 473, Screening: 10, Price: $170000.00'),(474,'2026-05-02 18:43:53',NULL,'INSERT','tickets','New ticket issued: ID 474, Screening: 469, Price: $170000.00'),(475,'2026-05-02 18:43:53',NULL,'INSERT','tickets','New ticket issued: ID 475, Screening: 144, Price: $130000.00'),(476,'2026-05-02 18:43:53',NULL,'INSERT','tickets','New ticket issued: ID 476, Screening: 447, Price: $170000.00'),(477,'2026-05-02 18:43:53',NULL,'INSERT','tickets','New ticket issued: ID 477, Screening: 350, Price: $170000.00'),(478,'2026-05-02 18:43:53',NULL,'INSERT','tickets','New ticket issued: ID 478, Screening: 390, Price: $110000.00'),(479,'2026-05-02 18:43:53',NULL,'INSERT','tickets','New ticket issued: ID 479, Screening: 49, Price: $110000.00'),(480,'2026-05-02 18:43:53',NULL,'INSERT','tickets','New ticket issued: ID 480, Screening: 183, Price: $130000.00'),(481,'2026-05-02 18:43:53',NULL,'INSERT','tickets','New ticket issued: ID 481, Screening: 410, Price: $130000.00'),(482,'2026-05-02 18:43:53',NULL,'INSERT','tickets','New ticket issued: ID 482, Screening: 423, Price: $130000.00'),(483,'2026-05-02 18:43:53',NULL,'INSERT','tickets','New ticket issued: ID 483, Screening: 413, Price: $160000.00'),(484,'2026-05-02 18:43:53',NULL,'INSERT','tickets','New ticket issued: ID 484, Screening: 176, Price: $75000.00'),(485,'2026-05-02 18:43:53',NULL,'INSERT','tickets','New ticket issued: ID 485, Screening: 151, Price: $110000.00'),(486,'2026-05-02 18:43:53',NULL,'INSERT','tickets','New ticket issued: ID 486, Screening: 62, Price: $160000.00'),(487,'2026-05-02 18:43:53',NULL,'INSERT','tickets','New ticket issued: ID 487, Screening: 218, Price: $95000.00'),(488,'2026-05-02 18:43:53',NULL,'INSERT','tickets','New ticket issued: ID 488, Screening: 174, Price: $75000.00'),(489,'2026-05-02 18:43:53',NULL,'INSERT','tickets','New ticket issued: ID 489, Screening: 234, Price: $160000.00'),(490,'2026-05-02 18:43:53',NULL,'INSERT','tickets','New ticket issued: ID 490, Screening: 397, Price: $110000.00'),(491,'2026-05-02 18:43:53',NULL,'INSERT','tickets','New ticket issued: ID 491, Screening: 112, Price: $160000.00'),(492,'2026-05-02 18:43:53',NULL,'INSERT','tickets','New ticket issued: ID 492, Screening: 35, Price: $160000.00'),(493,'2026-05-02 18:43:53',NULL,'INSERT','tickets','New ticket issued: ID 493, Screening: 323, Price: $130000.00'),(494,'2026-05-02 18:43:53',NULL,'INSERT','tickets','New ticket issued: ID 494, Screening: 447, Price: $95000.00'),(495,'2026-05-02 18:43:53',NULL,'INSERT','tickets','New ticket issued: ID 495, Screening: 203, Price: $200000.00'),(496,'2026-05-02 18:43:53',NULL,'INSERT','tickets','New ticket issued: ID 496, Screening: 145, Price: $75000.00'),(497,'2026-05-02 18:43:53',NULL,'INSERT','tickets','New ticket issued: ID 497, Screening: 232, Price: $130000.00'),(498,'2026-05-02 18:43:53',NULL,'INSERT','tickets','New ticket issued: ID 498, Screening: 336, Price: $160000.00'),(499,'2026-05-02 18:43:53',NULL,'INSERT','tickets','New ticket issued: ID 499, Screening: 164, Price: $150000.00'),(500,'2026-05-02 18:43:53',NULL,'INSERT','tickets','New ticket issued: ID 500, Screening: 150, Price: $75000.00'),(501,'2026-05-02 18:43:53',NULL,'INSERT','tickets','New ticket issued: ID 501, Screening: 214, Price: $130000.00'),(502,'2026-05-02 18:43:53',NULL,'INSERT','tickets','New ticket issued: ID 502, Screening: 37, Price: $200000.00'),(503,'2026-05-02 18:43:53',NULL,'INSERT','tickets','New ticket issued: ID 503, Screening: 230, Price: $150000.00'),(504,'2026-05-02 18:43:53',NULL,'INSERT','tickets','New ticket issued: ID 504, Screening: 376, Price: $160000.00'),(505,'2026-05-02 18:43:53',NULL,'INSERT','tickets','New ticket issued: ID 505, Screening: 153, Price: $130000.00'),(506,'2026-05-02 18:43:53',NULL,'INSERT','tickets','New ticket issued: ID 506, Screening: 424, Price: $130000.00'),(507,'2026-05-02 18:43:53',NULL,'INSERT','tickets','New ticket issued: ID 507, Screening: 209, Price: $160000.00'),(508,'2026-05-02 18:43:53',NULL,'INSERT','tickets','New ticket issued: ID 508, Screening: 506, Price: $130000.00'),(509,'2026-05-02 18:43:53',NULL,'INSERT','tickets','New ticket issued: ID 509, Screening: 102, Price: $75000.00'),(510,'2026-05-02 18:43:53',NULL,'INSERT','tickets','New ticket issued: ID 510, Screening: 249, Price: $110000.00'),(511,'2026-05-02 20:19:35',1,'LOGIN','accounts','User admin logged in.'),(512,'2026-05-03 02:51:41',1,'LOGIN','accounts','User admin logged in.'),(513,'2026-05-03 02:53:22',1,'LOGIN','accounts','User admin logged in.'),(514,'2026-05-03 03:52:49',1,'LOGIN','accounts','User admin logged in.'),(515,'2026-05-03 03:58:47',4,'LOGIN','accounts','User clerk01 logged in.'),(516,'2026-05-03 04:04:05',1,'LOGIN','accounts','User admin logged in.'),(517,'2026-05-03 04:15:31',1,'LOGIN','accounts','User admin logged in.'),(518,'2026-05-03 06:50:15',1,'LOGIN','accounts','User admin logged in.'),(519,'2026-05-03 06:57:23',1,'LOGIN','accounts','User admin logged in.'),(520,'2026-05-03 07:01:22',1,'LOGIN','accounts','User admin logged in.'),(521,'2026-05-03 07:03:02',1,'LOGIN','accounts','User admin logged in.'),(522,'2026-05-03 07:04:54',1,'LOGIN','accounts','User admin logged in.'),(523,'2026-05-03 07:13:15',1,'LOGIN','accounts','User admin logged in.'),(524,'2026-05-03 07:15:43',1,'LOGIN','accounts','User admin logged in.'),(525,'2026-05-03 07:20:12',1,'LOGIN','accounts','User admin logged in.'),(526,'2026-05-03 07:20:53',1,'LOGIN','accounts','User admin logged in.'),(527,'2026-05-03 07:30:07',1,'LOGIN','accounts','User admin logged in.'),(528,'2026-05-03 07:31:16',1,'LOGIN','accounts','User admin logged in.'),(529,'2026-05-03 07:50:24',1,'LOGIN','accounts','User admin logged in.'),(530,'2026-05-03 08:05:57',1,'LOGIN','accounts','User admin logged in.'),(531,'2026-05-03 08:25:08',1,'LOGIN','accounts','User admin logged in.'),(532,'2026-05-03 08:42:07',1,'LOGIN','accounts','User admin logged in.'),(533,'2026-05-03 09:03:11',1,'LOGIN','accounts','User admin logged in.'),(534,'2026-05-03 09:06:16',1,'LOGIN','accounts','User admin logged in.'),(535,'2026-05-03 09:12:15',1,'LOGIN','accounts','User admin logged in.'),(536,'2026-05-03 09:21:47',1,'LOGIN','accounts','User admin logged in.'),(537,'2026-05-03 09:22:51',1,'LOGIN','accounts','User admin logged in.'),(538,'2026-05-03 09:23:40',1,'LOGIN','accounts','User admin logged in.'),(539,'2026-05-03 09:26:32',1,'LOGIN','accounts','User admin logged in.'),(540,'2026-05-03 09:34:00',1,'LOGIN','accounts','User admin logged in.'),(541,'2026-05-03 09:36:16',1,'LOGIN','accounts','User admin logged in.'),(542,'2026-05-03 09:38:28',1,'LOGIN','accounts','User admin logged in.'),(543,'2026-05-03 09:39:23',1,'LOGIN','accounts','User admin logged in.'),(544,'2026-05-03 09:43:36',1,'LOGIN','accounts','User admin logged in.'),(545,'2026-05-03 09:44:03',4,'LOGIN','accounts','User clerk01 logged in.'),(546,'2026-05-03 09:49:09',4,'LOGIN','accounts','User clerk01 logged in.'),(547,'2026-05-03 09:52:37',4,'LOGIN','accounts','User clerk01 logged in.'),(548,'2026-05-03 09:55:33',4,'LOGIN','accounts','User clerk01 logged in.'),(549,'2026-05-03 10:02:53',4,'LOGIN','accounts','User clerk01 logged in.'),(550,'2026-05-03 10:03:17',1,'LOGIN','accounts','User admin logged in.'),(551,'2026-05-03 10:03:55',1,'LOGIN','accounts','User admin logged in.'),(552,'2026-05-03 10:21:00',4,'LOGIN','accounts','User clerk01 logged in.'),(553,'2026-05-03 10:42:19',1,'LOGIN','accounts','User admin logged in.'),(554,'2026-05-03 10:42:28',4,'LOGIN','accounts','User clerk01 logged in.'),(555,'2026-05-03 10:43:21',4,'LOGIN','accounts','User clerk01 logged in.'),(556,'2026-05-03 10:47:56',4,'LOGIN','accounts','User clerk01 logged in.'),(557,'2026-05-03 10:56:41',4,'LOGIN','accounts','User clerk01 logged in.'),(558,'2026-05-03 10:56:46',NULL,'UPDATE','seats','Seat ID 801 status changed: Available -> Locked'),(559,'2026-05-03 10:56:46',4,'UPDATE','seats','Locked SeatID 801 until 18:11:46'),(560,'2026-05-03 10:59:47',NULL,'UPDATE','seats','Seat ID 899 status changed: Available -> Locked'),(561,'2026-05-03 10:59:47',4,'UPDATE','seats','Locked SeatID 899 until 18:14:47'),(562,'2026-05-03 11:10:28',4,'LOGIN','accounts','User clerk01 logged in.'),(563,'2026-05-03 11:10:38',NULL,'UPDATE','seats','Seat ID 810 status changed: Available -> Locked'),(564,'2026-05-03 11:10:38',4,'UPDATE','seats','Locked SeatID 810 until 18:25:38'),(565,'2026-05-03 11:11:11',4,'INSERT','tickets','New ticket issued: ID 511, Screening: 285, Price: $75000.00'),(566,'2026-05-03 11:11:11',NULL,'UPDATE','seats','Seat ID 810 status changed: Locked -> Booked'),(567,'2026-05-03 11:14:47',NULL,'UPDATE','seats','Seat ID 816 status changed: Available -> Locked'),(568,'2026-05-03 11:14:47',4,'UPDATE','seats','Locked SeatID 816 until 18:29:47'),(569,'2026-05-03 11:29:36',4,'LOGIN','accounts','User clerk01 logged in.'),(570,'2026-05-03 11:30:34',4,'LOGIN','accounts','User clerk01 logged in.'),(571,'2026-05-03 11:31:44',NULL,'UPDATE','seats','Seat ID 810 status changed: Booked -> Available'),(572,'2026-05-03 11:32:02',NULL,'UPDATE','seats','Seat ID 866 status changed: Available -> Locked'),(573,'2026-05-03 11:32:02',4,'UPDATE','seats','Locked SeatID 866 until 18:47:02'),(574,'2026-05-03 11:33:04',4,'LOGIN','accounts','User clerk01 logged in.'),(575,'2026-05-03 11:33:13',NULL,'UPDATE','seats','Seat ID 810 status changed: Available -> Locked'),(576,'2026-05-03 11:33:13',4,'UPDATE','seats','Locked SeatID 810 until 18:48:13'),(577,'2026-05-03 11:33:37',4,'LOGIN','accounts','User clerk01 logged in.'),(578,'2026-05-03 11:33:46',NULL,'UPDATE','seats','Seat ID 802 status changed: Available -> Locked'),(579,'2026-05-03 11:33:46',4,'UPDATE','seats','Locked SeatID 802 until 18:48:46'),(580,'2026-05-03 11:34:05',NULL,'UPDATE','seats','Seat ID 890 status changed: Available -> Locked'),(581,'2026-05-03 11:34:05',4,'UPDATE','seats','Locked SeatID 890 until 18:49:05'),(582,'2026-05-03 11:38:25',NULL,'UPDATE','seats','Seat ID 870 status changed: Available -> Locked'),(583,'2026-05-03 11:38:25',4,'UPDATE','seats','Locked SeatID 870 until 18:53:25'),(584,'2026-05-03 11:39:28',4,'INSERT','tickets','New ticket issued: ID 512, Screening: 285, Price: $75000.00'),(585,'2026-05-03 11:39:28',NULL,'UPDATE','seats','Seat ID 802 status changed: Locked -> Booked'),(586,'2026-05-03 11:39:29',4,'INSERT','tickets','New ticket issued: ID 513, Screening: 285, Price: $110000.00'),(587,'2026-05-03 11:39:29',NULL,'UPDATE','seats','Seat ID 870 status changed: Locked -> Booked'),(588,'2026-05-03 11:45:36',4,'LOGIN','accounts','User clerk01 logged in.'),(589,'2026-05-03 11:45:44',NULL,'UPDATE','seats','Seat ID 803 status changed: Available -> Locked'),(590,'2026-05-03 11:45:44',4,'UPDATE','seats','Locked SeatID 803 until 19:00:44'),(591,'2026-05-03 11:50:27',4,'LOGIN','accounts','User clerk01 logged in.'),(592,'2026-05-03 11:50:35',NULL,'UPDATE','seats','Seat ID 804 status changed: Available -> Locked'),(593,'2026-05-03 11:50:35',4,'UPDATE','seats','Locked SeatID 804 until 19:05:35'),(594,'2026-05-03 11:51:27',4,'LOGIN','accounts','User clerk01 logged in.'),(595,'2026-05-03 11:51:36',NULL,'UPDATE','seats','Seat ID 805 status changed: Available -> Locked'),(596,'2026-05-03 11:51:36',4,'UPDATE','seats','Locked SeatID 805 until 19:06:36'),(597,'2026-05-03 11:52:06',4,'LOGIN','accounts','User clerk01 logged in.'),(598,'2026-05-03 11:52:13',4,'UPDATE','seats','Locked SeatID 899 until 19:07:13'),(599,'2026-05-03 11:53:08',4,'LOGIN','accounts','User clerk01 logged in.'),(600,'2026-05-03 11:53:15',NULL,'UPDATE','seats','Seat ID 898 status changed: Available -> Locked'),(601,'2026-05-03 11:53:15',4,'UPDATE','seats','Locked SeatID 898 until 19:08:15'),(602,'2026-05-03 11:53:41',4,'INSERT','tickets','New ticket issued: ID 514, Screening: 285, Price: $150000.00'),(603,'2026-05-03 11:53:41',NULL,'UPDATE','seats','Seat ID 898 status changed: Locked -> Booked'),(604,'2026-05-03 11:54:41',NULL,'UPDATE','seats','Seat ID 897 status changed: Available -> Locked'),(605,'2026-05-03 11:54:41',4,'UPDATE','seats','Locked SeatID 897 until 19:09:41'),(606,'2026-05-03 11:58:39',4,'LOGIN','accounts','User clerk01 logged in.'),(607,'2026-05-03 11:59:05',NULL,'UPDATE','seats','Seat ID 896 status changed: Available -> Locked'),(608,'2026-05-03 11:59:05',4,'UPDATE','seats','Locked SeatID 896 until 19:14:05'),(609,'2026-05-03 12:07:03',4,'UPDATE','seats','Locked SeatID 803 until 19:22:03'),(610,'2026-05-03 12:07:28',4,'LOGIN','accounts','User clerk01 logged in.'),(611,'2026-05-03 12:09:25',4,'LOGIN','accounts','User clerk01 logged in.');
/*!40000 ALTER TABLE `logs` ENABLE KEYS */;
UNLOCK TABLES;

--
-- Table structure for table `movie_genres`
--

DROP TABLE IF EXISTS `movie_genres`;
/*!40101 SET @saved_cs_client     = @@character_set_client */;
/*!50503 SET character_set_client = utf8mb4 */;
CREATE TABLE `movie_genres` (
  `MovieID` int NOT NULL,
  `GenreID` int NOT NULL,
  PRIMARY KEY (`MovieID`,`GenreID`),
  KEY `GenreID` (`GenreID`),
  CONSTRAINT `movie_genres_ibfk_1` FOREIGN KEY (`MovieID`) REFERENCES `movies` (`MovieID`) ON DELETE CASCADE,
  CONSTRAINT `movie_genres_ibfk_2` FOREIGN KEY (`GenreID`) REFERENCES `genres` (`GenreID`) ON DELETE CASCADE
) ENGINE=InnoDB DEFAULT CHARSET=utf8mb4 COLLATE=utf8mb4_0900_ai_ci;
/*!40101 SET character_set_client = @saved_cs_client */;

--
-- Dumping data for table `movie_genres`
--

LOCK TABLES `movie_genres` WRITE;
/*!40000 ALTER TABLE `movie_genres` DISABLE KEYS */;
INSERT INTO `movie_genres` VALUES (1,1),(11,1),(12,1),(13,1),(18,1),(20,1),(24,1),(28,1),(29,1),(31,1),(32,1),(33,1),(34,1),(35,1),(36,1),(37,1),(38,1),(39,1),(40,1),(41,1),(42,1),(43,1),(44,1),(45,1),(46,1),(47,1),(48,1),(49,1),(50,1),(51,1),(52,1),(53,1),(54,1),(55,1),(56,1),(57,1),(58,1),(59,1),(60,1),(74,1),(85,1),(86,1),(121,1),(122,1),(131,1),(132,1),(134,1),(186,1),(187,1),(193,1),(194,1),(195,1),(201,1),(202,1),(206,1),(209,1),(231,1),(232,1),(251,1),(281,1),(282,1),(285,1),(286,1),(287,1),(288,1),(289,1),(290,1),(300,1),(301,1),(302,1),(307,1),(309,1),(313,1),(317,1),(318,1),(320,1),(321,1),(322,1),(323,1),(324,1),(325,1),(326,1),(327,1),(328,1),(329,1),(330,1),(331,1),(332,1),(333,1),(334,1),(335,1),(336,1),(337,1),(338,1),(339,1),(340,1),(341,1),(342,1),(343,1),(344,1),(345,1),(346,1),(347,1),(348,1),(349,1),(363,1),(374,1),(375,1),(410,1),(411,1),(420,1),(421,1),(423,1),(475,1),(476,1),(482,1),(483,1),(484,1),(490,1),(491,1),(495,1),(498,1),(16,2),(17,2),(21,2),(30,2),(60,2),(84,2),(89,2),(124,2),(125,2),(133,2),(135,2),(136,2),(141,2),(143,2),(181,2),(182,2),(183,2),(184,2),(185,2),(186,2),(187,2),(188,2),(189,2),(190,2),(191,2),(192,2),(193,2),(194,2),(195,2),(196,2),(197,2),(198,2),(199,2),(200,2),(201,2),(202,2),(203,2),(204,2),(205,2),(206,2),(207,2),(208,2),(209,2),(210,2),(286,2),(305,2),(306,2),(310,2),(319,2),(349,2),(373,2),(378,2),(413,2),(414,2),(422,2),(424,2),(425,2),(430,2),(432,2),(470,2),(471,2),(472,2),(473,2),(474,2),(475,2),(476,2),(477,2),(478,2),(479,2),(480,2),(481,2),(482,2),(483,2),(484,2),(485,2),(486,2),(487,2),(488,2),(489,2),(490,2),(491,2),(492,2),(493,2),(494,2),(495,2),(496,2),(497,2),(498,2),(499,2),(121,3),(122,3),(123,3),(124,3),(125,3),(126,3),(127,3),(128,3),(129,3),(130,3),(131,3),(132,3),(133,3),(134,3),(135,3),(136,3),(137,3),(138,3),(139,3),(140,3),(141,3),(142,3),(143,3),(144,3),(145,3),(146,3),(147,3),(148,3),(149,3),(150,3),(191,3),(192,3),(199,3),(203,3),(204,3),(207,3),(210,3),(410,3),(411,3),(412,3),(413,3),(414,3),(415,3),(416,3),(417,3),(418,3),(419,3),(420,3),(421,3),(422,3),(423,3),(424,3),(425,3),(426,3),(427,3),(428,3),(429,3),(430,3),(431,3),(432,3),(433,3),(434,3),(435,3),(436,3),(437,3),(438,3),(439,3),(480,3),(481,3),(488,3),(492,3),(493,3),(496,3),(499,3),(47,4),(53,4),(78,4),(81,4),(91,4),(92,4),(101,4),(139,4),(142,4),(146,4),(155,4),(156,4),(159,4),(160,4),(166,4),(169,4),(170,4),(171,4),(172,4),(173,4),(178,4),(179,4),(180,4),(196,4),(197,4),(198,4),(200,4),(208,4),(235,4),(236,4),(238,4),(239,4),(240,4),(241,4),(242,4),(243,4),(244,4),(245,4),(246,4),(247,4),(248,4),(249,4),(250,4),(251,4),(252,4),(253,4),(254,4),(255,4),(256,4),(257,4),(258,4),(288,4),(336,4),(342,4),(367,4),(370,4),(380,4),(381,4),(390,4),(428,4),(431,4),(435,4),(444,4),(445,4),(448,4),(449,4),(455,4),(458,4),(459,4),(460,4),(461,4),(462,4),(467,4),(468,4),(469,4),(485,4),(486,4),(487,4),(489,4),(497,4),(65,5),(66,5),(95,5),(96,5),(211,5),(212,5),(213,5),(214,5),(215,5),(216,5),(217,5),(218,5),(219,5),(220,5),(221,5),(222,5),(223,5),(224,5),(225,5),(226,5),(227,5),(228,5),(229,5),(230,5),(231,5),(232,5),(233,5),(234,5),(235,5),(236,5),(237,5),(238,5),(244,5),(245,5),(354,5),(355,5),(384,5),(385,5),(500,5),(501,5),(502,5),(503,5),(504,5),(505,5),(506,5),(507,5),(508,5),(509,5),(510,5),(3,6),(5,6),(22,6),(32,6),(41,6),(43,6),(44,6),(50,6),(61,6),(62,6),(63,6),(64,6),(65,6),(66,6),(67,6),(68,6),(69,6),(70,6),(71,6),(72,6),(73,6),(74,6),(75,6),(76,6),(77,6),(78,6),(79,6),(80,6),(81,6),(82,6),(83,6),(84,6),(85,6),(86,6),(87,6),(88,6),(89,6),(90,6),(93,6),(94,6),(103,6),(129,6),(130,6),(138,6),(140,6),(150,6),(151,6),(152,6),(153,6),(154,6),(157,6),(158,6),(161,6),(162,6),(163,6),(164,6),(174,6),(175,6),(176,6),(177,6),(182,6),(183,6),(184,6),(205,6),(211,6),(212,6),(215,6),(218,6),(219,6),(220,6),(223,6),(226,6),(228,6),(229,6),(230,6),(234,6),(237,6),(239,6),(240,6),(243,6),(256,6),(258,6),(270,6),(271,6),(273,6),(278,6),(279,6),(292,6),(294,6),(311,6),(321,6),(330,6),(332,6),(333,6),(339,6),(350,6),(351,6),(352,6),(353,6),(354,6),(355,6),(356,6),(357,6),(358,6),(359,6),(360,6),(361,6),(362,6),(363,6),(364,6),(365,6),(366,6),(367,6),(368,6),(369,6),(370,6),(371,6),(372,6),(373,6),(374,6),(375,6),(376,6),(377,6),(378,6),(379,6),(382,6),(383,6),(392,6),(418,6),(419,6),(427,6),(429,6),(439,6),(440,6),(441,6),(442,6),(443,6),(446,6),(447,6),(450,6),(451,6),(452,6),(453,6),(463,6),(464,6),(465,6),(466,6),(471,6),(472,6),(473,6),(494,6),(500,6),(501,6),(504,6),(507,6),(508,6),(509,6),(168,7),(457,7),(61,8),(64,8),(350,8),(353,8),(9,9),(14,9),(15,9),(27,9),(97,9),(98,9),(99,9),(102,9),(104,9),(105,9),(106,9),(107,9),(108,9),(109,9),(110,9),(111,9),(112,9),(113,9),(114,9),(115,9),(116,9),(118,9),(119,9),(120,9),(242,9),(259,9),(260,9),(261,9),(262,9),(263,9),(264,9),(265,9),(266,9),(267,9),(268,9),(269,9),(270,9),(271,9),(272,9),(273,9),(274,9),(275,9),(276,9),(277,9),(278,9),(279,9),(280,9),(281,9),(282,9),(283,9),(284,9),(298,9),(303,9),(304,9),(316,9),(386,9),(387,9),(388,9),(391,9),(393,9),(394,9),(395,9),(396,9),(397,9),(398,9),(399,9),(400,9),(401,9),(402,9),(403,9),(404,9),(405,9),(407,9),(408,9),(409,9),(67,10),(71,10),(80,10),(83,10),(90,10),(123,10),(126,10),(137,10),(144,10),(148,10),(149,10),(151,10),(152,10),(153,10),(154,10),(155,10),(156,10),(157,10),(158,10),(159,10),(160,10),(161,10),(162,10),(163,10),(164,10),(165,10),(166,10),(167,10),(168,10),(169,10),(170,10),(171,10),(172,10),(173,10),(174,10),(175,10),(176,10),(177,10),(178,10),(179,10),(180,10),(241,10),(246,10),(255,10),(257,10),(356,10),(360,10),(369,10),(372,10),(379,10),(412,10),(415,10),(426,10),(433,10),(437,10),(438,10),(440,10),(441,10),(442,10),(443,10),(444,10),(445,10),(446,10),(447,10),(448,10),(449,10),(450,10),(451,10),(452,10),(453,10),(454,10),(455,10),(456,10),(457,10),(458,10),(459,10),(460,10),(461,10),(462,10),(463,10),(464,10),(465,10),(466,10),(467,10),(468,10),(469,10),(1,11),(2,11),(3,11),(4,11),(5,11),(6,11),(7,11),(8,11),(9,11),(10,11),(11,11),(12,11),(13,11),(14,11),(15,11),(16,11),(17,11),(18,11),(19,11),(20,11),(21,11),(22,11),(23,11),(24,11),(25,11),(26,11),(27,11),(28,11),(29,11),(30,11),(34,11),(35,11),(36,11),(42,11),(100,11),(117,11),(128,11),(165,11),(167,11),(181,11),(188,11),(189,11),(190,11),(285,11),(287,11),(289,11),(290,11),(291,11),(292,11),(293,11),(294,11),(295,11),(296,11),(297,11),(298,11),(299,11),(300,11),(301,11),(302,11),(303,11),(304,11),(305,11),(306,11),(307,11),(308,11),(309,11),(310,11),(311,11),(312,11),(313,11),(314,11),(315,11),(316,11),(317,11),(318,11),(319,11),(323,11),(324,11),(325,11),(331,11),(389,11),(406,11),(417,11),(454,11),(456,11),(470,11),(477,11),(478,11),(479,11),(4,12),(7,12),(8,12),(19,12),(25,12),(31,12),(40,12),(45,12),(46,12),(58,12),(59,12),(62,12),(72,12),(75,12),(76,12),(91,12),(92,12),(93,12),(94,12),(95,12),(96,12),(97,12),(98,12),(99,12),(100,12),(101,12),(102,12),(103,12),(104,12),(105,12),(106,12),(107,12),(108,12),(109,12),(110,12),(111,12),(112,12),(113,12),(114,12),(115,12),(116,12),(117,12),(118,12),(119,12),(120,12),(213,12),(214,12),(216,12),(217,12),(221,12),(222,12),(224,12),(225,12),(227,12),(233,12),(250,12),(260,12),(262,12),(263,12),(265,12),(266,12),(267,12),(268,12),(274,12),(275,12),(276,12),(277,12),(280,12),(283,12),(284,12),(293,12),(296,12),(297,12),(308,12),(314,12),(320,12),(329,12),(334,12),(335,12),(347,12),(348,12),(351,12),(361,12),(364,12),(365,12),(380,12),(381,12),(382,12),(383,12),(384,12),(385,12),(386,12),(387,12),(388,12),(389,12),(390,12),(391,12),(392,12),(393,12),(394,12),(395,12),(396,12),(397,12),(398,12),(399,12),(400,12),(401,12),(402,12),(403,12),(404,12),(405,12),(406,12),(407,12),(408,12),(409,12),(502,12),(503,12),(505,12),(506,12),(510,12);
/*!40000 ALTER TABLE `movie_genres` ENABLE KEYS */;
UNLOCK TABLES;

--
-- Table structure for table `movies`
--

DROP TABLE IF EXISTS `movies`;
/*!40101 SET @saved_cs_client     = @@character_set_client */;
/*!50503 SET character_set_client = utf8mb4 */;
CREATE TABLE `movies` (
  `MovieID` int NOT NULL AUTO_INCREMENT,
  `MovieTitle` varchar(255) NOT NULL,
  `DurationMinutes` int NOT NULL,
  `ReleaseDate` date NOT NULL,
  `Rating` varchar(10) NOT NULL,
  `Description` text,
  PRIMARY KEY (`MovieID`),
  KEY `idx_movie_title` (`MovieTitle`),
  CONSTRAINT `movies_chk_1` CHECK ((`DurationMinutes` > 0))
) ENGINE=InnoDB AUTO_INCREMENT=511 DEFAULT CHARSET=utf8mb4 COLLATE=utf8mb4_0900_ai_ci;
/*!40101 SET character_set_client = @saved_cs_client */;

--
-- Dumping data for table `movies`
--

LOCK TABLES `movies` WRITE;
/*!40000 ALTER TABLE `movies` DISABLE KEYS */;
INSERT INTO `movies` VALUES (1,'Dune: Part Two',166,'2024-03-01','PG-13',NULL),(2,'Dune',155,'2021-10-22','PG-13',NULL),(3,'Interstellar',169,'2014-11-07','PG-13',NULL),(4,'Inception',148,'2010-07-16','PG-13',NULL),(5,'Arrival',116,'2016-11-11','PG-13',NULL),(6,'The Martian',144,'2015-10-02','PG-13',NULL),(7,'Blade Runner 2049',164,'2017-10-06','R',NULL),(8,'Ex Machina',108,'2015-01-21','R',NULL),(9,'Annihilation',115,'2018-02-23','R',NULL),(10,'Gravity',91,'2013-10-04','PG-13',NULL),(11,'The Matrix',136,'1999-03-31','R',NULL),(12,'The Matrix Reloaded',138,'2003-05-15','R',NULL),(13,'The Matrix Resurrections',148,'2021-12-22','R',NULL),(14,'Prometheus',124,'2012-06-08','R',NULL),(15,'Alien: Romulus',119,'2024-08-16','R',NULL),(16,'Avatar',162,'2009-12-18','PG-13',NULL),(17,'Avatar: The Way of Water',192,'2022-12-16','PG-13',NULL),(18,'Tenet',150,'2020-09-03','PG-13',NULL),(19,'Looper',119,'2012-09-28','R',NULL),(20,'Edge of Tomorrow',113,'2014-06-06','PG-13',NULL),(21,'Ready Player One',140,'2018-03-29','PG-13',NULL),(22,'Moon',97,'2009-07-17','R',NULL),(23,'District 9',112,'2009-08-14','R',NULL),(24,'Elysium',109,'2013-08-09','R',NULL),(25,'Children of Men',109,'2006-09-22','R',NULL),(26,'Oblivion',124,'2013-04-19','PG-13',NULL),(27,'Sunshine',107,'2007-04-06','R',NULL),(28,'I, Robot',115,'2004-07-16','PG-13',NULL),(29,'Total Recall',113,'2012-08-03','PG-13',NULL),(30,'Ender\'s Game',114,'2013-11-01','PG-13',NULL),(31,'The Dark Knight',152,'2008-07-18','PG-13',NULL),(32,'The Dark Knight Rises',164,'2012-07-20','PG-13',NULL),(33,'Batman Begins',140,'2005-06-15','PG-13',NULL),(34,'Avengers: Endgame',181,'2019-04-26','PG-13',NULL),(35,'Avengers: Infinity War',149,'2018-04-27','PG-13',NULL),(36,'The Avengers',143,'2012-05-04','PG-13',NULL),(37,'John Wick: Chapter 4',169,'2023-03-24','R',NULL),(38,'John Wick: Chapter 3',131,'2019-05-17','R',NULL),(39,'John Wick: Chapter 2',122,'2017-02-10','R',NULL),(40,'John Wick',101,'2014-10-24','R',NULL),(41,'Top Gun: Maverick',130,'2022-05-27','PG-13',NULL),(42,'Mad Max: Fury Road',120,'2015-05-15','R',NULL),(43,'Gladiator',155,'2000-05-05','R',NULL),(44,'Gladiator II',148,'2024-11-22','R',NULL),(45,'Mission: Impossible – Dead Reckoning',163,'2023-07-12','PG-13',NULL),(46,'Mission: Impossible – Fallout',147,'2018-07-27','PG-13',NULL),(47,'Thor: Ragnarok',130,'2017-11-03','PG-13',NULL),(48,'Captain America: Civil War',147,'2016-05-06','PG-13',NULL),(49,'Black Panther',134,'2018-02-16','PG-13',NULL),(50,'Black Panther: Wakanda Forever',161,'2022-11-11','PG-13',NULL),(51,'Spider-Man: No Way Home',148,'2021-12-17','PG-13',NULL),(52,'Spider-Man: Far From Home',129,'2019-07-02','PG-13',NULL),(53,'Guardians of the Galaxy Vol. 3',150,'2023-05-05','PG-13',NULL),(54,'Fast X',141,'2023-05-19','PG-13',NULL),(55,'The Fate of the Furious',136,'2017-04-14','PG-13',NULL),(56,'Extraction',116,'2020-04-24','R',NULL),(57,'Extraction 2',123,'2023-06-16','R',NULL),(58,'The Equalizer 3',109,'2023-09-01','R',NULL),(59,'The Gray Man',122,'2022-07-22','PG-13',NULL),(60,'Uncharted',116,'2022-02-18','PG-13',NULL),(61,'Oppenheimer',180,'2023-07-21','R',NULL),(62,'Parasite',132,'2019-05-30','R',NULL),(63,'The Shawshank Redemption',142,'1994-09-22','R',NULL),(64,'Schindler\'s List',195,'1993-12-15','R',NULL),(65,'The Godfather',175,'1972-03-24','R',NULL),(66,'The Godfather Part II',202,'1974-12-20','R',NULL),(67,'Past Lives',105,'2023-06-02','PG-13',NULL),(68,'Belfast',98,'2021-11-12','PG-13',NULL),(69,'The Fabelmans',151,'2022-11-11','PG-13',NULL),(70,'TÁR',158,'2022-10-07','R',NULL),(71,'Marriage Story',136,'2019-11-06','R',NULL),(72,'The Power of the Dog',126,'2021-11-17','R',NULL),(73,'Nomadland',107,'2021-02-19','R',NULL),(74,'1917',119,'2020-01-10','R',NULL),(75,'Joker',122,'2019-10-04','R',NULL),(76,'Joker: Folie à Deux',138,'2024-10-04','R',NULL),(77,'Whiplash',107,'2014-10-10','R',NULL),(78,'Birdman',119,'2014-10-17','R',NULL),(79,'Moonlight',111,'2016-10-21','R',NULL),(80,'La La Land',128,'2016-12-09','PG-13',NULL),(81,'The Grand Budapest Hotel',99,'2014-03-28','R',NULL),(82,'A Beautiful Mind',135,'2001-12-21','PG-13',NULL),(83,'Forrest Gump',142,'1994-07-06','PG-13',NULL),(84,'The Revenant',156,'2016-01-08','R',NULL),(85,'Dunkirk',106,'2017-07-21','PG-13',NULL),(86,'Ford v Ferrari',152,'2019-11-15','PG-13',NULL),(87,'Bohemian Rhapsody',134,'2018-11-02','PG-13',NULL),(88,'Good Will Hunting',126,'1997-12-05','R',NULL),(89,'Cast Away',143,'2000-12-22','PG-13',NULL),(90,'Phantom Thread',130,'2017-12-25','R',NULL),(91,'Knives Out',130,'2019-11-27','PG-13',NULL),(92,'Glass Onion: A Knives Out Mystery',140,'2022-12-23','PG-13',NULL),(93,'Gone Girl',149,'2014-10-03','R',NULL),(94,'Prisoners',153,'2013-09-20','R',NULL),(95,'Zodiac',157,'2007-03-02','R',NULL),(96,'Se7en',127,'1995-09-22','R',NULL),(97,'The Silence of the Lambs',118,'1991-02-14','R',NULL),(98,'Get Out',103,'2017-02-24','R',NULL),(99,'Us',116,'2019-03-22','R',NULL),(100,'Nope',130,'2022-07-22','R',NULL),(101,'The Menu',107,'2022-11-18','R',NULL),(102,'Barbarian',102,'2022-09-09','R',NULL),(103,'Saltburn',127,'2023-11-22','R',NULL),(104,'The Substance',140,'2024-09-20','R',NULL),(105,'Longlegs',101,'2024-07-12','R',NULL),(106,'Hereditary',127,'2018-06-08','R',NULL),(107,'Midsommar',148,'2019-07-03','R',NULL),(108,'A Quiet Place',90,'2018-04-06','PG-13',NULL),(109,'A Quiet Place Part II',97,'2021-05-28','PG-13',NULL),(110,'It',135,'2017-09-08','R',NULL),(111,'It Chapter Two',169,'2019-09-06','R',NULL),(112,'Smile',115,'2022-09-30','R',NULL),(113,'Smile 2',127,'2024-10-18','R',NULL),(114,'Talk to Me',94,'2023-07-28','R',NULL),(115,'Speak No Evil',111,'2024-09-13','R',NULL),(116,'Five Nights at Freddy\'s',110,'2023-10-27','PG-13',NULL),(117,'M3GAN',102,'2023-01-06','PG-13',NULL),(118,'The Black Phone',102,'2022-06-24','R',NULL),(119,'Doctor Sleep',152,'2019-11-08','R',NULL),(120,'The Witch',92,'2015-03-17','R',NULL),(121,'Spider-Man: Across the Spider-Verse',140,'2023-06-02','PG',NULL),(122,'Spider-Man: Into the Spider-Verse',116,'2018-12-14','PG',NULL),(123,'Your Name',106,'2016-08-26','PG',NULL),(124,'Spirited Away',125,'2003-03-28','PG',NULL),(125,'Princess Mononoke',134,'1999-10-29','PG-13',NULL),(126,'Howl\'s Moving Castle',119,'2005-06-10','PG',NULL),(127,'My Neighbor Totoro',86,'1988-04-16','G',NULL),(128,'Nausicaä of the Valley of the Wind',117,'1984-03-11','PG',NULL),(129,'The Wind Rises',126,'2014-02-21','PG-13',NULL),(130,'Grave of the Fireflies',89,'1993-07-12','NR',NULL),(131,'Demon Slayer: Mugen Train',117,'2021-04-23','R',NULL),(132,'Dragon Ball Super: Broly',100,'2019-01-16','PG',NULL),(133,'One Piece Film: Red',115,'2022-11-04','PG',NULL),(134,'Jujutsu Kaisen 0',105,'2022-03-18','PG-13',NULL),(135,'The Boy and the Heron',124,'2023-12-08','PG-13',NULL),(136,'Suzume',122,'2023-04-14','PG-13',NULL),(137,'Belle',121,'2022-01-14','PG',NULL),(138,'Soul',101,'2020-12-25','PG',NULL),(139,'Turning Red',100,'2022-03-11','PG',NULL),(140,'Inside Out 2',100,'2024-06-14','PG',NULL),(141,'Moana 2',100,'2024-11-27','PG',NULL),(142,'Encanto',102,'2021-11-24','PG',NULL),(143,'Raya and the Last Dragon',107,'2021-03-05','PG',NULL),(144,'Elemental',101,'2023-06-16','PG',NULL),(145,'Wolfwalkers',103,'2020-12-11','PG',NULL),(146,'Luca',95,'2021-06-18','PG',NULL),(147,'Wish',95,'2023-11-22','PG',NULL),(148,'Kimi no Na wa (Your Name)',106,'2016-08-26','PG',NULL),(149,'Weathering with You',112,'2019-07-19','PG-13',NULL),(150,'A Silent Voice',130,'2017-09-23','PG-13',NULL),(151,'Call Me by Your Name',132,'2017-10-20','R',NULL),(152,'Portrait of a Lady on Fire',122,'2020-02-14','NR',NULL),(153,'The Notebook',123,'2004-06-25','PG-13',NULL),(154,'A Star Is Born',136,'2018-10-05','R',NULL),(155,'Crazy Rich Asians',120,'2018-08-15','PG-13',NULL),(156,'About Time',123,'2013-11-08','R',NULL),(157,'Me Before You',110,'2016-06-03','PG-13',NULL),(158,'The Fault in Our Stars',126,'2014-06-06','PG-13',NULL),(159,'Mamma Mia!',108,'2008-07-18','PG-13',NULL),(160,'Notting Hill',124,'1999-05-28','PG-13',NULL),(161,'Pride and Prejudice',129,'2005-11-23','PG',NULL),(162,'Atonement',123,'2007-09-07','R',NULL),(163,'Brooklyn',117,'2015-11-06','PG-13',NULL),(164,'Titanic',194,'1997-12-19','PG-13',NULL),(165,'Her',126,'2014-01-10','R',NULL),(166,'500 Days of Summer',95,'2009-07-17','PG-13',NULL),(167,'Eternal Sunshine of the Spotless Mind',108,'2004-03-19','R',NULL),(168,'The Shape of Water',123,'2017-12-22','R',NULL),(169,'When Harry Met Sally',95,'1989-07-21','R',NULL),(170,'You\'ve Got Mail',119,'1998-12-18','PG',NULL),(171,'Anyone But You',103,'2023-12-22','R',NULL),(172,'Ticket to Paradise',104,'2022-10-21','PG-13',NULL),(173,'Love Actually',135,'2003-11-14','R',NULL),(174,'Blue Valentine',112,'2010-12-29','NC-17',NULL),(175,'The Before Trilogy: Before Sunrise',101,'1995-01-27','R',NULL),(176,'Normal People (film)',105,'2020-04-26','NR',NULL),(177,'Five Feet Apart',116,'2019-03-15','PG-13',NULL),(178,'To All the Boys I\'ve Loved Before',99,'2018-08-17','NR',NULL),(179,'Love, Rosie',102,'2014-10-22','PG-13',NULL),(180,'Sleepless in Seattle',105,'1993-06-25','PG',NULL),(181,'Everything Everywhere All at Once',139,'2022-03-25','R',NULL),(182,'The Lord of the Rings: The Fellowship of the Ring',178,'2001-12-19','PG-13',NULL),(183,'The Lord of the Rings: The Two Towers',179,'2002-12-18','PG-13',NULL),(184,'The Lord of the Rings: The Return of the King',201,'2003-12-17','PG-13',NULL),(185,'The Hobbit: An Unexpected Journey',169,'2012-12-14','PG-13',NULL),(186,'Raiders of the Lost Ark',115,'1981-06-12','PG',NULL),(187,'Indiana Jones and the Dial of Destiny',154,'2023-06-30','PG-13',NULL),(188,'Jurassic Park',127,'1993-06-11','PG-13',NULL),(189,'Jurassic World',124,'2015-06-12','PG-13',NULL),(190,'Jurassic World Dominion',147,'2022-06-10','PG-13',NULL),(191,'The Lion King',118,'2019-07-19','PG',NULL),(192,'The Jungle Book',106,'2016-04-15','PG',NULL),(193,'Pirates of the Caribbean: The Curse of the Black Pearl',143,'2003-07-09','PG-13',NULL),(194,'Godzilla vs. Kong',113,'2021-03-31','PG-13',NULL),(195,'Godzilla x Kong: The New Empire',115,'2024-03-29','PG-13',NULL),(196,'Wonka',116,'2023-12-15','PG',NULL),(197,'Paddington',95,'2015-01-16','PG',NULL),(198,'Paddington 2',103,'2018-01-12','PG',NULL),(199,'The Super Mario Bros. Movie',92,'2023-04-05','PG',NULL),(200,'Dungeons & Dragons: Honor Among Thieves',134,'2023-03-31','PG-13',NULL),(201,'Bullet Train',127,'2022-08-05','R',NULL),(202,'The Fall Guy',126,'2024-05-03','PG-13',NULL),(203,'Sonic the Hedgehog 2',122,'2022-04-08','PG',NULL),(204,'Sonic the Hedgehog 3',109,'2024-12-20','PG',NULL),(205,'King Kong',187,'2005-12-14','PG-13',NULL),(206,'National Treasure',131,'2004-11-19','PG',NULL),(207,'Treasure Planet',95,'2002-11-27','PG',NULL),(208,'Around the World in 80 Days',120,'2004-06-16','PG',NULL),(209,'The Mummy',124,'1999-05-07','PG-13',NULL),(210,'Atlantis: The Lost Empire',101,'2001-06-15','PG',NULL),(211,'Goodfellas',145,'1990-09-19','R',NULL),(212,'Casino',178,'1995-11-22','R',NULL),(213,'Heat',170,'1995-12-15','R',NULL),(214,'The Departed',151,'2006-10-06','R',NULL),(215,'Scarface',170,'1983-12-09','R',NULL),(216,'Pulp Fiction',154,'1994-10-14','R',NULL),(217,'Reservoir Dogs',99,'1992-01-21','R',NULL),(218,'Django Unchained',165,'2012-12-25','R',NULL),(219,'Inglourious Basterds',153,'2009-08-21','R',NULL),(220,'Once Upon a Time in Hollywood',161,'2019-07-26','R',NULL),(221,'No Country for Old Men',122,'2007-11-09','R',NULL),(222,'Fargo',98,'1996-03-08','R',NULL),(223,'Traffic',147,'2001-01-05','R',NULL),(224,'Sicario',121,'2015-09-18','R',NULL),(225,'Sicario: Day of the Soldado',122,'2018-06-29','R',NULL),(226,'Hell or High Water',102,'2016-08-12','R',NULL),(227,'The Town',124,'2010-09-17','R',NULL),(228,'American Gangster',157,'2007-11-02','R',NULL),(229,'The Wolf of Wall Street',180,'2013-12-25','R',NULL),(230,'City of God',130,'2004-01-17','R',NULL),(231,'Den of Thieves',140,'2018-01-19','R',NULL),(232,'Triple Frontier',125,'2019-03-13','R',NULL),(233,'Wind River',107,'2017-08-18','R',NULL),(234,'Blow',124,'2001-04-06','R',NULL),(235,'The Big Lebowski',117,'1998-03-06','R',NULL),(236,'Burn After Reading',96,'2008-09-12','R',NULL),(237,'The Hateful Eight',168,'2015-12-25','R',NULL),(238,'Knives Out 2: Glass Onion',140,'2022-12-23','PG-13',NULL),(239,'Barbie',114,'2023-07-21','PG-13',NULL),(240,'The Truman Show',103,'1998-06-05','PG',NULL),(241,'Groundhog Day',101,'1993-02-12','PG',NULL),(242,'What We Do in the Shadows',86,'2014-06-19','R',NULL),(243,'Jojo Rabbit',108,'2019-10-18','PG-13',NULL),(244,'In Bruges',107,'2008-02-08','R',NULL),(245,'The Nice Guys',116,'2016-05-20','R',NULL),(246,'Palm Springs',90,'2020-07-10','R',NULL),(247,'Superbad',113,'2007-08-17','R',NULL),(248,'The Hangover',100,'2009-06-05','R',NULL),(249,'Bridesmaids',125,'2011-05-13','R',NULL),(250,'Game Night',100,'2018-02-23','R',NULL),(251,'Argylle',139,'2024-02-02','PG-13',NULL),(252,'No Hard Feelings',103,'2023-06-23','R',NULL),(253,'Bottoms',92,'2023-08-25','R',NULL),(254,'Joy Ride',95,'2023-07-07','R',NULL),(255,'Four Weddings and a Funeral',117,'1994-04-22','R',NULL),(256,'The Death of Stalin',107,'2018-03-09','R',NULL),(257,'Mamma Mia! Here We Go Again',114,'2018-07-20','PG-13',NULL),(258,'The Grand Budapest Hotel 2',99,'2014-03-28','R',NULL),(259,'Nosferatu',132,'2024-12-25','R',NULL),(260,'The Exorcist: Believer',111,'2023-10-06','R',NULL),(261,'Evil Dead Rise',97,'2023-04-21','R',NULL),(262,'Scream VI',122,'2023-03-10','R',NULL),(263,'The Pope\'s Exorcist',103,'2023-04-14','R',NULL),(264,'Terrifier 3',125,'2024-10-11','NR',NULL),(265,'The First Omen',119,'2024-04-05','R',NULL),(266,'Salem\'s Lot',113,'2024-10-03','R',NULL),(267,'Abigail',109,'2024-04-19','R',NULL),(268,'Immaculate',89,'2024-03-22','R',NULL),(269,'Late Night with the Devil',93,'2024-03-22','NR',NULL),(270,'I Saw the TV Glow',100,'2024-05-03','PG-13',NULL),(271,'Civil War',109,'2024-04-12','R',NULL),(272,'In a Violent Nature',94,'2024-05-31','NR',NULL),(273,'Pearl',102,'2022-09-16','R',NULL),(274,'X',105,'2022-03-18','R',NULL),(275,'MaXXXine',103,'2024-07-05','R',NULL),(276,'The Nun',96,'2018-09-07','R',NULL),(277,'The Nun II',110,'2023-09-08','R',NULL),(278,'The Lighthouse',110,'2019-10-18','R',NULL),(279,'Men',100,'2022-05-20','R',NULL),(280,'The Wailing',156,'2016-05-12','NR',NULL),(281,'Train to Busan',118,'2016-07-20','NR',NULL),(282,'Peninsula',116,'2020-07-15','NR',NULL),(283,'#Alive',98,'2020-06-24','NR',NULL),(284,'The Wicker Man',88,'1973-12-06','R',NULL),(285,'Doctor Strange',115,'2016-11-04','PG-13',NULL),(286,'Shang-Chi and the Legend of the Ten Rings',132,'2021-09-03','PG-13',NULL),(287,'Eternals',156,'2021-11-05','PG-13',NULL),(288,'Thor: Love and Thunder',119,'2022-07-08','PG-13',NULL),(289,'Ant-Man and the Wasp: Quantumania',125,'2023-02-17','PG-13',NULL),(290,'Dune: Part Two: Extended Cut 1',166,'2024-03-01','PG-13',NULL),(291,'Dune: Extended Cut 2',155,'2021-10-22','PG-13',NULL),(292,'Interstellar: Extended Cut 3',169,'2014-11-07','PG-13',NULL),(293,'Inception: Extended Cut 4',148,'2010-07-16','PG-13',NULL),(294,'Arrival: Extended Cut 5',116,'2016-11-11','PG-13',NULL),(295,'The Martian: Extended Cut 6',144,'2015-10-02','PG-13',NULL),(296,'Blade Runner 2049: Extended Cut 7',164,'2017-10-06','R',NULL),(297,'Ex Machina: Extended Cut 8',108,'2015-01-21','R',NULL),(298,'Annihilation: Extended Cut 9',115,'2018-02-23','R',NULL),(299,'Gravity: Extended Cut 10',91,'2013-10-04','PG-13',NULL),(300,'The Matrix: Extended Cut 11',136,'1999-03-31','R',NULL),(301,'The Matrix Reloaded: Extended Cut 12',138,'2003-05-15','R',NULL),(302,'The Matrix Resurrections: Extended Cut 13',148,'2021-12-22','R',NULL),(303,'Prometheus: Extended Cut 14',124,'2012-06-08','R',NULL),(304,'Alien: Romulus: Extended Cut 15',119,'2024-08-16','R',NULL),(305,'Avatar: Extended Cut 16',162,'2009-12-18','PG-13',NULL),(306,'Avatar: The Way of Water: Extended Cut 17',192,'2022-12-16','PG-13',NULL),(307,'Tenet: Extended Cut 18',150,'2020-09-03','PG-13',NULL),(308,'Looper: Extended Cut 19',119,'2012-09-28','R',NULL),(309,'Edge of Tomorrow: Extended Cut 20',113,'2014-06-06','PG-13',NULL),(310,'Ready Player One: Extended Cut 21',140,'2018-03-29','PG-13',NULL),(311,'Moon: Extended Cut 22',97,'2009-07-17','R',NULL),(312,'District 9: Extended Cut 23',112,'2009-08-14','R',NULL),(313,'Elysium: Extended Cut 24',109,'2013-08-09','R',NULL),(314,'Children of Men: Extended Cut 25',109,'2006-09-22','R',NULL),(315,'Oblivion: Extended Cut 26',124,'2013-04-19','PG-13',NULL),(316,'Sunshine: Extended Cut 27',107,'2007-04-06','R',NULL),(317,'I, Robot: Extended Cut 28',115,'2004-07-16','PG-13',NULL),(318,'Total Recall: Extended Cut 29',113,'2012-08-03','PG-13',NULL),(319,'Ender\'s Game: Extended Cut 30',114,'2013-11-01','PG-13',NULL),(320,'The Dark Knight: Extended Cut 31',152,'2008-07-18','PG-13',NULL),(321,'The Dark Knight Rises: Extended Cut 32',164,'2012-07-20','PG-13',NULL),(322,'Batman Begins: Extended Cut 33',140,'2005-06-15','PG-13',NULL),(323,'Avengers: Endgame: Extended Cut 34',181,'2019-04-26','PG-13',NULL),(324,'Avengers: Infinity War: Extended Cut 35',149,'2018-04-27','PG-13',NULL),(325,'The Avengers: Extended Cut 36',143,'2012-05-04','PG-13',NULL),(326,'John Wick: Chapter 4: Extended Cut 37',169,'2023-03-24','R',NULL),(327,'John Wick: Chapter 3: Extended Cut 38',131,'2019-05-17','R',NULL),(328,'John Wick: Chapter 2: Extended Cut 39',122,'2017-02-10','R',NULL),(329,'John Wick: Extended Cut 40',101,'2014-10-24','R',NULL),(330,'Top Gun: Maverick: Extended Cut 41',130,'2022-05-27','PG-13',NULL),(331,'Mad Max: Fury Road: Extended Cut 42',120,'2015-05-15','R',NULL),(332,'Gladiator: Extended Cut 43',155,'2000-05-05','R',NULL),(333,'Gladiator II: Extended Cut 44',148,'2024-11-22','R',NULL),(334,'Mission: Impossible – Dead Reckoning: Extended Cut 45',163,'2023-07-12','PG-13',NULL),(335,'Mission: Impossible – Fallout: Extended Cut 46',147,'2018-07-27','PG-13',NULL),(336,'Thor: Ragnarok: Extended Cut 47',130,'2017-11-03','PG-13',NULL),(337,'Captain America: Civil War: Extended Cut 48',147,'2016-05-06','PG-13',NULL),(338,'Black Panther: Extended Cut 49',134,'2018-02-16','PG-13',NULL),(339,'Black Panther: Wakanda Forever: Extended Cut 50',161,'2022-11-11','PG-13',NULL),(340,'Spider-Man: No Way Home: Extended Cut 51',148,'2021-12-17','PG-13',NULL),(341,'Spider-Man: Far From Home: Extended Cut 52',129,'2019-07-02','PG-13',NULL),(342,'Guardians of the Galaxy Vol. 3: Extended Cut 53',150,'2023-05-05','PG-13',NULL),(343,'Fast X: Extended Cut 54',141,'2023-05-19','PG-13',NULL),(344,'The Fate of the Furious: Extended Cut 55',136,'2017-04-14','PG-13',NULL),(345,'Extraction: Extended Cut 56',116,'2020-04-24','R',NULL),(346,'Extraction 2: Extended Cut 57',123,'2023-06-16','R',NULL),(347,'The Equalizer 3: Extended Cut 58',109,'2023-09-01','R',NULL),(348,'The Gray Man: Extended Cut 59',122,'2022-07-22','PG-13',NULL),(349,'Uncharted: Extended Cut 60',116,'2022-02-18','PG-13',NULL),(350,'Oppenheimer: Extended Cut 61',180,'2023-07-21','R',NULL),(351,'Parasite: Extended Cut 62',132,'2019-05-30','R',NULL),(352,'The Shawshank Redemption: Extended Cut 63',142,'1994-09-22','R',NULL),(353,'Schindler\'s List: Extended Cut 64',195,'1993-12-15','R',NULL),(354,'The Godfather: Extended Cut 65',175,'1972-03-24','R',NULL),(355,'The Godfather Part II: Extended Cut 66',202,'1974-12-20','R',NULL),(356,'Past Lives: Extended Cut 67',105,'2023-06-02','PG-13',NULL),(357,'Belfast: Extended Cut 68',98,'2021-11-12','PG-13',NULL),(358,'The Fabelmans: Extended Cut 69',151,'2022-11-11','PG-13',NULL),(359,'TÁR: Extended Cut 70',158,'2022-10-07','R',NULL),(360,'Marriage Story: Extended Cut 71',136,'2019-11-06','R',NULL),(361,'The Power of the Dog: Extended Cut 72',126,'2021-11-17','R',NULL),(362,'Nomadland: Extended Cut 73',107,'2021-02-19','R',NULL),(363,'1917: Extended Cut 74',119,'2020-01-10','R',NULL),(364,'Joker: Extended Cut 75',122,'2019-10-04','R',NULL),(365,'Joker: Folie à Deux: Extended Cut 76',138,'2024-10-04','R',NULL),(366,'Whiplash: Extended Cut 77',107,'2014-10-10','R',NULL),(367,'Birdman: Extended Cut 78',119,'2014-10-17','R',NULL),(368,'Moonlight: Extended Cut 79',111,'2016-10-21','R',NULL),(369,'La La Land: Extended Cut 80',128,'2016-12-09','PG-13',NULL),(370,'The Grand Budapest Hotel: Extended Cut 81',99,'2014-03-28','R',NULL),(371,'A Beautiful Mind: Extended Cut 82',135,'2001-12-21','PG-13',NULL),(372,'Forrest Gump: Extended Cut 83',142,'1994-07-06','PG-13',NULL),(373,'The Revenant: Extended Cut 84',156,'2016-01-08','R',NULL),(374,'Dunkirk: Extended Cut 85',106,'2017-07-21','PG-13',NULL),(375,'Ford v Ferrari: Extended Cut 86',152,'2019-11-15','PG-13',NULL),(376,'Bohemian Rhapsody: Extended Cut 87',134,'2018-11-02','PG-13',NULL),(377,'Good Will Hunting: Extended Cut 88',126,'1997-12-05','R',NULL),(378,'Cast Away: Extended Cut 89',143,'2000-12-22','PG-13',NULL),(379,'Phantom Thread: Extended Cut 90',130,'2017-12-25','R',NULL),(380,'Knives Out: Extended Cut 91',130,'2019-11-27','PG-13',NULL),(381,'Glass Onion: A Knives Out Mystery: Extended Cut 92',140,'2022-12-23','PG-13',NULL),(382,'Gone Girl: Extended Cut 93',149,'2014-10-03','R',NULL),(383,'Prisoners: Extended Cut 94',153,'2013-09-20','R',NULL),(384,'Zodiac: Extended Cut 95',157,'2007-03-02','R',NULL),(385,'Se7en: Extended Cut 96',127,'1995-09-22','R',NULL),(386,'The Silence of the Lambs: Extended Cut 97',118,'1991-02-14','R',NULL),(387,'Get Out: Extended Cut 98',103,'2017-02-24','R',NULL),(388,'Us: Extended Cut 99',116,'2019-03-22','R',NULL),(389,'Nope: Extended Cut 100',130,'2022-07-22','R',NULL),(390,'The Menu: Extended Cut 101',107,'2022-11-18','R',NULL),(391,'Barbarian: Extended Cut 102',102,'2022-09-09','R',NULL),(392,'Saltburn: Extended Cut 103',127,'2023-11-22','R',NULL),(393,'The Substance: Extended Cut 104',140,'2024-09-20','R',NULL),(394,'Longlegs: Extended Cut 105',101,'2024-07-12','R',NULL),(395,'Hereditary: Extended Cut 106',127,'2018-06-08','R',NULL),(396,'Midsommar: Extended Cut 107',148,'2019-07-03','R',NULL),(397,'A Quiet Place: Extended Cut 108',90,'2018-04-06','PG-13',NULL),(398,'A Quiet Place Part II: Extended Cut 109',97,'2021-05-28','PG-13',NULL),(399,'It: Extended Cut 110',135,'2017-09-08','R',NULL),(400,'It Chapter Two: Extended Cut 111',169,'2019-09-06','R',NULL),(401,'Smile: Extended Cut 112',115,'2022-09-30','R',NULL),(402,'Smile 2: Extended Cut 113',127,'2024-10-18','R',NULL),(403,'Talk to Me: Extended Cut 114',94,'2023-07-28','R',NULL),(404,'Speak No Evil: Extended Cut 115',111,'2024-09-13','R',NULL),(405,'Five Nights at Freddy\'s: Extended Cut 116',110,'2023-10-27','PG-13',NULL),(406,'M3GAN: Extended Cut 117',102,'2023-01-06','PG-13',NULL),(407,'The Black Phone: Extended Cut 118',102,'2022-06-24','R',NULL),(408,'Doctor Sleep: Extended Cut 119',152,'2019-11-08','R',NULL),(409,'The Witch: Extended Cut 120',92,'2015-03-17','R',NULL),(410,'Spider-Man: Across the Spider-Verse: Extended Cut 121',140,'2023-06-02','PG',NULL),(411,'Spider-Man: Into the Spider-Verse: Extended Cut 122',116,'2018-12-14','PG',NULL),(412,'Your Name: Extended Cut 123',106,'2016-08-26','PG',NULL),(413,'Spirited Away: Extended Cut 124',125,'2003-03-28','PG',NULL),(414,'Princess Mononoke: Extended Cut 125',134,'1999-10-29','PG-13',NULL),(415,'Howl\'s Moving Castle: Extended Cut 126',119,'2005-06-10','PG',NULL),(416,'My Neighbor Totoro: Extended Cut 127',86,'1988-04-16','G',NULL),(417,'Nausicaä of the Valley of the Wind: Extended Cut 128',117,'1984-03-11','PG',NULL),(418,'The Wind Rises: Extended Cut 129',126,'2014-02-21','PG-13',NULL),(419,'Grave of the Fireflies: Extended Cut 130',89,'1993-07-12','NR',NULL),(420,'Demon Slayer: Mugen Train: Extended Cut 131',117,'2021-04-23','R',NULL),(421,'Dragon Ball Super: Broly: Extended Cut 132',100,'2019-01-16','PG',NULL),(422,'One Piece Film: Red: Extended Cut 133',115,'2022-11-04','PG',NULL),(423,'Jujutsu Kaisen 0: Extended Cut 134',105,'2022-03-18','PG-13',NULL),(424,'The Boy and the Heron: Extended Cut 135',124,'2023-12-08','PG-13',NULL),(425,'Suzume: Extended Cut 136',122,'2023-04-14','PG-13',NULL),(426,'Belle: Extended Cut 137',121,'2022-01-14','PG',NULL),(427,'Soul: Extended Cut 138',101,'2020-12-25','PG',NULL),(428,'Turning Red: Extended Cut 139',100,'2022-03-11','PG',NULL),(429,'Inside Out 2: Extended Cut 140',100,'2024-06-14','PG',NULL),(430,'Moana 2: Extended Cut 141',100,'2024-11-27','PG',NULL),(431,'Encanto: Extended Cut 142',102,'2021-11-24','PG',NULL),(432,'Raya and the Last Dragon: Extended Cut 143',107,'2021-03-05','PG',NULL),(433,'Elemental: Extended Cut 144',101,'2023-06-16','PG',NULL),(434,'Wolfwalkers: Extended Cut 145',103,'2020-12-11','PG',NULL),(435,'Luca: Extended Cut 146',95,'2021-06-18','PG',NULL),(436,'Wish: Extended Cut 147',95,'2023-11-22','PG',NULL),(437,'Kimi no Na wa (Your Name): Extended Cut 148',106,'2016-08-26','PG',NULL),(438,'Weathering with You: Extended Cut 149',112,'2019-07-19','PG-13',NULL),(439,'A Silent Voice: Extended Cut 150',130,'2017-09-23','PG-13',NULL),(440,'Call Me by Your Name: Extended Cut 151',132,'2017-10-20','R',NULL),(441,'Portrait of a Lady on Fire: Extended Cut 152',122,'2020-02-14','NR',NULL),(442,'The Notebook: Extended Cut 153',123,'2004-06-25','PG-13',NULL),(443,'A Star Is Born: Extended Cut 154',136,'2018-10-05','R',NULL),(444,'Crazy Rich Asians: Extended Cut 155',120,'2018-08-15','PG-13',NULL),(445,'About Time: Extended Cut 156',123,'2013-11-08','R',NULL),(446,'Me Before You: Extended Cut 157',110,'2016-06-03','PG-13',NULL),(447,'The Fault in Our Stars: Extended Cut 158',126,'2014-06-06','PG-13',NULL),(448,'Mamma Mia!: Extended Cut 159',108,'2008-07-18','PG-13',NULL),(449,'Notting Hill: Extended Cut 160',124,'1999-05-28','PG-13',NULL),(450,'Pride and Prejudice: Extended Cut 161',129,'2005-11-23','PG',NULL),(451,'Atonement: Extended Cut 162',123,'2007-09-07','R',NULL),(452,'Brooklyn: Extended Cut 163',117,'2015-11-06','PG-13',NULL),(453,'Titanic: Extended Cut 164',194,'1997-12-19','PG-13',NULL),(454,'Her: Extended Cut 165',126,'2014-01-10','R',NULL),(455,'500 Days of Summer: Extended Cut 166',95,'2009-07-17','PG-13',NULL),(456,'Eternal Sunshine of the Spotless Mind: Extended Cut 167',108,'2004-03-19','R',NULL),(457,'The Shape of Water: Extended Cut 168',123,'2017-12-22','R',NULL),(458,'When Harry Met Sally: Extended Cut 169',95,'1989-07-21','R',NULL),(459,'You\'ve Got Mail: Extended Cut 170',119,'1998-12-18','PG',NULL),(460,'Anyone But You: Extended Cut 171',103,'2023-12-22','R',NULL),(461,'Ticket to Paradise: Extended Cut 172',104,'2022-10-21','PG-13',NULL),(462,'Love Actually: Extended Cut 173',135,'2003-11-14','R',NULL),(463,'Blue Valentine: Extended Cut 174',112,'2010-12-29','NC-17',NULL),(464,'The Before Trilogy: Before Sunrise: Extended Cut 175',101,'1995-01-27','R',NULL),(465,'Normal People (film): Extended Cut 176',105,'2020-04-26','NR',NULL),(466,'Five Feet Apart: Extended Cut 177',116,'2019-03-15','PG-13',NULL),(467,'To All the Boys I\'ve Loved Before: Extended Cut 178',99,'2018-08-17','NR',NULL),(468,'Love, Rosie: Extended Cut 179',102,'2014-10-22','PG-13',NULL),(469,'Sleepless in Seattle: Extended Cut 180',105,'1993-06-25','PG',NULL),(470,'Everything Everywhere All at Once: Extended Cut 181',139,'2022-03-25','R',NULL),(471,'The Lord of the Rings: The Fellowship of the Ring: Extended Cut 182',178,'2001-12-19','PG-13',NULL),(472,'The Lord of the Rings: The Two Towers: Extended Cut 183',179,'2002-12-18','PG-13',NULL),(473,'The Lord of the Rings: The Return of the King: Extended Cut 184',201,'2003-12-17','PG-13',NULL),(474,'The Hobbit: An Unexpected Journey: Extended Cut 185',169,'2012-12-14','PG-13',NULL),(475,'Raiders of the Lost Ark: Extended Cut 186',115,'1981-06-12','PG',NULL),(476,'Indiana Jones and the Dial of Destiny: Extended Cut 187',154,'2023-06-30','PG-13',NULL),(477,'Jurassic Park: Extended Cut 188',127,'1993-06-11','PG-13',NULL),(478,'Jurassic World: Extended Cut 189',124,'2015-06-12','PG-13',NULL),(479,'Jurassic World Dominion: Extended Cut 190',147,'2022-06-10','PG-13',NULL),(480,'The Lion King: Extended Cut 191',118,'2019-07-19','PG',NULL),(481,'The Jungle Book: Extended Cut 192',106,'2016-04-15','PG',NULL),(482,'Pirates of the Caribbean: The Curse of the Black Pearl: Extended Cut 193',143,'2003-07-09','PG-13',NULL),(483,'Godzilla vs. Kong: Extended Cut 194',113,'2021-03-31','PG-13',NULL),(484,'Godzilla x Kong: The New Empire: Extended Cut 195',115,'2024-03-29','PG-13',NULL),(485,'Wonka: Extended Cut 196',116,'2023-12-15','PG',NULL),(486,'Paddington: Extended Cut 197',95,'2015-01-16','PG',NULL),(487,'Paddington 2: Extended Cut 198',103,'2018-01-12','PG',NULL),(488,'The Super Mario Bros. Movie: Extended Cut 199',92,'2023-04-05','PG',NULL),(489,'Dungeons & Dragons: Honor Among Thieves: Extended Cut 200',134,'2023-03-31','PG-13',NULL),(490,'Bullet Train: Extended Cut 201',127,'2022-08-05','R',NULL),(491,'The Fall Guy: Extended Cut 202',126,'2024-05-03','PG-13',NULL),(492,'Sonic the Hedgehog 2: Extended Cut 203',122,'2022-04-08','PG',NULL),(493,'Sonic the Hedgehog 3: Extended Cut 204',109,'2024-12-20','PG',NULL),(494,'King Kong: Extended Cut 205',187,'2005-12-14','PG-13',NULL),(495,'National Treasure: Extended Cut 206',131,'2004-11-19','PG',NULL),(496,'Treasure Planet: Extended Cut 207',95,'2002-11-27','PG',NULL),(497,'Around the World in 80 Days: Extended Cut 208',120,'2004-06-16','PG',NULL),(498,'The Mummy: Extended Cut 209',124,'1999-05-07','PG-13',NULL),(499,'Atlantis: The Lost Empire: Extended Cut 210',101,'2001-06-15','PG',NULL),(500,'Goodfellas: Extended Cut 211',145,'1990-09-19','R',NULL),(501,'Casino: Extended Cut 212',178,'1995-11-22','R',NULL),(502,'Heat: Extended Cut 213',170,'1995-12-15','R',NULL),(503,'The Departed: Extended Cut 214',151,'2006-10-06','R',NULL),(504,'Scarface: Extended Cut 215',170,'1983-12-09','R',NULL),(505,'Pulp Fiction: Extended Cut 216',154,'1994-10-14','R',NULL),(506,'Reservoir Dogs: Extended Cut 217',99,'1992-01-21','R',NULL),(507,'Django Unchained: Extended Cut 218',165,'2012-12-25','R',NULL),(508,'Inglourious Basterds: Extended Cut 219',153,'2009-08-21','R',NULL),(509,'Once Upon a Time in Hollywood: Extended Cut 220',161,'2019-07-26','R',NULL),(510,'No Country for Old Men: Extended Cut 221',122,'2007-11-09','R',NULL);
/*!40000 ALTER TABLE `movies` ENABLE KEYS */;
UNLOCK TABLES;

--
-- Table structure for table `screenings`
--

DROP TABLE IF EXISTS `screenings`;
/*!40101 SET @saved_cs_client     = @@character_set_client */;
/*!50503 SET character_set_client = utf8mb4 */;
CREATE TABLE `screenings` (
  `ScreeningID` int NOT NULL AUTO_INCREMENT,
  `MovieID` int NOT NULL,
  `RoomID` int NOT NULL,
  `ShowDate` datetime NOT NULL,
  PRIMARY KEY (`ScreeningID`),
  KEY `MovieID` (`MovieID`),
  KEY `RoomID` (`RoomID`),
  CONSTRAINT `screenings_ibfk_1` FOREIGN KEY (`MovieID`) REFERENCES `movies` (`MovieID`) ON DELETE CASCADE,
  CONSTRAINT `screenings_ibfk_2` FOREIGN KEY (`RoomID`) REFERENCES `cinemarooms` (`RoomID`) ON DELETE CASCADE
) ENGINE=InnoDB AUTO_INCREMENT=512 DEFAULT CHARSET=utf8mb4 COLLATE=utf8mb4_0900_ai_ci;
/*!40101 SET character_set_client = @saved_cs_client */;

--
-- Dumping data for table `screenings`
--

LOCK TABLES `screenings` WRITE;
/*!40000 ALTER TABLE `screenings` DISABLE KEYS */;
INSERT INTO `screenings` VALUES (1,292,12,'2026-05-26 20:00:00'),(2,47,32,'2026-05-31 14:00:00'),(3,36,39,'2026-05-15 12:00:00'),(4,55,39,'2026-05-03 08:00:00'),(5,178,28,'2026-05-28 10:00:00'),(6,371,38,'2026-05-15 10:00:00'),(7,46,42,'2026-05-27 10:00:00'),(8,224,1,'2026-05-06 16:00:00'),(9,471,27,'2026-05-06 22:00:00'),(10,5,25,'2026-05-29 08:00:00'),(11,264,46,'2026-05-25 18:00:00'),(12,87,15,'2026-05-16 10:00:00'),(13,498,42,'2026-05-28 12:00:00'),(14,195,29,'2026-05-30 12:00:00'),(15,352,24,'2026-05-20 12:00:00'),(16,489,7,'2026-05-06 14:00:00'),(17,389,3,'2026-05-03 16:00:00'),(18,198,50,'2026-05-27 22:00:00'),(19,285,20,'2026-06-02 16:00:00'),(20,205,50,'2026-05-18 18:00:00'),(21,500,1,'2026-05-19 20:00:00'),(22,495,21,'2026-06-02 08:00:00'),(23,47,19,'2026-05-22 14:00:00'),(24,389,10,'2026-05-28 14:00:00'),(25,61,42,'2026-05-16 22:00:00'),(26,441,6,'2026-05-27 20:00:00'),(27,211,28,'2026-05-17 16:00:00'),(28,279,7,'2026-05-17 14:00:00'),(29,76,34,'2026-05-30 10:00:00'),(30,1,14,'2026-05-13 10:00:00'),(31,271,49,'2026-05-15 12:00:00'),(32,467,24,'2026-05-03 10:00:00'),(33,46,13,'2026-05-03 14:00:00'),(34,266,13,'2026-05-28 18:00:00'),(35,400,17,'2026-05-03 18:00:00'),(36,38,35,'2026-05-04 22:00:00'),(37,436,8,'2026-05-30 22:00:00'),(38,369,22,'2026-05-11 18:00:00'),(39,3,29,'2026-05-19 12:00:00'),(40,464,19,'2026-05-31 18:00:00'),(41,2,25,'2026-05-20 18:00:00'),(42,30,45,'2026-05-14 10:00:00'),(43,32,14,'2026-05-11 20:00:00'),(44,78,40,'2026-05-11 14:00:00'),(45,382,11,'2026-06-01 22:00:00'),(46,403,14,'2026-05-08 14:00:00'),(47,279,27,'2026-05-23 20:00:00'),(48,154,39,'2026-05-07 10:00:00'),(49,423,43,'2026-05-19 16:00:00'),(50,410,41,'2026-05-28 08:00:00'),(51,137,46,'2026-05-13 10:00:00'),(52,212,3,'2026-05-18 14:00:00'),(53,433,42,'2026-05-18 18:00:00'),(54,345,13,'2026-05-23 12:00:00'),(55,458,26,'2026-06-01 12:00:00'),(56,462,49,'2026-05-13 20:00:00'),(57,241,29,'2026-05-28 12:00:00'),(58,171,35,'2026-05-19 10:00:00'),(59,309,47,'2026-05-03 08:00:00'),(60,168,30,'2026-05-19 18:00:00'),(61,27,38,'2026-05-11 20:00:00'),(62,172,2,'2026-05-26 22:00:00'),(63,68,30,'2026-05-24 14:00:00'),(64,126,16,'2026-05-14 08:00:00'),(65,122,14,'2026-05-25 16:00:00'),(66,119,49,'2026-05-03 12:00:00'),(67,356,46,'2026-05-09 10:00:00'),(68,238,29,'2026-05-16 14:00:00'),(69,278,14,'2026-05-26 22:00:00'),(70,211,47,'2026-05-31 10:00:00'),(71,67,31,'2026-05-23 22:00:00'),(72,223,7,'2026-05-26 08:00:00'),(73,238,42,'2026-05-07 08:00:00'),(74,74,28,'2026-05-04 16:00:00'),(75,15,1,'2026-05-31 12:00:00'),(76,414,28,'2026-05-11 08:00:00'),(77,70,50,'2026-05-27 16:00:00'),(78,72,8,'2026-05-21 08:00:00'),(79,447,14,'2026-05-13 22:00:00'),(80,254,32,'2026-05-05 18:00:00'),(81,402,13,'2026-05-29 20:00:00'),(82,356,25,'2026-06-02 10:00:00'),(83,418,11,'2026-05-29 16:00:00'),(84,360,47,'2026-05-16 22:00:00'),(85,397,28,'2026-05-27 08:00:00'),(86,287,46,'2026-05-15 10:00:00'),(87,479,47,'2026-05-25 12:00:00'),(88,290,29,'2026-05-31 10:00:00'),(89,359,30,'2026-05-12 14:00:00'),(90,265,7,'2026-06-01 12:00:00'),(91,199,2,'2026-05-24 14:00:00'),(92,320,25,'2026-05-26 08:00:00'),(93,78,17,'2026-05-19 20:00:00'),(94,28,33,'2026-05-11 10:00:00'),(95,331,38,'2026-05-09 20:00:00'),(96,133,39,'2026-05-12 22:00:00'),(97,76,13,'2026-05-25 16:00:00'),(98,333,29,'2026-05-19 22:00:00'),(99,450,15,'2026-05-03 20:00:00'),(100,240,17,'2026-05-12 08:00:00'),(101,448,31,'2026-05-05 14:00:00'),(102,237,24,'2026-06-02 18:00:00'),(103,263,6,'2026-05-09 14:00:00'),(104,25,13,'2026-05-20 18:00:00'),(105,276,50,'2026-05-18 14:00:00'),(106,172,50,'2026-05-23 20:00:00'),(107,87,29,'2026-05-26 22:00:00'),(108,289,41,'2026-05-06 12:00:00'),(109,214,9,'2026-05-09 14:00:00'),(110,59,31,'2026-05-28 10:00:00'),(111,67,47,'2026-05-26 10:00:00'),(112,307,37,'2026-05-10 18:00:00'),(113,146,48,'2026-05-30 22:00:00'),(114,115,44,'2026-05-29 16:00:00'),(115,369,27,'2026-05-11 10:00:00'),(116,245,47,'2026-05-18 16:00:00'),(117,501,50,'2026-05-22 16:00:00'),(118,505,34,'2026-05-24 08:00:00'),(119,256,41,'2026-05-22 08:00:00'),(120,294,43,'2026-05-08 18:00:00'),(121,10,36,'2026-05-23 10:00:00'),(122,477,1,'2026-05-03 20:00:00'),(123,209,30,'2026-05-27 12:00:00'),(124,123,24,'2026-05-30 18:00:00'),(125,164,2,'2026-05-15 22:00:00'),(126,201,8,'2026-05-15 16:00:00'),(127,185,14,'2026-05-07 10:00:00'),(128,504,29,'2026-05-09 22:00:00'),(129,339,26,'2026-05-06 22:00:00'),(130,354,41,'2026-05-08 16:00:00'),(131,433,1,'2026-05-06 08:00:00'),(132,176,28,'2026-05-25 16:00:00'),(133,449,23,'2026-05-12 08:00:00'),(134,76,40,'2026-05-24 08:00:00'),(135,290,33,'2026-05-27 18:00:00'),(136,445,16,'2026-05-28 10:00:00'),(137,19,3,'2026-05-08 08:00:00'),(138,369,33,'2026-05-25 18:00:00'),(139,27,2,'2026-05-28 16:00:00'),(140,87,19,'2026-05-17 08:00:00'),(141,351,37,'2026-05-23 14:00:00'),(142,24,50,'2026-05-13 16:00:00'),(143,380,33,'2026-05-23 18:00:00'),(144,55,26,'2026-05-22 20:00:00'),(145,422,31,'2026-05-18 10:00:00'),(146,230,29,'2026-05-03 08:00:00'),(147,491,28,'2026-05-22 20:00:00'),(148,461,26,'2026-05-12 12:00:00'),(149,227,17,'2026-05-29 12:00:00'),(150,332,35,'2026-05-09 08:00:00'),(151,133,6,'2026-05-22 22:00:00'),(152,446,42,'2026-05-21 08:00:00'),(153,8,45,'2026-05-04 14:00:00'),(154,464,7,'2026-05-24 22:00:00'),(155,13,30,'2026-05-10 20:00:00'),(156,54,37,'2026-05-31 10:00:00'),(157,116,5,'2026-05-27 10:00:00'),(158,93,21,'2026-05-12 12:00:00'),(159,168,17,'2026-05-26 20:00:00'),(160,465,1,'2026-05-07 14:00:00'),(161,284,19,'2026-05-28 14:00:00'),(162,59,50,'2026-05-07 10:00:00'),(163,79,17,'2026-06-02 12:00:00'),(164,169,49,'2026-05-11 16:00:00'),(165,468,28,'2026-05-19 10:00:00'),(166,284,37,'2026-05-29 14:00:00'),(167,177,28,'2026-05-28 08:00:00'),(168,199,5,'2026-05-31 22:00:00'),(169,223,17,'2026-05-20 08:00:00'),(170,143,22,'2026-05-08 18:00:00'),(171,329,37,'2026-05-30 08:00:00'),(172,338,46,'2026-05-22 16:00:00'),(173,267,2,'2026-05-07 18:00:00'),(174,24,32,'2026-05-11 22:00:00'),(175,391,50,'2026-05-09 08:00:00'),(176,271,36,'2026-05-19 16:00:00'),(177,33,38,'2026-05-28 20:00:00'),(178,195,33,'2026-05-12 18:00:00'),(179,168,24,'2026-05-07 20:00:00'),(180,475,34,'2026-05-26 08:00:00'),(181,206,43,'2026-05-18 20:00:00'),(182,329,50,'2026-05-11 16:00:00'),(183,410,25,'2026-05-09 12:00:00'),(184,252,47,'2026-05-03 18:00:00'),(185,78,5,'2026-05-03 10:00:00'),(186,137,15,'2026-05-17 20:00:00'),(187,403,10,'2026-05-07 22:00:00'),(188,489,9,'2026-05-17 22:00:00'),(189,415,50,'2026-05-21 14:00:00'),(190,71,12,'2026-05-21 14:00:00'),(191,117,22,'2026-05-13 18:00:00'),(192,17,18,'2026-05-29 10:00:00'),(193,411,33,'2026-05-28 12:00:00'),(194,498,5,'2026-05-28 12:00:00'),(195,202,28,'2026-05-27 16:00:00'),(196,15,7,'2026-05-30 10:00:00'),(197,368,45,'2026-05-14 16:00:00'),(198,118,1,'2026-05-30 18:00:00'),(199,365,27,'2026-05-21 08:00:00'),(200,161,4,'2026-06-02 18:00:00'),(201,406,5,'2026-05-19 12:00:00'),(202,16,30,'2026-05-11 20:00:00'),(203,120,4,'2026-05-27 16:00:00'),(204,208,9,'2026-05-26 10:00:00'),(205,499,2,'2026-05-25 10:00:00'),(206,231,17,'2026-05-30 18:00:00'),(207,14,36,'2026-05-14 16:00:00'),(208,110,44,'2026-05-11 08:00:00'),(209,12,14,'2026-05-21 10:00:00'),(210,361,11,'2026-05-04 20:00:00'),(211,164,31,'2026-05-05 14:00:00'),(212,249,22,'2026-05-19 08:00:00'),(213,73,31,'2026-05-23 20:00:00'),(214,325,25,'2026-05-17 20:00:00'),(215,505,3,'2026-05-05 22:00:00'),(216,56,1,'2026-05-17 16:00:00'),(217,99,4,'2026-05-14 18:00:00'),(218,470,29,'2026-05-09 16:00:00'),(219,453,3,'2026-06-02 08:00:00'),(220,67,39,'2026-05-09 16:00:00'),(221,410,9,'2026-05-14 08:00:00'),(222,165,21,'2026-05-26 22:00:00'),(223,1,31,'2026-05-07 16:00:00'),(224,401,41,'2026-05-13 10:00:00'),(225,12,47,'2026-05-18 12:00:00'),(226,17,18,'2026-05-12 16:00:00'),(227,379,3,'2026-05-13 10:00:00'),(228,368,46,'2026-05-09 08:00:00'),(229,6,48,'2026-05-07 20:00:00'),(230,225,41,'2026-05-04 12:00:00'),(231,326,28,'2026-05-12 14:00:00'),(232,191,28,'2026-05-17 16:00:00'),(233,363,16,'2026-05-05 20:00:00'),(234,344,2,'2026-05-10 20:00:00'),(235,456,32,'2026-05-06 16:00:00'),(236,279,11,'2026-05-16 22:00:00'),(237,237,46,'2026-05-04 10:00:00'),(238,232,28,'2026-05-10 22:00:00'),(239,443,10,'2026-05-29 14:00:00'),(240,306,45,'2026-05-07 16:00:00'),(241,179,28,'2026-05-21 22:00:00'),(242,356,4,'2026-05-10 22:00:00'),(243,19,43,'2026-05-24 16:00:00'),(244,337,25,'2026-05-03 08:00:00'),(245,296,44,'2026-06-01 20:00:00'),(246,322,29,'2026-05-10 22:00:00'),(247,119,14,'2026-05-15 08:00:00'),(248,123,39,'2026-05-25 14:00:00'),(249,136,49,'2026-05-05 14:00:00'),(250,329,48,'2026-05-17 18:00:00'),(251,18,9,'2026-05-04 12:00:00'),(252,140,4,'2026-05-03 08:00:00'),(253,394,28,'2026-05-03 18:00:00'),(254,177,6,'2026-05-24 18:00:00'),(255,2,25,'2026-05-27 20:00:00'),(256,34,21,'2026-05-23 18:00:00'),(257,440,23,'2026-05-28 12:00:00'),(258,224,32,'2026-05-08 12:00:00'),(259,485,40,'2026-05-22 10:00:00'),(260,122,19,'2026-05-23 14:00:00'),(261,281,15,'2026-05-09 12:00:00'),(262,199,39,'2026-05-03 16:00:00'),(263,187,39,'2026-05-25 14:00:00'),(264,420,50,'2026-05-29 14:00:00'),(265,490,16,'2026-05-20 14:00:00'),(266,256,23,'2026-05-05 12:00:00'),(267,244,27,'2026-05-27 14:00:00'),(268,160,43,'2026-05-21 20:00:00'),(269,173,36,'2026-05-16 10:00:00'),(270,339,47,'2026-05-28 20:00:00'),(271,419,6,'2026-05-14 22:00:00'),(272,203,50,'2026-05-30 14:00:00'),(273,449,44,'2026-05-12 08:00:00'),(274,333,31,'2026-05-23 10:00:00'),(275,385,49,'2026-05-21 12:00:00'),(276,105,47,'2026-05-11 16:00:00'),(277,108,30,'2026-06-02 12:00:00'),(278,290,23,'2026-05-05 22:00:00'),(279,439,29,'2026-05-07 12:00:00'),(280,230,15,'2026-05-15 20:00:00'),(281,206,38,'2026-05-18 22:00:00'),(282,310,12,'2026-05-16 20:00:00'),(283,243,26,'2026-05-19 18:00:00'),(284,35,10,'2026-05-03 12:00:00'),(285,291,9,'2026-06-02 22:00:00'),(286,312,3,'2026-05-30 10:00:00'),(287,275,42,'2026-05-22 14:00:00'),(288,265,39,'2026-05-31 14:00:00'),(289,199,21,'2026-05-20 08:00:00'),(290,289,6,'2026-05-25 12:00:00'),(291,127,37,'2026-05-10 16:00:00'),(292,8,22,'2026-05-14 12:00:00'),(293,462,48,'2026-05-18 14:00:00'),(294,18,35,'2026-05-17 14:00:00'),(295,374,6,'2026-05-18 18:00:00'),(296,75,6,'2026-05-17 08:00:00'),(297,5,27,'2026-05-05 22:00:00'),(298,407,21,'2026-05-16 14:00:00'),(299,5,32,'2026-05-18 18:00:00'),(300,267,34,'2026-05-03 14:00:00'),(301,409,23,'2026-05-09 22:00:00'),(302,163,31,'2026-05-07 12:00:00'),(303,201,22,'2026-05-15 18:00:00'),(304,279,34,'2026-05-10 22:00:00'),(305,182,31,'2026-05-29 20:00:00'),(306,314,8,'2026-05-21 08:00:00'),(307,222,10,'2026-05-28 14:00:00'),(308,298,24,'2026-05-12 12:00:00'),(309,5,12,'2026-05-15 20:00:00'),(310,202,33,'2026-05-20 20:00:00'),(311,326,37,'2026-05-07 10:00:00'),(312,136,46,'2026-05-22 14:00:00'),(313,25,17,'2026-05-03 22:00:00'),(314,17,7,'2026-05-05 20:00:00'),(315,333,35,'2026-05-12 08:00:00'),(316,111,30,'2026-05-09 12:00:00'),(317,105,15,'2026-05-03 14:00:00'),(318,219,22,'2026-05-19 12:00:00'),(319,133,40,'2026-05-30 14:00:00'),(320,364,3,'2026-05-24 12:00:00'),(321,86,38,'2026-05-11 18:00:00'),(322,109,15,'2026-05-13 22:00:00'),(323,121,47,'2026-05-21 22:00:00'),(324,72,43,'2026-05-25 08:00:00'),(325,458,7,'2026-05-26 12:00:00'),(326,12,1,'2026-05-31 16:00:00'),(327,420,19,'2026-05-26 12:00:00'),(328,370,17,'2026-05-31 18:00:00'),(329,4,33,'2026-05-03 16:00:00'),(330,433,34,'2026-05-16 12:00:00'),(331,105,28,'2026-05-04 16:00:00'),(332,255,49,'2026-05-07 16:00:00'),(333,148,19,'2026-05-11 10:00:00'),(334,241,18,'2026-05-07 18:00:00'),(335,415,32,'2026-05-09 16:00:00'),(336,403,8,'2026-05-15 20:00:00'),(337,240,28,'2026-05-28 08:00:00'),(338,225,33,'2026-05-28 18:00:00'),(339,328,11,'2026-05-15 18:00:00'),(340,340,42,'2026-05-03 22:00:00'),(341,231,27,'2026-05-08 16:00:00'),(342,143,49,'2026-05-27 12:00:00'),(343,130,44,'2026-05-27 14:00:00'),(344,267,27,'2026-05-27 20:00:00'),(345,292,40,'2026-05-13 14:00:00'),(346,411,46,'2026-05-15 22:00:00'),(347,146,46,'2026-05-24 14:00:00'),(348,138,22,'2026-05-29 12:00:00'),(349,228,20,'2026-05-28 08:00:00'),(350,376,47,'2026-05-03 18:00:00'),(351,80,27,'2026-05-28 18:00:00'),(352,483,27,'2026-05-09 14:00:00'),(353,477,30,'2026-05-28 12:00:00'),(354,3,42,'2026-05-22 20:00:00'),(355,36,39,'2026-05-30 20:00:00'),(356,84,43,'2026-05-18 20:00:00'),(357,174,31,'2026-05-27 20:00:00'),(358,505,34,'2026-05-12 16:00:00'),(359,320,17,'2026-05-13 10:00:00'),(360,137,7,'2026-05-20 18:00:00'),(361,31,31,'2026-05-10 20:00:00'),(362,376,16,'2026-05-11 20:00:00'),(363,48,48,'2026-05-07 10:00:00'),(364,430,22,'2026-05-26 18:00:00'),(365,252,50,'2026-05-08 14:00:00'),(366,180,27,'2026-05-11 08:00:00'),(367,260,7,'2026-05-23 20:00:00'),(368,216,16,'2026-05-11 12:00:00'),(369,91,12,'2026-05-29 10:00:00'),(370,157,41,'2026-05-08 10:00:00'),(371,292,8,'2026-05-23 08:00:00'),(372,263,34,'2026-05-25 22:00:00'),(373,41,10,'2026-05-03 22:00:00'),(374,89,3,'2026-05-27 14:00:00'),(375,404,38,'2026-05-11 22:00:00'),(376,409,14,'2026-05-17 14:00:00'),(377,162,23,'2026-05-19 22:00:00'),(378,456,7,'2026-05-20 16:00:00'),(379,453,46,'2026-05-06 08:00:00'),(380,69,14,'2026-05-08 10:00:00'),(381,181,40,'2026-05-26 22:00:00'),(382,142,5,'2026-05-03 14:00:00'),(383,336,30,'2026-05-30 14:00:00'),(384,282,35,'2026-05-10 12:00:00'),(385,309,49,'2026-05-08 12:00:00'),(386,283,48,'2026-05-12 08:00:00'),(387,270,2,'2026-05-22 12:00:00'),(388,276,49,'2026-06-01 10:00:00'),(389,278,44,'2026-05-19 18:00:00'),(390,252,19,'2026-05-24 22:00:00'),(391,72,24,'2026-05-29 16:00:00'),(392,305,7,'2026-05-16 18:00:00'),(393,324,32,'2026-06-02 18:00:00'),(394,34,48,'2026-05-07 10:00:00'),(395,320,1,'2026-05-31 14:00:00'),(396,384,48,'2026-05-07 16:00:00'),(397,2,49,'2026-05-03 16:00:00'),(398,100,24,'2026-05-04 10:00:00'),(399,436,12,'2026-05-27 22:00:00'),(400,489,42,'2026-05-19 08:00:00'),(401,466,49,'2026-05-18 18:00:00'),(402,240,43,'2026-05-16 18:00:00'),(403,180,15,'2026-05-09 12:00:00'),(404,315,16,'2026-05-31 22:00:00'),(405,450,12,'2026-05-16 20:00:00'),(406,131,50,'2026-05-13 12:00:00'),(407,338,46,'2026-06-02 16:00:00'),(408,406,5,'2026-05-08 08:00:00'),(409,510,45,'2026-05-08 22:00:00'),(410,12,40,'2026-05-19 20:00:00'),(411,104,1,'2026-05-17 20:00:00'),(412,215,30,'2026-06-01 16:00:00'),(413,481,30,'2026-05-10 20:00:00'),(414,27,17,'2026-05-22 20:00:00'),(415,505,3,'2026-05-22 12:00:00'),(416,137,17,'2026-05-25 12:00:00'),(417,244,17,'2026-05-30 16:00:00'),(418,86,3,'2026-05-28 10:00:00'),(419,433,49,'2026-05-18 22:00:00'),(420,13,25,'2026-05-07 10:00:00'),(421,419,4,'2026-05-19 18:00:00'),(422,234,44,'2026-05-30 12:00:00'),(423,352,28,'2026-05-12 12:00:00'),(424,4,47,'2026-05-25 18:00:00'),(425,184,38,'2026-06-01 16:00:00'),(426,56,29,'2026-05-09 08:00:00'),(427,486,50,'2026-05-25 20:00:00'),(428,27,40,'2026-06-02 14:00:00'),(429,440,41,'2026-05-17 12:00:00'),(430,71,8,'2026-05-11 22:00:00'),(431,301,19,'2026-05-12 18:00:00'),(432,308,21,'2026-05-28 14:00:00'),(433,415,13,'2026-05-24 12:00:00'),(434,465,20,'2026-05-08 12:00:00'),(435,437,25,'2026-05-27 12:00:00'),(436,167,1,'2026-05-21 16:00:00'),(437,279,7,'2026-05-22 18:00:00'),(438,146,36,'2026-05-23 10:00:00'),(439,487,1,'2026-05-14 12:00:00'),(440,448,35,'2026-05-20 18:00:00'),(441,294,17,'2026-05-19 14:00:00'),(442,241,32,'2026-06-01 20:00:00'),(443,440,5,'2026-05-15 16:00:00'),(444,57,35,'2026-05-22 18:00:00'),(445,402,24,'2026-05-16 10:00:00'),(446,349,29,'2026-05-16 08:00:00'),(447,202,12,'2026-05-27 16:00:00'),(448,179,15,'2026-05-23 08:00:00'),(449,480,21,'2026-06-01 16:00:00'),(450,330,48,'2026-05-11 08:00:00'),(451,463,33,'2026-05-10 20:00:00'),(452,450,17,'2026-05-19 20:00:00'),(453,276,30,'2026-05-05 10:00:00'),(454,339,8,'2026-05-19 08:00:00'),(455,148,21,'2026-05-20 14:00:00'),(456,318,14,'2026-05-23 08:00:00'),(457,249,13,'2026-05-19 12:00:00'),(458,260,26,'2026-05-09 14:00:00'),(459,437,18,'2026-05-09 12:00:00'),(460,175,2,'2026-05-29 22:00:00'),(461,344,17,'2026-05-25 16:00:00'),(462,70,13,'2026-05-18 20:00:00'),(463,486,42,'2026-05-13 20:00:00'),(464,47,18,'2026-05-16 22:00:00'),(465,435,34,'2026-05-11 16:00:00'),(466,91,10,'2026-05-28 10:00:00'),(467,444,12,'2026-05-19 08:00:00'),(468,199,38,'2026-05-22 10:00:00'),(469,118,18,'2026-05-17 08:00:00'),(470,241,22,'2026-05-25 22:00:00'),(471,41,50,'2026-05-28 12:00:00'),(472,122,23,'2026-05-31 14:00:00'),(473,247,2,'2026-05-13 22:00:00'),(474,35,18,'2026-05-21 10:00:00'),(475,495,18,'2026-05-03 12:00:00'),(476,80,50,'2026-05-10 14:00:00'),(477,325,12,'2026-05-12 12:00:00'),(478,112,25,'2026-06-02 16:00:00'),(479,149,19,'2026-05-18 20:00:00'),(480,439,15,'2026-05-09 12:00:00'),(481,432,1,'2026-05-23 10:00:00'),(482,105,23,'2026-05-25 16:00:00'),(483,107,2,'2026-05-28 22:00:00'),(484,274,29,'2026-05-11 08:00:00'),(485,366,23,'2026-05-10 16:00:00'),(486,87,17,'2026-05-31 18:00:00'),(487,387,24,'2026-05-20 08:00:00'),(488,317,11,'2026-05-25 12:00:00'),(489,474,30,'2026-05-30 08:00:00'),(490,31,14,'2026-05-08 08:00:00'),(491,89,12,'2026-05-10 18:00:00'),(492,410,20,'2026-06-02 22:00:00'),(493,345,7,'2026-05-16 08:00:00'),(494,130,21,'2026-05-10 08:00:00'),(495,390,22,'2026-05-03 10:00:00'),(496,295,4,'2026-05-16 22:00:00'),(497,459,19,'2026-05-23 22:00:00'),(498,131,7,'2026-05-04 10:00:00'),(499,191,9,'2026-05-11 12:00:00'),(500,25,45,'2026-05-31 22:00:00'),(501,124,43,'2026-05-23 14:00:00'),(502,7,4,'2026-05-19 16:00:00'),(503,436,18,'2026-05-11 12:00:00'),(504,255,11,'2026-05-29 18:00:00'),(505,380,17,'2026-05-07 22:00:00'),(506,22,12,'2026-05-08 10:00:00'),(507,442,16,'2026-05-23 14:00:00'),(508,310,30,'2026-05-03 20:00:00'),(509,170,15,'2026-05-28 18:00:00'),(510,440,12,'2026-05-28 18:00:00');
/*!40000 ALTER TABLE `screenings` ENABLE KEYS */;
UNLOCK TABLES;

--
-- Table structure for table `seat_types`
--

DROP TABLE IF EXISTS `seat_types`;
/*!40101 SET @saved_cs_client     = @@character_set_client */;
/*!50503 SET character_set_client = utf8mb4 */;
CREATE TABLE `seat_types` (
  `TypeID` int NOT NULL AUTO_INCREMENT,
  `TypeName` varchar(50) NOT NULL,
  `BasePrice` decimal(10,2) NOT NULL,
  PRIMARY KEY (`TypeID`),
  CONSTRAINT `seat_types_chk_1` CHECK ((`BasePrice` >= 0))
) ENGINE=InnoDB AUTO_INCREMENT=4 DEFAULT CHARSET=utf8mb4 COLLATE=utf8mb4_0900_ai_ci;
/*!40101 SET character_set_client = @saved_cs_client */;

--
-- Dumping data for table `seat_types`
--

LOCK TABLES `seat_types` WRITE;
/*!40000 ALTER TABLE `seat_types` DISABLE KEYS */;
INSERT INTO `seat_types` VALUES (1,'Standard',75000.00),(2,'VIP',110000.00),(3,'Sweetbox',150000.00);
/*!40000 ALTER TABLE `seat_types` ENABLE KEYS */;
UNLOCK TABLES;

--
-- Table structure for table `seats`
--

DROP TABLE IF EXISTS `seats`;
/*!40101 SET @saved_cs_client     = @@character_set_client */;
/*!50503 SET character_set_client = utf8mb4 */;
CREATE TABLE `seats` (
  `SeatID` int NOT NULL AUTO_INCREMENT,
  `RoomID` int NOT NULL,
  `TypeID` int NOT NULL,
  `RowChar` char(1) NOT NULL,
  `SeatNumber` varchar(10) DEFAULT NULL,
  `Status` enum('Available','Booked','Locked') DEFAULT 'Available',
  `LockedUntil` datetime DEFAULT NULL,
  PRIMARY KEY (`SeatID`),
  KEY `RoomID` (`RoomID`),
  KEY `TypeID` (`TypeID`),
  CONSTRAINT `seats_ibfk_1` FOREIGN KEY (`RoomID`) REFERENCES `cinemarooms` (`RoomID`) ON DELETE CASCADE,
  CONSTRAINT `seats_ibfk_2` FOREIGN KEY (`TypeID`) REFERENCES `seat_types` (`TypeID`) ON DELETE CASCADE
) ENGINE=InnoDB AUTO_INCREMENT=5001 DEFAULT CHARSET=utf8mb4 COLLATE=utf8mb4_0900_ai_ci;
/*!40101 SET character_set_client = @saved_cs_client */;

--
-- Dumping data for table `seats`
--

LOCK TABLES `seats` WRITE;
/*!40000 ALTER TABLE `seats` DISABLE KEYS */;
INSERT INTO `seats` VALUES (1,1,1,'A','A1','Available',NULL),(2,1,1,'A','A2','Available',NULL),(3,1,1,'A','A3','Available',NULL),(4,1,1,'A','A4','Available',NULL),(5,1,1,'A','A5','Available',NULL),(6,1,1,'A','A6','Available',NULL),(7,1,1,'A','A7','Available',NULL),(8,1,1,'A','A8','Available',NULL),(9,1,1,'A','A9','Available',NULL),(10,1,1,'A','A10','Available',NULL),(11,1,1,'B','B1','Available',NULL),(12,1,1,'B','B2','Available',NULL),(13,1,1,'B','B3','Available',NULL),(14,1,1,'B','B4','Available',NULL),(15,1,1,'B','B5','Available',NULL),(16,1,1,'B','B6','Available',NULL),(17,1,1,'B','B7','Available',NULL),(18,1,1,'B','B8','Available',NULL),(19,1,1,'B','B9','Available',NULL),(20,1,1,'B','B10','Available',NULL),(21,1,2,'C','C1','Available',NULL),(22,1,2,'C','C2','Available',NULL),(23,1,2,'C','C3','Available',NULL),(24,1,2,'C','C4','Available',NULL),(25,1,2,'C','C5','Available',NULL),(26,1,2,'C','C6','Available',NULL),(27,1,2,'C','C7','Available',NULL),(28,1,2,'C','C8','Available',NULL),(29,1,2,'C','C9','Available',NULL),(30,1,2,'C','C10','Available',NULL),(31,1,2,'D','D1','Available',NULL),(32,1,2,'D','D2','Available',NULL),(33,1,2,'D','D3','Available',NULL),(34,1,2,'D','D4','Available',NULL),(35,1,2,'D','D5','Available',NULL),(36,1,2,'D','D6','Available',NULL),(37,1,2,'D','D7','Available',NULL),(38,1,2,'D','D8','Available',NULL),(39,1,2,'D','D9','Available',NULL),(40,1,2,'D','D10','Available',NULL),(41,1,2,'E','E1','Available',NULL),(42,1,2,'E','E2','Available',NULL),(43,1,2,'E','E3','Available',NULL),(44,1,2,'E','E4','Available',NULL),(45,1,2,'E','E5','Available',NULL),(46,1,2,'E','E6','Available',NULL),(47,1,2,'E','E7','Available',NULL),(48,1,2,'E','E8','Available',NULL),(49,1,2,'E','E9','Available',NULL),(50,1,2,'E','E10','Available',NULL),(51,1,2,'F','F1','Available',NULL),(52,1,2,'F','F2','Available',NULL),(53,1,2,'F','F3','Available',NULL),(54,1,2,'F','F4','Available',NULL),(55,1,2,'F','F5','Available',NULL),(56,1,2,'F','F6','Available',NULL),(57,1,2,'F','F7','Available',NULL),(58,1,2,'F','F8','Available',NULL),(59,1,2,'F','F9','Available',NULL),(60,1,2,'F','F10','Available',NULL),(61,1,2,'G','G1','Available',NULL),(62,1,2,'G','G2','Available',NULL),(63,1,2,'G','G3','Available',NULL),(64,1,2,'G','G4','Available',NULL),(65,1,2,'G','G5','Available',NULL),(66,1,2,'G','G6','Available',NULL),(67,1,2,'G','G7','Available',NULL),(68,1,2,'G','G8','Available',NULL),(69,1,2,'G','G9','Available',NULL),(70,1,2,'G','G10','Available',NULL),(71,1,2,'H','H1','Available',NULL),(72,1,2,'H','H2','Available',NULL),(73,1,2,'H','H3','Available',NULL),(74,1,2,'H','H4','Available',NULL),(75,1,2,'H','H5','Available',NULL),(76,1,2,'H','H6','Available',NULL),(77,1,2,'H','H7','Available',NULL),(78,1,2,'H','H8','Available',NULL),(79,1,2,'H','H9','Available',NULL),(80,1,2,'H','H10','Available',NULL),(81,1,3,'I','I1','Available',NULL),(82,1,3,'I','I2','Available',NULL),(83,1,3,'I','I3','Available',NULL),(84,1,3,'I','I4','Available',NULL),(85,1,3,'I','I5','Available',NULL),(86,1,3,'I','I6','Available',NULL),(87,1,3,'I','I7','Available',NULL),(88,1,3,'I','I8','Available',NULL),(89,1,3,'I','I9','Available',NULL),(90,1,3,'I','I10','Available',NULL),(91,1,3,'J','J1','Available',NULL),(92,1,3,'J','J2','Available',NULL),(93,1,3,'J','J3','Available',NULL),(94,1,3,'J','J4','Available',NULL),(95,1,3,'J','J5','Available',NULL),(96,1,3,'J','J6','Available',NULL),(97,1,3,'J','J7','Available',NULL),(98,1,3,'J','J8','Available',NULL),(99,1,3,'J','J9','Available',NULL),(100,1,3,'J','J10','Available',NULL),(101,2,1,'A','A1','Available',NULL),(102,2,1,'A','A2','Available',NULL),(103,2,1,'A','A3','Available',NULL),(104,2,1,'A','A4','Available',NULL),(105,2,1,'A','A5','Available',NULL),(106,2,1,'A','A6','Available',NULL),(107,2,1,'A','A7','Available',NULL),(108,2,1,'A','A8','Available',NULL),(109,2,1,'A','A9','Available',NULL),(110,2,1,'A','A10','Available',NULL),(111,2,1,'B','B1','Available',NULL),(112,2,1,'B','B2','Available',NULL),(113,2,1,'B','B3','Available',NULL),(114,2,1,'B','B4','Available',NULL),(115,2,1,'B','B5','Available',NULL),(116,2,1,'B','B6','Available',NULL),(117,2,1,'B','B7','Available',NULL),(118,2,1,'B','B8','Available',NULL),(119,2,1,'B','B9','Available',NULL),(120,2,1,'B','B10','Available',NULL),(121,2,2,'C','C1','Available',NULL),(122,2,2,'C','C2','Available',NULL),(123,2,2,'C','C3','Available',NULL),(124,2,2,'C','C4','Available',NULL),(125,2,2,'C','C5','Available',NULL),(126,2,2,'C','C6','Available',NULL),(127,2,2,'C','C7','Available',NULL),(128,2,2,'C','C8','Available',NULL),(129,2,2,'C','C9','Available',NULL),(130,2,2,'C','C10','Available',NULL),(131,2,2,'D','D1','Available',NULL),(132,2,2,'D','D2','Available',NULL),(133,2,2,'D','D3','Available',NULL),(134,2,2,'D','D4','Available',NULL),(135,2,2,'D','D5','Available',NULL),(136,2,2,'D','D6','Available',NULL),(137,2,2,'D','D7','Available',NULL),(138,2,2,'D','D8','Available',NULL),(139,2,2,'D','D9','Available',NULL),(140,2,2,'D','D10','Available',NULL),(141,2,2,'E','E1','Available',NULL),(142,2,2,'E','E2','Available',NULL),(143,2,2,'E','E3','Available',NULL),(144,2,2,'E','E4','Available',NULL),(145,2,2,'E','E5','Available',NULL),(146,2,2,'E','E6','Available',NULL),(147,2,2,'E','E7','Available',NULL),(148,2,2,'E','E8','Available',NULL),(149,2,2,'E','E9','Available',NULL),(150,2,2,'E','E10','Available',NULL),(151,2,2,'F','F1','Available',NULL),(152,2,2,'F','F2','Available',NULL),(153,2,2,'F','F3','Available',NULL),(154,2,2,'F','F4','Available',NULL),(155,2,2,'F','F5','Available',NULL),(156,2,2,'F','F6','Available',NULL),(157,2,2,'F','F7','Available',NULL),(158,2,2,'F','F8','Available',NULL),(159,2,2,'F','F9','Available',NULL),(160,2,2,'F','F10','Available',NULL),(161,2,2,'G','G1','Available',NULL),(162,2,2,'G','G2','Available',NULL),(163,2,2,'G','G3','Available',NULL),(164,2,2,'G','G4','Available',NULL),(165,2,2,'G','G5','Available',NULL),(166,2,2,'G','G6','Available',NULL),(167,2,2,'G','G7','Available',NULL),(168,2,2,'G','G8','Available',NULL),(169,2,2,'G','G9','Available',NULL),(170,2,2,'G','G10','Available',NULL),(171,2,2,'H','H1','Available',NULL),(172,2,2,'H','H2','Available',NULL),(173,2,2,'H','H3','Available',NULL),(174,2,2,'H','H4','Available',NULL),(175,2,2,'H','H5','Available',NULL),(176,2,2,'H','H6','Available',NULL),(177,2,2,'H','H7','Available',NULL),(178,2,2,'H','H8','Available',NULL),(179,2,2,'H','H9','Available',NULL),(180,2,2,'H','H10','Available',NULL),(181,2,3,'I','I1','Available',NULL),(182,2,3,'I','I2','Available',NULL),(183,2,3,'I','I3','Available',NULL),(184,2,3,'I','I4','Available',NULL),(185,2,3,'I','I5','Available',NULL),(186,2,3,'I','I6','Available',NULL),(187,2,3,'I','I7','Available',NULL),(188,2,3,'I','I8','Available',NULL),(189,2,3,'I','I9','Available',NULL),(190,2,3,'I','I10','Available',NULL),(191,2,3,'J','J1','Available',NULL),(192,2,3,'J','J2','Available',NULL),(193,2,3,'J','J3','Available',NULL),(194,2,3,'J','J4','Available',NULL),(195,2,3,'J','J5','Available',NULL),(196,2,3,'J','J6','Available',NULL),(197,2,3,'J','J7','Available',NULL),(198,2,3,'J','J8','Available',NULL),(199,2,3,'J','J9','Available',NULL),(200,2,3,'J','J10','Available',NULL),(201,3,1,'A','A1','Available',NULL),(202,3,1,'A','A2','Available',NULL),(203,3,1,'A','A3','Available',NULL),(204,3,1,'A','A4','Available',NULL),(205,3,1,'A','A5','Available',NULL),(206,3,1,'A','A6','Available',NULL),(207,3,1,'A','A7','Available',NULL),(208,3,1,'A','A8','Available',NULL),(209,3,1,'A','A9','Available',NULL),(210,3,1,'A','A10','Available',NULL),(211,3,1,'B','B1','Available',NULL),(212,3,1,'B','B2','Available',NULL),(213,3,1,'B','B3','Available',NULL),(214,3,1,'B','B4','Available',NULL),(215,3,1,'B','B5','Available',NULL),(216,3,1,'B','B6','Available',NULL),(217,3,1,'B','B7','Available',NULL),(218,3,1,'B','B8','Available',NULL),(219,3,1,'B','B9','Available',NULL),(220,3,1,'B','B10','Available',NULL),(221,3,2,'C','C1','Available',NULL),(222,3,2,'C','C2','Available',NULL),(223,3,2,'C','C3','Available',NULL),(224,3,2,'C','C4','Available',NULL),(225,3,2,'C','C5','Available',NULL),(226,3,2,'C','C6','Available',NULL),(227,3,2,'C','C7','Available',NULL),(228,3,2,'C','C8','Available',NULL),(229,3,2,'C','C9','Available',NULL),(230,3,2,'C','C10','Available',NULL),(231,3,2,'D','D1','Available',NULL),(232,3,2,'D','D2','Available',NULL),(233,3,2,'D','D3','Available',NULL),(234,3,2,'D','D4','Available',NULL),(235,3,2,'D','D5','Available',NULL),(236,3,2,'D','D6','Available',NULL),(237,3,2,'D','D7','Available',NULL),(238,3,2,'D','D8','Available',NULL),(239,3,2,'D','D9','Available',NULL),(240,3,2,'D','D10','Available',NULL),(241,3,2,'E','E1','Available',NULL),(242,3,2,'E','E2','Available',NULL),(243,3,2,'E','E3','Available',NULL),(244,3,2,'E','E4','Available',NULL),(245,3,2,'E','E5','Available',NULL),(246,3,2,'E','E6','Available',NULL),(247,3,2,'E','E7','Available',NULL),(248,3,2,'E','E8','Available',NULL),(249,3,2,'E','E9','Available',NULL),(250,3,2,'E','E10','Available',NULL),(251,3,2,'F','F1','Available',NULL),(252,3,2,'F','F2','Available',NULL),(253,3,2,'F','F3','Available',NULL),(254,3,2,'F','F4','Available',NULL),(255,3,2,'F','F5','Available',NULL),(256,3,2,'F','F6','Available',NULL),(257,3,2,'F','F7','Available',NULL),(258,3,2,'F','F8','Available',NULL),(259,3,2,'F','F9','Available',NULL),(260,3,2,'F','F10','Available',NULL),(261,3,2,'G','G1','Available',NULL),(262,3,2,'G','G2','Available',NULL),(263,3,2,'G','G3','Available',NULL),(264,3,2,'G','G4','Available',NULL),(265,3,2,'G','G5','Available',NULL),(266,3,2,'G','G6','Available',NULL),(267,3,2,'G','G7','Available',NULL),(268,3,2,'G','G8','Available',NULL),(269,3,2,'G','G9','Available',NULL),(270,3,2,'G','G10','Available',NULL),(271,3,2,'H','H1','Available',NULL),(272,3,2,'H','H2','Available',NULL),(273,3,2,'H','H3','Available',NULL),(274,3,2,'H','H4','Available',NULL),(275,3,2,'H','H5','Available',NULL),(276,3,2,'H','H6','Available',NULL),(277,3,2,'H','H7','Available',NULL),(278,3,2,'H','H8','Available',NULL),(279,3,2,'H','H9','Available',NULL),(280,3,2,'H','H10','Available',NULL),(281,3,3,'I','I1','Available',NULL),(282,3,3,'I','I2','Available',NULL),(283,3,3,'I','I3','Available',NULL),(284,3,3,'I','I4','Available',NULL),(285,3,3,'I','I5','Available',NULL),(286,3,3,'I','I6','Available',NULL),(287,3,3,'I','I7','Available',NULL),(288,3,3,'I','I8','Available',NULL),(289,3,3,'I','I9','Available',NULL),(290,3,3,'I','I10','Available',NULL),(291,3,3,'J','J1','Available',NULL),(292,3,3,'J','J2','Available',NULL),(293,3,3,'J','J3','Available',NULL),(294,3,3,'J','J4','Available',NULL),(295,3,3,'J','J5','Available',NULL),(296,3,3,'J','J6','Available',NULL),(297,3,3,'J','J7','Available',NULL),(298,3,3,'J','J8','Available',NULL),(299,3,3,'J','J9','Available',NULL),(300,3,3,'J','J10','Available',NULL),(301,4,1,'A','A1','Available',NULL),(302,4,1,'A','A2','Available',NULL),(303,4,1,'A','A3','Available',NULL),(304,4,1,'A','A4','Available',NULL),(305,4,1,'A','A5','Available',NULL),(306,4,1,'A','A6','Available',NULL),(307,4,1,'A','A7','Available',NULL),(308,4,1,'A','A8','Available',NULL),(309,4,1,'A','A9','Available',NULL),(310,4,1,'A','A10','Available',NULL),(311,4,1,'B','B1','Available',NULL),(312,4,1,'B','B2','Available',NULL),(313,4,1,'B','B3','Available',NULL),(314,4,1,'B','B4','Available',NULL),(315,4,1,'B','B5','Available',NULL),(316,4,1,'B','B6','Available',NULL),(317,4,1,'B','B7','Available',NULL),(318,4,1,'B','B8','Available',NULL),(319,4,1,'B','B9','Available',NULL),(320,4,1,'B','B10','Available',NULL),(321,4,2,'C','C1','Available',NULL),(322,4,2,'C','C2','Available',NULL),(323,4,2,'C','C3','Available',NULL),(324,4,2,'C','C4','Available',NULL),(325,4,2,'C','C5','Available',NULL),(326,4,2,'C','C6','Available',NULL),(327,4,2,'C','C7','Available',NULL),(328,4,2,'C','C8','Available',NULL),(329,4,2,'C','C9','Available',NULL),(330,4,2,'C','C10','Available',NULL),(331,4,2,'D','D1','Available',NULL),(332,4,2,'D','D2','Available',NULL),(333,4,2,'D','D3','Available',NULL),(334,4,2,'D','D4','Available',NULL),(335,4,2,'D','D5','Available',NULL),(336,4,2,'D','D6','Available',NULL),(337,4,2,'D','D7','Available',NULL),(338,4,2,'D','D8','Available',NULL),(339,4,2,'D','D9','Available',NULL),(340,4,2,'D','D10','Available',NULL),(341,4,2,'E','E1','Available',NULL),(342,4,2,'E','E2','Available',NULL),(343,4,2,'E','E3','Available',NULL),(344,4,2,'E','E4','Available',NULL),(345,4,2,'E','E5','Available',NULL),(346,4,2,'E','E6','Available',NULL),(347,4,2,'E','E7','Available',NULL),(348,4,2,'E','E8','Available',NULL),(349,4,2,'E','E9','Available',NULL),(350,4,2,'E','E10','Available',NULL),(351,4,2,'F','F1','Available',NULL),(352,4,2,'F','F2','Available',NULL),(353,4,2,'F','F3','Available',NULL),(354,4,2,'F','F4','Available',NULL),(355,4,2,'F','F5','Available',NULL),(356,4,2,'F','F6','Available',NULL),(357,4,2,'F','F7','Available',NULL),(358,4,2,'F','F8','Available',NULL),(359,4,2,'F','F9','Available',NULL),(360,4,2,'F','F10','Available',NULL),(361,4,2,'G','G1','Available',NULL),(362,4,2,'G','G2','Available',NULL),(363,4,2,'G','G3','Available',NULL),(364,4,2,'G','G4','Available',NULL),(365,4,2,'G','G5','Available',NULL),(366,4,2,'G','G6','Available',NULL),(367,4,2,'G','G7','Available',NULL),(368,4,2,'G','G8','Available',NULL),(369,4,2,'G','G9','Available',NULL),(370,4,2,'G','G10','Available',NULL),(371,4,2,'H','H1','Available',NULL),(372,4,2,'H','H2','Available',NULL),(373,4,2,'H','H3','Available',NULL),(374,4,2,'H','H4','Available',NULL),(375,4,2,'H','H5','Available',NULL),(376,4,2,'H','H6','Available',NULL),(377,4,2,'H','H7','Available',NULL),(378,4,2,'H','H8','Available',NULL),(379,4,2,'H','H9','Available',NULL),(380,4,2,'H','H10','Available',NULL),(381,4,3,'I','I1','Available',NULL),(382,4,3,'I','I2','Available',NULL),(383,4,3,'I','I3','Available',NULL),(384,4,3,'I','I4','Available',NULL),(385,4,3,'I','I5','Available',NULL),(386,4,3,'I','I6','Available',NULL),(387,4,3,'I','I7','Available',NULL),(388,4,3,'I','I8','Available',NULL),(389,4,3,'I','I9','Available',NULL),(390,4,3,'I','I10','Available',NULL),(391,4,3,'J','J1','Available',NULL),(392,4,3,'J','J2','Available',NULL),(393,4,3,'J','J3','Available',NULL),(394,4,3,'J','J4','Available',NULL),(395,4,3,'J','J5','Available',NULL),(396,4,3,'J','J6','Available',NULL),(397,4,3,'J','J7','Available',NULL),(398,4,3,'J','J8','Available',NULL),(399,4,3,'J','J9','Available',NULL),(400,4,3,'J','J10','Available',NULL),(401,5,1,'A','A1','Available',NULL),(402,5,1,'A','A2','Available',NULL),(403,5,1,'A','A3','Available',NULL),(404,5,1,'A','A4','Available',NULL),(405,5,1,'A','A5','Available',NULL),(406,5,1,'A','A6','Available',NULL),(407,5,1,'A','A7','Available',NULL),(408,5,1,'A','A8','Available',NULL),(409,5,1,'A','A9','Available',NULL),(410,5,1,'A','A10','Available',NULL),(411,5,1,'B','B1','Available',NULL),(412,5,1,'B','B2','Available',NULL),(413,5,1,'B','B3','Available',NULL),(414,5,1,'B','B4','Available',NULL),(415,5,1,'B','B5','Available',NULL),(416,5,1,'B','B6','Available',NULL),(417,5,1,'B','B7','Available',NULL),(418,5,1,'B','B8','Available',NULL),(419,5,1,'B','B9','Available',NULL),(420,5,1,'B','B10','Available',NULL),(421,5,2,'C','C1','Available',NULL),(422,5,2,'C','C2','Available',NULL),(423,5,2,'C','C3','Available',NULL),(424,5,2,'C','C4','Available',NULL),(425,5,2,'C','C5','Available',NULL),(426,5,2,'C','C6','Available',NULL),(427,5,2,'C','C7','Available',NULL),(428,5,2,'C','C8','Available',NULL),(429,5,2,'C','C9','Available',NULL),(430,5,2,'C','C10','Available',NULL),(431,5,2,'D','D1','Available',NULL),(432,5,2,'D','D2','Available',NULL),(433,5,2,'D','D3','Available',NULL),(434,5,2,'D','D4','Available',NULL),(435,5,2,'D','D5','Available',NULL),(436,5,2,'D','D6','Available',NULL),(437,5,2,'D','D7','Available',NULL),(438,5,2,'D','D8','Available',NULL),(439,5,2,'D','D9','Available',NULL),(440,5,2,'D','D10','Available',NULL),(441,5,2,'E','E1','Available',NULL),(442,5,2,'E','E2','Available',NULL),(443,5,2,'E','E3','Available',NULL),(444,5,2,'E','E4','Available',NULL),(445,5,2,'E','E5','Available',NULL),(446,5,2,'E','E6','Available',NULL),(447,5,2,'E','E7','Available',NULL),(448,5,2,'E','E8','Available',NULL),(449,5,2,'E','E9','Available',NULL),(450,5,2,'E','E10','Available',NULL),(451,5,2,'F','F1','Available',NULL),(452,5,2,'F','F2','Available',NULL),(453,5,2,'F','F3','Available',NULL),(454,5,2,'F','F4','Available',NULL),(455,5,2,'F','F5','Available',NULL),(456,5,2,'F','F6','Available',NULL),(457,5,2,'F','F7','Available',NULL),(458,5,2,'F','F8','Available',NULL),(459,5,2,'F','F9','Available',NULL),(460,5,2,'F','F10','Available',NULL),(461,5,2,'G','G1','Available',NULL),(462,5,2,'G','G2','Available',NULL),(463,5,2,'G','G3','Available',NULL),(464,5,2,'G','G4','Available',NULL),(465,5,2,'G','G5','Available',NULL),(466,5,2,'G','G6','Available',NULL),(467,5,2,'G','G7','Available',NULL),(468,5,2,'G','G8','Available',NULL),(469,5,2,'G','G9','Available',NULL),(470,5,2,'G','G10','Available',NULL),(471,5,2,'H','H1','Available',NULL),(472,5,2,'H','H2','Available',NULL),(473,5,2,'H','H3','Available',NULL),(474,5,2,'H','H4','Available',NULL),(475,5,2,'H','H5','Available',NULL),(476,5,2,'H','H6','Available',NULL),(477,5,2,'H','H7','Available',NULL),(478,5,2,'H','H8','Available',NULL),(479,5,2,'H','H9','Available',NULL),(480,5,2,'H','H10','Available',NULL),(481,5,3,'I','I1','Available',NULL),(482,5,3,'I','I2','Available',NULL),(483,5,3,'I','I3','Available',NULL),(484,5,3,'I','I4','Available',NULL),(485,5,3,'I','I5','Available',NULL),(486,5,3,'I','I6','Available',NULL),(487,5,3,'I','I7','Available',NULL),(488,5,3,'I','I8','Available',NULL),(489,5,3,'I','I9','Available',NULL),(490,5,3,'I','I10','Available',NULL),(491,5,3,'J','J1','Available',NULL),(492,5,3,'J','J2','Available',NULL),(493,5,3,'J','J3','Available',NULL),(494,5,3,'J','J4','Available',NULL),(495,5,3,'J','J5','Available',NULL),(496,5,3,'J','J6','Available',NULL),(497,5,3,'J','J7','Available',NULL),(498,5,3,'J','J8','Available',NULL),(499,5,3,'J','J9','Available',NULL),(500,5,3,'J','J10','Available',NULL),(501,6,1,'A','A1','Available',NULL),(502,6,1,'A','A2','Available',NULL),(503,6,1,'A','A3','Available',NULL),(504,6,1,'A','A4','Available',NULL),(505,6,1,'A','A5','Available',NULL),(506,6,1,'A','A6','Available',NULL),(507,6,1,'A','A7','Available',NULL),(508,6,1,'A','A8','Available',NULL),(509,6,1,'A','A9','Available',NULL),(510,6,1,'A','A10','Available',NULL),(511,6,1,'B','B1','Available',NULL),(512,6,1,'B','B2','Available',NULL),(513,6,1,'B','B3','Available',NULL),(514,6,1,'B','B4','Available',NULL),(515,6,1,'B','B5','Available',NULL),(516,6,1,'B','B6','Available',NULL),(517,6,1,'B','B7','Available',NULL),(518,6,1,'B','B8','Available',NULL),(519,6,1,'B','B9','Available',NULL),(520,6,1,'B','B10','Available',NULL),(521,6,2,'C','C1','Available',NULL),(522,6,2,'C','C2','Available',NULL),(523,6,2,'C','C3','Available',NULL),(524,6,2,'C','C4','Available',NULL),(525,6,2,'C','C5','Available',NULL),(526,6,2,'C','C6','Available',NULL),(527,6,2,'C','C7','Available',NULL),(528,6,2,'C','C8','Available',NULL),(529,6,2,'C','C9','Available',NULL),(530,6,2,'C','C10','Available',NULL),(531,6,2,'D','D1','Available',NULL),(532,6,2,'D','D2','Available',NULL),(533,6,2,'D','D3','Available',NULL),(534,6,2,'D','D4','Available',NULL),(535,6,2,'D','D5','Available',NULL),(536,6,2,'D','D6','Available',NULL),(537,6,2,'D','D7','Available',NULL),(538,6,2,'D','D8','Available',NULL),(539,6,2,'D','D9','Available',NULL),(540,6,2,'D','D10','Available',NULL),(541,6,2,'E','E1','Available',NULL),(542,6,2,'E','E2','Available',NULL),(543,6,2,'E','E3','Available',NULL),(544,6,2,'E','E4','Available',NULL),(545,6,2,'E','E5','Available',NULL),(546,6,2,'E','E6','Available',NULL),(547,6,2,'E','E7','Available',NULL),(548,6,2,'E','E8','Available',NULL),(549,6,2,'E','E9','Available',NULL),(550,6,2,'E','E10','Available',NULL),(551,6,2,'F','F1','Available',NULL),(552,6,2,'F','F2','Available',NULL),(553,6,2,'F','F3','Available',NULL),(554,6,2,'F','F4','Available',NULL),(555,6,2,'F','F5','Available',NULL),(556,6,2,'F','F6','Available',NULL),(557,6,2,'F','F7','Available',NULL),(558,6,2,'F','F8','Available',NULL),(559,6,2,'F','F9','Available',NULL),(560,6,2,'F','F10','Available',NULL),(561,6,2,'G','G1','Available',NULL),(562,6,2,'G','G2','Available',NULL),(563,6,2,'G','G3','Available',NULL),(564,6,2,'G','G4','Available',NULL),(565,6,2,'G','G5','Available',NULL),(566,6,2,'G','G6','Available',NULL),(567,6,2,'G','G7','Available',NULL),(568,6,2,'G','G8','Available',NULL),(569,6,2,'G','G9','Available',NULL),(570,6,2,'G','G10','Available',NULL),(571,6,2,'H','H1','Available',NULL),(572,6,2,'H','H2','Available',NULL),(573,6,2,'H','H3','Available',NULL),(574,6,2,'H','H4','Available',NULL),(575,6,2,'H','H5','Available',NULL),(576,6,2,'H','H6','Available',NULL),(577,6,2,'H','H7','Available',NULL),(578,6,2,'H','H8','Available',NULL),(579,6,2,'H','H9','Available',NULL),(580,6,2,'H','H10','Available',NULL),(581,6,3,'I','I1','Available',NULL),(582,6,3,'I','I2','Available',NULL),(583,6,3,'I','I3','Available',NULL),(584,6,3,'I','I4','Available',NULL),(585,6,3,'I','I5','Available',NULL),(586,6,3,'I','I6','Available',NULL),(587,6,3,'I','I7','Available',NULL),(588,6,3,'I','I8','Available',NULL),(589,6,3,'I','I9','Available',NULL),(590,6,3,'I','I10','Available',NULL),(591,6,3,'J','J1','Available',NULL),(592,6,3,'J','J2','Available',NULL),(593,6,3,'J','J3','Available',NULL),(594,6,3,'J','J4','Available',NULL),(595,6,3,'J','J5','Available',NULL),(596,6,3,'J','J6','Available',NULL),(597,6,3,'J','J7','Available',NULL),(598,6,3,'J','J8','Available',NULL),(599,6,3,'J','J9','Available',NULL),(600,6,3,'J','J10','Available',NULL),(601,7,1,'A','A1','Available',NULL),(602,7,1,'A','A2','Available',NULL),(603,7,1,'A','A3','Available',NULL),(604,7,1,'A','A4','Available',NULL),(605,7,1,'A','A5','Available',NULL),(606,7,1,'A','A6','Available',NULL),(607,7,1,'A','A7','Available',NULL),(608,7,1,'A','A8','Available',NULL),(609,7,1,'A','A9','Available',NULL),(610,7,1,'A','A10','Available',NULL),(611,7,1,'B','B1','Available',NULL),(612,7,1,'B','B2','Available',NULL),(613,7,1,'B','B3','Available',NULL),(614,7,1,'B','B4','Available',NULL),(615,7,1,'B','B5','Available',NULL),(616,7,1,'B','B6','Available',NULL),(617,7,1,'B','B7','Available',NULL),(618,7,1,'B','B8','Available',NULL),(619,7,1,'B','B9','Available',NULL),(620,7,1,'B','B10','Available',NULL),(621,7,2,'C','C1','Available',NULL),(622,7,2,'C','C2','Available',NULL),(623,7,2,'C','C3','Available',NULL),(624,7,2,'C','C4','Available',NULL),(625,7,2,'C','C5','Available',NULL),(626,7,2,'C','C6','Available',NULL),(627,7,2,'C','C7','Available',NULL),(628,7,2,'C','C8','Available',NULL),(629,7,2,'C','C9','Available',NULL),(630,7,2,'C','C10','Available',NULL),(631,7,2,'D','D1','Available',NULL),(632,7,2,'D','D2','Available',NULL),(633,7,2,'D','D3','Available',NULL),(634,7,2,'D','D4','Available',NULL),(635,7,2,'D','D5','Available',NULL),(636,7,2,'D','D6','Available',NULL),(637,7,2,'D','D7','Available',NULL),(638,7,2,'D','D8','Available',NULL),(639,7,2,'D','D9','Available',NULL),(640,7,2,'D','D10','Available',NULL),(641,7,2,'E','E1','Available',NULL),(642,7,2,'E','E2','Available',NULL),(643,7,2,'E','E3','Available',NULL),(644,7,2,'E','E4','Available',NULL),(645,7,2,'E','E5','Available',NULL),(646,7,2,'E','E6','Available',NULL),(647,7,2,'E','E7','Available',NULL),(648,7,2,'E','E8','Available',NULL),(649,7,2,'E','E9','Available',NULL),(650,7,2,'E','E10','Available',NULL),(651,7,2,'F','F1','Available',NULL),(652,7,2,'F','F2','Available',NULL),(653,7,2,'F','F3','Available',NULL),(654,7,2,'F','F4','Available',NULL),(655,7,2,'F','F5','Available',NULL),(656,7,2,'F','F6','Available',NULL),(657,7,2,'F','F7','Available',NULL),(658,7,2,'F','F8','Available',NULL),(659,7,2,'F','F9','Available',NULL),(660,7,2,'F','F10','Available',NULL),(661,7,2,'G','G1','Available',NULL),(662,7,2,'G','G2','Available',NULL),(663,7,2,'G','G3','Available',NULL),(664,7,2,'G','G4','Available',NULL),(665,7,2,'G','G5','Available',NULL),(666,7,2,'G','G6','Available',NULL),(667,7,2,'G','G7','Available',NULL),(668,7,2,'G','G8','Available',NULL),(669,7,2,'G','G9','Available',NULL),(670,7,2,'G','G10','Available',NULL),(671,7,2,'H','H1','Available',NULL),(672,7,2,'H','H2','Available',NULL),(673,7,2,'H','H3','Available',NULL),(674,7,2,'H','H4','Available',NULL),(675,7,2,'H','H5','Available',NULL),(676,7,2,'H','H6','Available',NULL),(677,7,2,'H','H7','Available',NULL),(678,7,2,'H','H8','Available',NULL),(679,7,2,'H','H9','Available',NULL),(680,7,2,'H','H10','Available',NULL),(681,7,3,'I','I1','Available',NULL),(682,7,3,'I','I2','Available',NULL),(683,7,3,'I','I3','Available',NULL),(684,7,3,'I','I4','Available',NULL),(685,7,3,'I','I5','Available',NULL),(686,7,3,'I','I6','Available',NULL),(687,7,3,'I','I7','Available',NULL),(688,7,3,'I','I8','Available',NULL),(689,7,3,'I','I9','Available',NULL),(690,7,3,'I','I10','Available',NULL),(691,7,3,'J','J1','Available',NULL),(692,7,3,'J','J2','Available',NULL),(693,7,3,'J','J3','Available',NULL),(694,7,3,'J','J4','Available',NULL),(695,7,3,'J','J5','Available',NULL),(696,7,3,'J','J6','Available',NULL),(697,7,3,'J','J7','Available',NULL),(698,7,3,'J','J8','Available',NULL),(699,7,3,'J','J9','Available',NULL),(700,7,3,'J','J10','Available',NULL),(701,8,1,'A','A1','Available',NULL),(702,8,1,'A','A2','Available',NULL),(703,8,1,'A','A3','Available',NULL),(704,8,1,'A','A4','Available',NULL),(705,8,1,'A','A5','Available',NULL),(706,8,1,'A','A6','Available',NULL),(707,8,1,'A','A7','Available',NULL),(708,8,1,'A','A8','Available',NULL),(709,8,1,'A','A9','Available',NULL),(710,8,1,'A','A10','Available',NULL),(711,8,1,'B','B1','Available',NULL),(712,8,1,'B','B2','Available',NULL),(713,8,1,'B','B3','Available',NULL),(714,8,1,'B','B4','Available',NULL),(715,8,1,'B','B5','Available',NULL),(716,8,1,'B','B6','Available',NULL),(717,8,1,'B','B7','Available',NULL),(718,8,1,'B','B8','Available',NULL),(719,8,1,'B','B9','Available',NULL),(720,8,1,'B','B10','Available',NULL),(721,8,2,'C','C1','Available',NULL),(722,8,2,'C','C2','Available',NULL),(723,8,2,'C','C3','Available',NULL),(724,8,2,'C','C4','Available',NULL),(725,8,2,'C','C5','Available',NULL),(726,8,2,'C','C6','Available',NULL),(727,8,2,'C','C7','Available',NULL),(728,8,2,'C','C8','Available',NULL),(729,8,2,'C','C9','Available',NULL),(730,8,2,'C','C10','Available',NULL),(731,8,2,'D','D1','Available',NULL),(732,8,2,'D','D2','Available',NULL),(733,8,2,'D','D3','Available',NULL),(734,8,2,'D','D4','Available',NULL),(735,8,2,'D','D5','Available',NULL),(736,8,2,'D','D6','Available',NULL),(737,8,2,'D','D7','Available',NULL),(738,8,2,'D','D8','Available',NULL),(739,8,2,'D','D9','Available',NULL),(740,8,2,'D','D10','Available',NULL),(741,8,2,'E','E1','Available',NULL),(742,8,2,'E','E2','Available',NULL),(743,8,2,'E','E3','Available',NULL),(744,8,2,'E','E4','Available',NULL),(745,8,2,'E','E5','Available',NULL),(746,8,2,'E','E6','Available',NULL),(747,8,2,'E','E7','Available',NULL),(748,8,2,'E','E8','Available',NULL),(749,8,2,'E','E9','Available',NULL),(750,8,2,'E','E10','Available',NULL),(751,8,2,'F','F1','Available',NULL),(752,8,2,'F','F2','Available',NULL),(753,8,2,'F','F3','Available',NULL),(754,8,2,'F','F4','Available',NULL),(755,8,2,'F','F5','Available',NULL),(756,8,2,'F','F6','Available',NULL),(757,8,2,'F','F7','Available',NULL),(758,8,2,'F','F8','Available',NULL),(759,8,2,'F','F9','Available',NULL),(760,8,2,'F','F10','Available',NULL),(761,8,2,'G','G1','Available',NULL),(762,8,2,'G','G2','Available',NULL),(763,8,2,'G','G3','Available',NULL),(764,8,2,'G','G4','Available',NULL),(765,8,2,'G','G5','Available',NULL),(766,8,2,'G','G6','Available',NULL),(767,8,2,'G','G7','Available',NULL),(768,8,2,'G','G8','Available',NULL),(769,8,2,'G','G9','Available',NULL),(770,8,2,'G','G10','Available',NULL),(771,8,2,'H','H1','Available',NULL),(772,8,2,'H','H2','Available',NULL),(773,8,2,'H','H3','Available',NULL),(774,8,2,'H','H4','Available',NULL),(775,8,2,'H','H5','Available',NULL),(776,8,2,'H','H6','Available',NULL),(777,8,2,'H','H7','Available',NULL),(778,8,2,'H','H8','Available',NULL),(779,8,2,'H','H9','Available',NULL),(780,8,2,'H','H10','Available',NULL),(781,8,3,'I','I1','Available',NULL),(782,8,3,'I','I2','Available',NULL),(783,8,3,'I','I3','Available',NULL),(784,8,3,'I','I4','Available',NULL),(785,8,3,'I','I5','Available',NULL),(786,8,3,'I','I6','Available',NULL),(787,8,3,'I','I7','Available',NULL),(788,8,3,'I','I8','Available',NULL),(789,8,3,'I','I9','Available',NULL),(790,8,3,'I','I10','Available',NULL),(791,8,3,'J','J1','Available',NULL),(792,8,3,'J','J2','Available',NULL),(793,8,3,'J','J3','Available',NULL),(794,8,3,'J','J4','Available',NULL),(795,8,3,'J','J5','Available',NULL),(796,8,3,'J','J6','Available',NULL),(797,8,3,'J','J7','Available',NULL),(798,8,3,'J','J8','Available',NULL),(799,8,3,'J','J9','Available',NULL),(800,8,3,'J','J10','Available',NULL),(801,9,1,'A','A1','Locked','2026-05-03 18:11:46'),(802,9,1,'A','A2','Booked','2026-05-03 18:48:47'),(803,9,1,'A','A3','Locked','2026-05-03 19:22:04'),(804,9,1,'A','A4','Locked','2026-05-03 19:05:36'),(805,9,1,'A','A5','Locked','2026-05-03 19:06:36'),(806,9,1,'A','A6','Available',NULL),(807,9,1,'A','A7','Available',NULL),(808,9,1,'A','A8','Available',NULL),(809,9,1,'A','A9','Available',NULL),(810,9,1,'A','A10','Locked','2026-05-03 18:48:14'),(811,9,1,'B','B1','Available',NULL),(812,9,1,'B','B2','Available',NULL),(813,9,1,'B','B3','Available',NULL),(814,9,1,'B','B4','Available',NULL),(815,9,1,'B','B5','Available',NULL),(816,9,1,'B','B6','Locked','2026-05-03 18:29:47'),(817,9,1,'B','B7','Available',NULL),(818,9,1,'B','B8','Available',NULL),(819,9,1,'B','B9','Available',NULL),(820,9,1,'B','B10','Available',NULL),(821,9,2,'C','C1','Available',NULL),(822,9,2,'C','C2','Available',NULL),(823,9,2,'C','C3','Available',NULL),(824,9,2,'C','C4','Available',NULL),(825,9,2,'C','C5','Available',NULL),(826,9,2,'C','C6','Available',NULL),(827,9,2,'C','C7','Available',NULL),(828,9,2,'C','C8','Available',NULL),(829,9,2,'C','C9','Available',NULL),(830,9,2,'C','C10','Available',NULL),(831,9,2,'D','D1','Available',NULL),(832,9,2,'D','D2','Available',NULL),(833,9,2,'D','D3','Available',NULL),(834,9,2,'D','D4','Available',NULL),(835,9,2,'D','D5','Available',NULL),(836,9,2,'D','D6','Available',NULL),(837,9,2,'D','D7','Available',NULL),(838,9,2,'D','D8','Available',NULL),(839,9,2,'D','D9','Available',NULL),(840,9,2,'D','D10','Available',NULL),(841,9,2,'E','E1','Available',NULL),(842,9,2,'E','E2','Available',NULL),(843,9,2,'E','E3','Available',NULL),(844,9,2,'E','E4','Available',NULL),(845,9,2,'E','E5','Available',NULL),(846,9,2,'E','E6','Available',NULL),(847,9,2,'E','E7','Available',NULL),(848,9,2,'E','E8','Available',NULL),(849,9,2,'E','E9','Available',NULL),(850,9,2,'E','E10','Available',NULL),(851,9,2,'F','F1','Available',NULL),(852,9,2,'F','F2','Available',NULL),(853,9,2,'F','F3','Available',NULL),(854,9,2,'F','F4','Available',NULL),(855,9,2,'F','F5','Available',NULL),(856,9,2,'F','F6','Available',NULL),(857,9,2,'F','F7','Available',NULL),(858,9,2,'F','F8','Available',NULL),(859,9,2,'F','F9','Available',NULL),(860,9,2,'F','F10','Available',NULL),(861,9,2,'G','G1','Available',NULL),(862,9,2,'G','G2','Available',NULL),(863,9,2,'G','G3','Available',NULL),(864,9,2,'G','G4','Available',NULL),(865,9,2,'G','G5','Available',NULL),(866,9,2,'G','G6','Locked','2026-05-03 18:47:03'),(867,9,2,'G','G7','Available',NULL),(868,9,2,'G','G8','Available',NULL),(869,9,2,'G','G9','Available',NULL),(870,9,2,'G','G10','Booked','2026-05-03 18:53:25'),(871,9,2,'H','H1','Available',NULL),(872,9,2,'H','H2','Available',NULL),(873,9,2,'H','H3','Available',NULL),(874,9,2,'H','H4','Available',NULL),(875,9,2,'H','H5','Available',NULL),(876,9,2,'H','H6','Available',NULL),(877,9,2,'H','H7','Available',NULL),(878,9,2,'H','H8','Available',NULL),(879,9,2,'H','H9','Available',NULL),(880,9,2,'H','H10','Available',NULL),(881,9,3,'I','I1','Available',NULL),(882,9,3,'I','I2','Available',NULL),(883,9,3,'I','I3','Available',NULL),(884,9,3,'I','I4','Available',NULL),(885,9,3,'I','I5','Available',NULL),(886,9,3,'I','I6','Available',NULL),(887,9,3,'I','I7','Available',NULL),(888,9,3,'I','I8','Available',NULL),(889,9,3,'I','I9','Available',NULL),(890,9,3,'I','I10','Locked','2026-05-03 18:49:06'),(891,9,3,'J','J1','Available',NULL),(892,9,3,'J','J2','Available',NULL),(893,9,3,'J','J3','Available',NULL),(894,9,3,'J','J4','Available',NULL),(895,9,3,'J','J5','Available',NULL),(896,9,3,'J','J6','Locked','2026-05-03 19:14:06'),(897,9,3,'J','J7','Locked','2026-05-03 19:09:42'),(898,9,3,'J','J8','Booked','2026-05-03 19:08:16'),(899,9,3,'J','J9','Locked','2026-05-03 19:07:14'),(900,9,3,'J','J10','Available',NULL),(901,10,1,'A','A1','Available',NULL),(902,10,1,'A','A2','Available',NULL),(903,10,1,'A','A3','Available',NULL),(904,10,1,'A','A4','Available',NULL),(905,10,1,'A','A5','Available',NULL),(906,10,1,'A','A6','Available',NULL),(907,10,1,'A','A7','Available',NULL),(908,10,1,'A','A8','Available',NULL),(909,10,1,'A','A9','Available',NULL),(910,10,1,'A','A10','Available',NULL),(911,10,1,'B','B1','Available',NULL),(912,10,1,'B','B2','Available',NULL),(913,10,1,'B','B3','Available',NULL),(914,10,1,'B','B4','Available',NULL),(915,10,1,'B','B5','Available',NULL),(916,10,1,'B','B6','Available',NULL),(917,10,1,'B','B7','Available',NULL),(918,10,1,'B','B8','Available',NULL),(919,10,1,'B','B9','Available',NULL),(920,10,1,'B','B10','Available',NULL),(921,10,2,'C','C1','Available',NULL),(922,10,2,'C','C2','Available',NULL),(923,10,2,'C','C3','Available',NULL),(924,10,2,'C','C4','Available',NULL),(925,10,2,'C','C5','Available',NULL),(926,10,2,'C','C6','Available',NULL),(927,10,2,'C','C7','Available',NULL),(928,10,2,'C','C8','Available',NULL),(929,10,2,'C','C9','Available',NULL),(930,10,2,'C','C10','Available',NULL),(931,10,2,'D','D1','Available',NULL),(932,10,2,'D','D2','Available',NULL),(933,10,2,'D','D3','Available',NULL),(934,10,2,'D','D4','Available',NULL),(935,10,2,'D','D5','Available',NULL),(936,10,2,'D','D6','Available',NULL),(937,10,2,'D','D7','Available',NULL),(938,10,2,'D','D8','Available',NULL),(939,10,2,'D','D9','Available',NULL),(940,10,2,'D','D10','Available',NULL),(941,10,2,'E','E1','Available',NULL),(942,10,2,'E','E2','Available',NULL),(943,10,2,'E','E3','Available',NULL),(944,10,2,'E','E4','Available',NULL),(945,10,2,'E','E5','Available',NULL),(946,10,2,'E','E6','Available',NULL),(947,10,2,'E','E7','Available',NULL),(948,10,2,'E','E8','Available',NULL),(949,10,2,'E','E9','Available',NULL),(950,10,2,'E','E10','Available',NULL),(951,10,2,'F','F1','Available',NULL),(952,10,2,'F','F2','Available',NULL),(953,10,2,'F','F3','Available',NULL),(954,10,2,'F','F4','Available',NULL),(955,10,2,'F','F5','Available',NULL),(956,10,2,'F','F6','Available',NULL),(957,10,2,'F','F7','Available',NULL),(958,10,2,'F','F8','Available',NULL),(959,10,2,'F','F9','Available',NULL),(960,10,2,'F','F10','Available',NULL),(961,10,2,'G','G1','Available',NULL),(962,10,2,'G','G2','Available',NULL),(963,10,2,'G','G3','Available',NULL),(964,10,2,'G','G4','Available',NULL),(965,10,2,'G','G5','Available',NULL),(966,10,2,'G','G6','Available',NULL),(967,10,2,'G','G7','Available',NULL),(968,10,2,'G','G8','Available',NULL),(969,10,2,'G','G9','Available',NULL),(970,10,2,'G','G10','Available',NULL),(971,10,2,'H','H1','Available',NULL),(972,10,2,'H','H2','Available',NULL),(973,10,2,'H','H3','Available',NULL),(974,10,2,'H','H4','Available',NULL),(975,10,2,'H','H5','Available',NULL),(976,10,2,'H','H6','Available',NULL),(977,10,2,'H','H7','Available',NULL),(978,10,2,'H','H8','Available',NULL),(979,10,2,'H','H9','Available',NULL),(980,10,2,'H','H10','Available',NULL),(981,10,3,'I','I1','Available',NULL),(982,10,3,'I','I2','Available',NULL),(983,10,3,'I','I3','Available',NULL),(984,10,3,'I','I4','Available',NULL),(985,10,3,'I','I5','Available',NULL),(986,10,3,'I','I6','Available',NULL),(987,10,3,'I','I7','Available',NULL),(988,10,3,'I','I8','Available',NULL),(989,10,3,'I','I9','Available',NULL),(990,10,3,'I','I10','Available',NULL),(991,10,3,'J','J1','Available',NULL),(992,10,3,'J','J2','Available',NULL),(993,10,3,'J','J3','Available',NULL),(994,10,3,'J','J4','Available',NULL),(995,10,3,'J','J5','Available',NULL),(996,10,3,'J','J6','Available',NULL),(997,10,3,'J','J7','Available',NULL),(998,10,3,'J','J8','Available',NULL),(999,10,3,'J','J9','Available',NULL),(1000,10,3,'J','J10','Available',NULL),(1001,11,1,'A','A1','Available',NULL),(1002,11,1,'A','A2','Available',NULL),(1003,11,1,'A','A3','Available',NULL),(1004,11,1,'A','A4','Available',NULL),(1005,11,1,'A','A5','Available',NULL),(1006,11,1,'A','A6','Available',NULL),(1007,11,1,'A','A7','Available',NULL),(1008,11,1,'A','A8','Available',NULL),(1009,11,1,'A','A9','Available',NULL),(1010,11,1,'A','A10','Available',NULL),(1011,11,1,'B','B1','Available',NULL),(1012,11,1,'B','B2','Available',NULL),(1013,11,1,'B','B3','Available',NULL),(1014,11,1,'B','B4','Available',NULL),(1015,11,1,'B','B5','Available',NULL),(1016,11,1,'B','B6','Available',NULL),(1017,11,1,'B','B7','Available',NULL),(1018,11,1,'B','B8','Available',NULL),(1019,11,1,'B','B9','Available',NULL),(1020,11,1,'B','B10','Available',NULL),(1021,11,2,'C','C1','Available',NULL),(1022,11,2,'C','C2','Available',NULL),(1023,11,2,'C','C3','Available',NULL),(1024,11,2,'C','C4','Available',NULL),(1025,11,2,'C','C5','Available',NULL),(1026,11,2,'C','C6','Available',NULL),(1027,11,2,'C','C7','Available',NULL),(1028,11,2,'C','C8','Available',NULL),(1029,11,2,'C','C9','Available',NULL),(1030,11,2,'C','C10','Available',NULL),(1031,11,2,'D','D1','Available',NULL),(1032,11,2,'D','D2','Available',NULL),(1033,11,2,'D','D3','Available',NULL),(1034,11,2,'D','D4','Available',NULL),(1035,11,2,'D','D5','Available',NULL),(1036,11,2,'D','D6','Available',NULL),(1037,11,2,'D','D7','Available',NULL),(1038,11,2,'D','D8','Available',NULL),(1039,11,2,'D','D9','Available',NULL),(1040,11,2,'D','D10','Available',NULL),(1041,11,2,'E','E1','Available',NULL),(1042,11,2,'E','E2','Available',NULL),(1043,11,2,'E','E3','Available',NULL),(1044,11,2,'E','E4','Available',NULL),(1045,11,2,'E','E5','Available',NULL),(1046,11,2,'E','E6','Available',NULL),(1047,11,2,'E','E7','Available',NULL),(1048,11,2,'E','E8','Available',NULL),(1049,11,2,'E','E9','Available',NULL),(1050,11,2,'E','E10','Available',NULL),(1051,11,2,'F','F1','Available',NULL),(1052,11,2,'F','F2','Available',NULL),(1053,11,2,'F','F3','Available',NULL),(1054,11,2,'F','F4','Available',NULL),(1055,11,2,'F','F5','Available',NULL),(1056,11,2,'F','F6','Available',NULL),(1057,11,2,'F','F7','Available',NULL),(1058,11,2,'F','F8','Available',NULL),(1059,11,2,'F','F9','Available',NULL),(1060,11,2,'F','F10','Available',NULL),(1061,11,2,'G','G1','Available',NULL),(1062,11,2,'G','G2','Available',NULL),(1063,11,2,'G','G3','Available',NULL),(1064,11,2,'G','G4','Available',NULL),(1065,11,2,'G','G5','Available',NULL),(1066,11,2,'G','G6','Available',NULL),(1067,11,2,'G','G7','Available',NULL),(1068,11,2,'G','G8','Available',NULL),(1069,11,2,'G','G9','Available',NULL),(1070,11,2,'G','G10','Available',NULL),(1071,11,2,'H','H1','Available',NULL),(1072,11,2,'H','H2','Available',NULL),(1073,11,2,'H','H3','Available',NULL),(1074,11,2,'H','H4','Available',NULL),(1075,11,2,'H','H5','Available',NULL),(1076,11,2,'H','H6','Available',NULL),(1077,11,2,'H','H7','Available',NULL),(1078,11,2,'H','H8','Available',NULL),(1079,11,2,'H','H9','Available',NULL),(1080,11,2,'H','H10','Available',NULL),(1081,11,3,'I','I1','Available',NULL),(1082,11,3,'I','I2','Available',NULL),(1083,11,3,'I','I3','Available',NULL),(1084,11,3,'I','I4','Available',NULL),(1085,11,3,'I','I5','Available',NULL),(1086,11,3,'I','I6','Available',NULL),(1087,11,3,'I','I7','Available',NULL),(1088,11,3,'I','I8','Available',NULL),(1089,11,3,'I','I9','Available',NULL),(1090,11,3,'I','I10','Available',NULL),(1091,11,3,'J','J1','Available',NULL),(1092,11,3,'J','J2','Available',NULL),(1093,11,3,'J','J3','Available',NULL),(1094,11,3,'J','J4','Available',NULL),(1095,11,3,'J','J5','Available',NULL),(1096,11,3,'J','J6','Available',NULL),(1097,11,3,'J','J7','Available',NULL),(1098,11,3,'J','J8','Available',NULL),(1099,11,3,'J','J9','Available',NULL),(1100,11,3,'J','J10','Available',NULL),(1101,12,1,'A','A1','Available',NULL),(1102,12,1,'A','A2','Available',NULL),(1103,12,1,'A','A3','Available',NULL),(1104,12,1,'A','A4','Available',NULL),(1105,12,1,'A','A5','Available',NULL),(1106,12,1,'A','A6','Available',NULL),(1107,12,1,'A','A7','Available',NULL),(1108,12,1,'A','A8','Available',NULL),(1109,12,1,'A','A9','Available',NULL),(1110,12,1,'A','A10','Available',NULL),(1111,12,1,'B','B1','Available',NULL),(1112,12,1,'B','B2','Available',NULL),(1113,12,1,'B','B3','Available',NULL),(1114,12,1,'B','B4','Available',NULL),(1115,12,1,'B','B5','Available',NULL),(1116,12,1,'B','B6','Available',NULL),(1117,12,1,'B','B7','Available',NULL),(1118,12,1,'B','B8','Available',NULL),(1119,12,1,'B','B9','Available',NULL),(1120,12,1,'B','B10','Available',NULL),(1121,12,2,'C','C1','Available',NULL),(1122,12,2,'C','C2','Available',NULL),(1123,12,2,'C','C3','Available',NULL),(1124,12,2,'C','C4','Available',NULL),(1125,12,2,'C','C5','Available',NULL),(1126,12,2,'C','C6','Available',NULL),(1127,12,2,'C','C7','Available',NULL),(1128,12,2,'C','C8','Available',NULL),(1129,12,2,'C','C9','Available',NULL),(1130,12,2,'C','C10','Available',NULL),(1131,12,2,'D','D1','Available',NULL),(1132,12,2,'D','D2','Available',NULL),(1133,12,2,'D','D3','Available',NULL),(1134,12,2,'D','D4','Available',NULL),(1135,12,2,'D','D5','Available',NULL),(1136,12,2,'D','D6','Available',NULL),(1137,12,2,'D','D7','Available',NULL),(1138,12,2,'D','D8','Available',NULL),(1139,12,2,'D','D9','Available',NULL),(1140,12,2,'D','D10','Available',NULL),(1141,12,2,'E','E1','Available',NULL),(1142,12,2,'E','E2','Available',NULL),(1143,12,2,'E','E3','Available',NULL),(1144,12,2,'E','E4','Available',NULL),(1145,12,2,'E','E5','Available',NULL),(1146,12,2,'E','E6','Available',NULL),(1147,12,2,'E','E7','Available',NULL),(1148,12,2,'E','E8','Available',NULL),(1149,12,2,'E','E9','Available',NULL),(1150,12,2,'E','E10','Available',NULL),(1151,12,2,'F','F1','Available',NULL),(1152,12,2,'F','F2','Available',NULL),(1153,12,2,'F','F3','Available',NULL),(1154,12,2,'F','F4','Available',NULL),(1155,12,2,'F','F5','Available',NULL),(1156,12,2,'F','F6','Available',NULL),(1157,12,2,'F','F7','Available',NULL),(1158,12,2,'F','F8','Available',NULL),(1159,12,2,'F','F9','Available',NULL),(1160,12,2,'F','F10','Available',NULL),(1161,12,2,'G','G1','Available',NULL),(1162,12,2,'G','G2','Available',NULL),(1163,12,2,'G','G3','Available',NULL),(1164,12,2,'G','G4','Available',NULL),(1165,12,2,'G','G5','Available',NULL),(1166,12,2,'G','G6','Available',NULL),(1167,12,2,'G','G7','Available',NULL),(1168,12,2,'G','G8','Available',NULL),(1169,12,2,'G','G9','Available',NULL),(1170,12,2,'G','G10','Available',NULL),(1171,12,2,'H','H1','Available',NULL),(1172,12,2,'H','H2','Available',NULL),(1173,12,2,'H','H3','Available',NULL),(1174,12,2,'H','H4','Available',NULL),(1175,12,2,'H','H5','Available',NULL),(1176,12,2,'H','H6','Available',NULL),(1177,12,2,'H','H7','Available',NULL),(1178,12,2,'H','H8','Available',NULL),(1179,12,2,'H','H9','Available',NULL),(1180,12,2,'H','H10','Available',NULL),(1181,12,3,'I','I1','Available',NULL),(1182,12,3,'I','I2','Available',NULL),(1183,12,3,'I','I3','Available',NULL),(1184,12,3,'I','I4','Available',NULL),(1185,12,3,'I','I5','Available',NULL),(1186,12,3,'I','I6','Available',NULL),(1187,12,3,'I','I7','Available',NULL),(1188,12,3,'I','I8','Available',NULL),(1189,12,3,'I','I9','Available',NULL),(1190,12,3,'I','I10','Available',NULL),(1191,12,3,'J','J1','Available',NULL),(1192,12,3,'J','J2','Available',NULL),(1193,12,3,'J','J3','Available',NULL),(1194,12,3,'J','J4','Available',NULL),(1195,12,3,'J','J5','Available',NULL),(1196,12,3,'J','J6','Available',NULL),(1197,12,3,'J','J7','Available',NULL),(1198,12,3,'J','J8','Available',NULL),(1199,12,3,'J','J9','Available',NULL),(1200,12,3,'J','J10','Available',NULL),(1201,13,1,'A','A1','Available',NULL),(1202,13,1,'A','A2','Available',NULL),(1203,13,1,'A','A3','Available',NULL),(1204,13,1,'A','A4','Available',NULL),(1205,13,1,'A','A5','Available',NULL),(1206,13,1,'A','A6','Available',NULL),(1207,13,1,'A','A7','Available',NULL),(1208,13,1,'A','A8','Available',NULL),(1209,13,1,'A','A9','Available',NULL),(1210,13,1,'A','A10','Available',NULL),(1211,13,1,'B','B1','Available',NULL),(1212,13,1,'B','B2','Available',NULL),(1213,13,1,'B','B3','Available',NULL),(1214,13,1,'B','B4','Available',NULL),(1215,13,1,'B','B5','Available',NULL),(1216,13,1,'B','B6','Available',NULL),(1217,13,1,'B','B7','Available',NULL),(1218,13,1,'B','B8','Available',NULL),(1219,13,1,'B','B9','Available',NULL),(1220,13,1,'B','B10','Available',NULL),(1221,13,2,'C','C1','Available',NULL),(1222,13,2,'C','C2','Available',NULL),(1223,13,2,'C','C3','Available',NULL),(1224,13,2,'C','C4','Available',NULL),(1225,13,2,'C','C5','Available',NULL),(1226,13,2,'C','C6','Available',NULL),(1227,13,2,'C','C7','Available',NULL),(1228,13,2,'C','C8','Available',NULL),(1229,13,2,'C','C9','Available',NULL),(1230,13,2,'C','C10','Available',NULL),(1231,13,2,'D','D1','Available',NULL),(1232,13,2,'D','D2','Available',NULL),(1233,13,2,'D','D3','Available',NULL),(1234,13,2,'D','D4','Available',NULL),(1235,13,2,'D','D5','Available',NULL),(1236,13,2,'D','D6','Available',NULL),(1237,13,2,'D','D7','Available',NULL),(1238,13,2,'D','D8','Available',NULL),(1239,13,2,'D','D9','Available',NULL),(1240,13,2,'D','D10','Available',NULL),(1241,13,2,'E','E1','Available',NULL),(1242,13,2,'E','E2','Available',NULL),(1243,13,2,'E','E3','Available',NULL),(1244,13,2,'E','E4','Available',NULL),(1245,13,2,'E','E5','Available',NULL),(1246,13,2,'E','E6','Available',NULL),(1247,13,2,'E','E7','Available',NULL),(1248,13,2,'E','E8','Available',NULL),(1249,13,2,'E','E9','Available',NULL),(1250,13,2,'E','E10','Available',NULL),(1251,13,2,'F','F1','Available',NULL),(1252,13,2,'F','F2','Available',NULL),(1253,13,2,'F','F3','Available',NULL),(1254,13,2,'F','F4','Available',NULL),(1255,13,2,'F','F5','Available',NULL),(1256,13,2,'F','F6','Available',NULL),(1257,13,2,'F','F7','Available',NULL),(1258,13,2,'F','F8','Available',NULL),(1259,13,2,'F','F9','Available',NULL),(1260,13,2,'F','F10','Available',NULL),(1261,13,2,'G','G1','Available',NULL),(1262,13,2,'G','G2','Available',NULL),(1263,13,2,'G','G3','Available',NULL),(1264,13,2,'G','G4','Available',NULL),(1265,13,2,'G','G5','Available',NULL),(1266,13,2,'G','G6','Available',NULL),(1267,13,2,'G','G7','Available',NULL),(1268,13,2,'G','G8','Available',NULL),(1269,13,2,'G','G9','Available',NULL),(1270,13,2,'G','G10','Available',NULL),(1271,13,2,'H','H1','Available',NULL),(1272,13,2,'H','H2','Available',NULL),(1273,13,2,'H','H3','Available',NULL),(1274,13,2,'H','H4','Available',NULL),(1275,13,2,'H','H5','Available',NULL),(1276,13,2,'H','H6','Available',NULL),(1277,13,2,'H','H7','Available',NULL),(1278,13,2,'H','H8','Available',NULL),(1279,13,2,'H','H9','Available',NULL),(1280,13,2,'H','H10','Available',NULL),(1281,13,3,'I','I1','Available',NULL),(1282,13,3,'I','I2','Available',NULL),(1283,13,3,'I','I3','Available',NULL),(1284,13,3,'I','I4','Available',NULL),(1285,13,3,'I','I5','Available',NULL),(1286,13,3,'I','I6','Available',NULL),(1287,13,3,'I','I7','Available',NULL),(1288,13,3,'I','I8','Available',NULL),(1289,13,3,'I','I9','Available',NULL),(1290,13,3,'I','I10','Available',NULL),(1291,13,3,'J','J1','Available',NULL),(1292,13,3,'J','J2','Available',NULL),(1293,13,3,'J','J3','Available',NULL),(1294,13,3,'J','J4','Available',NULL),(1295,13,3,'J','J5','Available',NULL),(1296,13,3,'J','J6','Available',NULL),(1297,13,3,'J','J7','Available',NULL),(1298,13,3,'J','J8','Available',NULL),(1299,13,3,'J','J9','Available',NULL),(1300,13,3,'J','J10','Available',NULL),(1301,14,1,'A','A1','Available',NULL),(1302,14,1,'A','A2','Available',NULL),(1303,14,1,'A','A3','Available',NULL),(1304,14,1,'A','A4','Available',NULL),(1305,14,1,'A','A5','Available',NULL),(1306,14,1,'A','A6','Available',NULL),(1307,14,1,'A','A7','Available',NULL),(1308,14,1,'A','A8','Available',NULL),(1309,14,1,'A','A9','Available',NULL),(1310,14,1,'A','A10','Available',NULL),(1311,14,1,'B','B1','Available',NULL),(1312,14,1,'B','B2','Available',NULL),(1313,14,1,'B','B3','Available',NULL),(1314,14,1,'B','B4','Available',NULL),(1315,14,1,'B','B5','Available',NULL),(1316,14,1,'B','B6','Available',NULL),(1317,14,1,'B','B7','Available',NULL),(1318,14,1,'B','B8','Available',NULL),(1319,14,1,'B','B9','Available',NULL),(1320,14,1,'B','B10','Available',NULL),(1321,14,2,'C','C1','Available',NULL),(1322,14,2,'C','C2','Available',NULL),(1323,14,2,'C','C3','Available',NULL),(1324,14,2,'C','C4','Available',NULL),(1325,14,2,'C','C5','Available',NULL),(1326,14,2,'C','C6','Available',NULL),(1327,14,2,'C','C7','Available',NULL),(1328,14,2,'C','C8','Available',NULL),(1329,14,2,'C','C9','Available',NULL),(1330,14,2,'C','C10','Available',NULL),(1331,14,2,'D','D1','Available',NULL),(1332,14,2,'D','D2','Available',NULL),(1333,14,2,'D','D3','Available',NULL),(1334,14,2,'D','D4','Available',NULL),(1335,14,2,'D','D5','Available',NULL),(1336,14,2,'D','D6','Available',NULL),(1337,14,2,'D','D7','Available',NULL),(1338,14,2,'D','D8','Available',NULL),(1339,14,2,'D','D9','Available',NULL),(1340,14,2,'D','D10','Available',NULL),(1341,14,2,'E','E1','Available',NULL),(1342,14,2,'E','E2','Available',NULL),(1343,14,2,'E','E3','Available',NULL),(1344,14,2,'E','E4','Available',NULL),(1345,14,2,'E','E5','Available',NULL),(1346,14,2,'E','E6','Available',NULL),(1347,14,2,'E','E7','Available',NULL),(1348,14,2,'E','E8','Available',NULL),(1349,14,2,'E','E9','Available',NULL),(1350,14,2,'E','E10','Available',NULL),(1351,14,2,'F','F1','Available',NULL),(1352,14,2,'F','F2','Available',NULL),(1353,14,2,'F','F3','Available',NULL),(1354,14,2,'F','F4','Available',NULL),(1355,14,2,'F','F5','Available',NULL),(1356,14,2,'F','F6','Available',NULL),(1357,14,2,'F','F7','Available',NULL),(1358,14,2,'F','F8','Available',NULL),(1359,14,2,'F','F9','Available',NULL),(1360,14,2,'F','F10','Available',NULL),(1361,14,2,'G','G1','Available',NULL),(1362,14,2,'G','G2','Available',NULL),(1363,14,2,'G','G3','Available',NULL),(1364,14,2,'G','G4','Available',NULL),(1365,14,2,'G','G5','Available',NULL),(1366,14,2,'G','G6','Available',NULL),(1367,14,2,'G','G7','Available',NULL),(1368,14,2,'G','G8','Available',NULL),(1369,14,2,'G','G9','Available',NULL),(1370,14,2,'G','G10','Available',NULL),(1371,14,2,'H','H1','Available',NULL),(1372,14,2,'H','H2','Available',NULL),(1373,14,2,'H','H3','Available',NULL),(1374,14,2,'H','H4','Available',NULL),(1375,14,2,'H','H5','Available',NULL),(1376,14,2,'H','H6','Available',NULL),(1377,14,2,'H','H7','Available',NULL),(1378,14,2,'H','H8','Available',NULL),(1379,14,2,'H','H9','Available',NULL),(1380,14,2,'H','H10','Available',NULL),(1381,14,3,'I','I1','Available',NULL),(1382,14,3,'I','I2','Available',NULL),(1383,14,3,'I','I3','Available',NULL),(1384,14,3,'I','I4','Available',NULL),(1385,14,3,'I','I5','Available',NULL),(1386,14,3,'I','I6','Available',NULL),(1387,14,3,'I','I7','Available',NULL),(1388,14,3,'I','I8','Available',NULL),(1389,14,3,'I','I9','Available',NULL),(1390,14,3,'I','I10','Available',NULL),(1391,14,3,'J','J1','Available',NULL),(1392,14,3,'J','J2','Available',NULL),(1393,14,3,'J','J3','Available',NULL),(1394,14,3,'J','J4','Available',NULL),(1395,14,3,'J','J5','Available',NULL),(1396,14,3,'J','J6','Available',NULL),(1397,14,3,'J','J7','Available',NULL),(1398,14,3,'J','J8','Available',NULL),(1399,14,3,'J','J9','Available',NULL),(1400,14,3,'J','J10','Available',NULL),(1401,15,1,'A','A1','Available',NULL),(1402,15,1,'A','A2','Available',NULL),(1403,15,1,'A','A3','Available',NULL),(1404,15,1,'A','A4','Available',NULL),(1405,15,1,'A','A5','Available',NULL),(1406,15,1,'A','A6','Available',NULL),(1407,15,1,'A','A7','Available',NULL),(1408,15,1,'A','A8','Available',NULL),(1409,15,1,'A','A9','Available',NULL),(1410,15,1,'A','A10','Available',NULL),(1411,15,1,'B','B1','Available',NULL),(1412,15,1,'B','B2','Available',NULL),(1413,15,1,'B','B3','Available',NULL),(1414,15,1,'B','B4','Available',NULL),(1415,15,1,'B','B5','Available',NULL),(1416,15,1,'B','B6','Available',NULL),(1417,15,1,'B','B7','Available',NULL),(1418,15,1,'B','B8','Available',NULL),(1419,15,1,'B','B9','Available',NULL),(1420,15,1,'B','B10','Available',NULL),(1421,15,2,'C','C1','Available',NULL),(1422,15,2,'C','C2','Available',NULL),(1423,15,2,'C','C3','Available',NULL),(1424,15,2,'C','C4','Available',NULL),(1425,15,2,'C','C5','Available',NULL),(1426,15,2,'C','C6','Available',NULL),(1427,15,2,'C','C7','Available',NULL),(1428,15,2,'C','C8','Available',NULL),(1429,15,2,'C','C9','Available',NULL),(1430,15,2,'C','C10','Available',NULL),(1431,15,2,'D','D1','Available',NULL),(1432,15,2,'D','D2','Available',NULL),(1433,15,2,'D','D3','Available',NULL),(1434,15,2,'D','D4','Available',NULL),(1435,15,2,'D','D5','Available',NULL),(1436,15,2,'D','D6','Available',NULL),(1437,15,2,'D','D7','Available',NULL),(1438,15,2,'D','D8','Available',NULL),(1439,15,2,'D','D9','Available',NULL),(1440,15,2,'D','D10','Available',NULL),(1441,15,2,'E','E1','Available',NULL),(1442,15,2,'E','E2','Available',NULL),(1443,15,2,'E','E3','Available',NULL),(1444,15,2,'E','E4','Available',NULL),(1445,15,2,'E','E5','Available',NULL),(1446,15,2,'E','E6','Available',NULL),(1447,15,2,'E','E7','Available',NULL),(1448,15,2,'E','E8','Available',NULL),(1449,15,2,'E','E9','Available',NULL),(1450,15,2,'E','E10','Available',NULL),(1451,15,2,'F','F1','Available',NULL),(1452,15,2,'F','F2','Available',NULL),(1453,15,2,'F','F3','Available',NULL),(1454,15,2,'F','F4','Available',NULL),(1455,15,2,'F','F5','Available',NULL),(1456,15,2,'F','F6','Available',NULL),(1457,15,2,'F','F7','Available',NULL),(1458,15,2,'F','F8','Available',NULL),(1459,15,2,'F','F9','Available',NULL),(1460,15,2,'F','F10','Available',NULL),(1461,15,2,'G','G1','Available',NULL),(1462,15,2,'G','G2','Available',NULL),(1463,15,2,'G','G3','Available',NULL),(1464,15,2,'G','G4','Available',NULL),(1465,15,2,'G','G5','Available',NULL),(1466,15,2,'G','G6','Available',NULL),(1467,15,2,'G','G7','Available',NULL),(1468,15,2,'G','G8','Available',NULL),(1469,15,2,'G','G9','Available',NULL),(1470,15,2,'G','G10','Available',NULL),(1471,15,2,'H','H1','Available',NULL),(1472,15,2,'H','H2','Available',NULL),(1473,15,2,'H','H3','Available',NULL),(1474,15,2,'H','H4','Available',NULL),(1475,15,2,'H','H5','Available',NULL),(1476,15,2,'H','H6','Available',NULL),(1477,15,2,'H','H7','Available',NULL),(1478,15,2,'H','H8','Available',NULL),(1479,15,2,'H','H9','Available',NULL),(1480,15,2,'H','H10','Available',NULL),(1481,15,3,'I','I1','Available',NULL),(1482,15,3,'I','I2','Available',NULL),(1483,15,3,'I','I3','Available',NULL),(1484,15,3,'I','I4','Available',NULL),(1485,15,3,'I','I5','Available',NULL),(1486,15,3,'I','I6','Available',NULL),(1487,15,3,'I','I7','Available',NULL),(1488,15,3,'I','I8','Available',NULL),(1489,15,3,'I','I9','Available',NULL),(1490,15,3,'I','I10','Available',NULL),(1491,15,3,'J','J1','Available',NULL),(1492,15,3,'J','J2','Available',NULL),(1493,15,3,'J','J3','Available',NULL),(1494,15,3,'J','J4','Available',NULL),(1495,15,3,'J','J5','Available',NULL),(1496,15,3,'J','J6','Available',NULL),(1497,15,3,'J','J7','Available',NULL),(1498,15,3,'J','J8','Available',NULL),(1499,15,3,'J','J9','Available',NULL),(1500,15,3,'J','J10','Available',NULL),(1501,16,1,'A','A1','Available',NULL),(1502,16,1,'A','A2','Available',NULL),(1503,16,1,'A','A3','Available',NULL),(1504,16,1,'A','A4','Available',NULL),(1505,16,1,'A','A5','Available',NULL),(1506,16,1,'A','A6','Available',NULL),(1507,16,1,'A','A7','Available',NULL),(1508,16,1,'A','A8','Available',NULL),(1509,16,1,'A','A9','Available',NULL),(1510,16,1,'A','A10','Available',NULL),(1511,16,1,'B','B1','Available',NULL),(1512,16,1,'B','B2','Available',NULL),(1513,16,1,'B','B3','Available',NULL),(1514,16,1,'B','B4','Available',NULL),(1515,16,1,'B','B5','Available',NULL),(1516,16,1,'B','B6','Available',NULL),(1517,16,1,'B','B7','Available',NULL),(1518,16,1,'B','B8','Available',NULL),(1519,16,1,'B','B9','Available',NULL),(1520,16,1,'B','B10','Available',NULL),(1521,16,2,'C','C1','Available',NULL),(1522,16,2,'C','C2','Available',NULL),(1523,16,2,'C','C3','Available',NULL),(1524,16,2,'C','C4','Available',NULL),(1525,16,2,'C','C5','Available',NULL),(1526,16,2,'C','C6','Available',NULL),(1527,16,2,'C','C7','Available',NULL),(1528,16,2,'C','C8','Available',NULL),(1529,16,2,'C','C9','Available',NULL),(1530,16,2,'C','C10','Available',NULL),(1531,16,2,'D','D1','Available',NULL),(1532,16,2,'D','D2','Available',NULL),(1533,16,2,'D','D3','Available',NULL),(1534,16,2,'D','D4','Available',NULL),(1535,16,2,'D','D5','Available',NULL),(1536,16,2,'D','D6','Available',NULL),(1537,16,2,'D','D7','Available',NULL),(1538,16,2,'D','D8','Available',NULL),(1539,16,2,'D','D9','Available',NULL),(1540,16,2,'D','D10','Available',NULL),(1541,16,2,'E','E1','Available',NULL),(1542,16,2,'E','E2','Available',NULL),(1543,16,2,'E','E3','Available',NULL),(1544,16,2,'E','E4','Available',NULL),(1545,16,2,'E','E5','Available',NULL),(1546,16,2,'E','E6','Available',NULL),(1547,16,2,'E','E7','Available',NULL),(1548,16,2,'E','E8','Available',NULL),(1549,16,2,'E','E9','Available',NULL),(1550,16,2,'E','E10','Available',NULL),(1551,16,2,'F','F1','Available',NULL),(1552,16,2,'F','F2','Available',NULL),(1553,16,2,'F','F3','Available',NULL),(1554,16,2,'F','F4','Available',NULL),(1555,16,2,'F','F5','Available',NULL),(1556,16,2,'F','F6','Available',NULL),(1557,16,2,'F','F7','Available',NULL),(1558,16,2,'F','F8','Available',NULL),(1559,16,2,'F','F9','Available',NULL),(1560,16,2,'F','F10','Available',NULL),(1561,16,2,'G','G1','Available',NULL),(1562,16,2,'G','G2','Available',NULL),(1563,16,2,'G','G3','Available',NULL),(1564,16,2,'G','G4','Available',NULL),(1565,16,2,'G','G5','Available',NULL),(1566,16,2,'G','G6','Available',NULL),(1567,16,2,'G','G7','Available',NULL),(1568,16,2,'G','G8','Available',NULL),(1569,16,2,'G','G9','Available',NULL),(1570,16,2,'G','G10','Available',NULL),(1571,16,2,'H','H1','Available',NULL),(1572,16,2,'H','H2','Available',NULL),(1573,16,2,'H','H3','Available',NULL),(1574,16,2,'H','H4','Available',NULL),(1575,16,2,'H','H5','Available',NULL),(1576,16,2,'H','H6','Available',NULL),(1577,16,2,'H','H7','Available',NULL),(1578,16,2,'H','H8','Available',NULL),(1579,16,2,'H','H9','Available',NULL),(1580,16,2,'H','H10','Available',NULL),(1581,16,3,'I','I1','Available',NULL),(1582,16,3,'I','I2','Available',NULL),(1583,16,3,'I','I3','Available',NULL),(1584,16,3,'I','I4','Available',NULL),(1585,16,3,'I','I5','Available',NULL),(1586,16,3,'I','I6','Available',NULL),(1587,16,3,'I','I7','Available',NULL),(1588,16,3,'I','I8','Available',NULL),(1589,16,3,'I','I9','Available',NULL),(1590,16,3,'I','I10','Available',NULL),(1591,16,3,'J','J1','Available',NULL),(1592,16,3,'J','J2','Available',NULL),(1593,16,3,'J','J3','Available',NULL),(1594,16,3,'J','J4','Available',NULL),(1595,16,3,'J','J5','Available',NULL),(1596,16,3,'J','J6','Available',NULL),(1597,16,3,'J','J7','Available',NULL),(1598,16,3,'J','J8','Available',NULL),(1599,16,3,'J','J9','Available',NULL),(1600,16,3,'J','J10','Available',NULL),(1601,17,1,'A','A1','Available',NULL),(1602,17,1,'A','A2','Available',NULL),(1603,17,1,'A','A3','Available',NULL),(1604,17,1,'A','A4','Available',NULL),(1605,17,1,'A','A5','Available',NULL),(1606,17,1,'A','A6','Available',NULL),(1607,17,1,'A','A7','Available',NULL),(1608,17,1,'A','A8','Available',NULL),(1609,17,1,'A','A9','Available',NULL),(1610,17,1,'A','A10','Available',NULL),(1611,17,1,'B','B1','Available',NULL),(1612,17,1,'B','B2','Available',NULL),(1613,17,1,'B','B3','Available',NULL),(1614,17,1,'B','B4','Available',NULL),(1615,17,1,'B','B5','Available',NULL),(1616,17,1,'B','B6','Available',NULL),(1617,17,1,'B','B7','Available',NULL),(1618,17,1,'B','B8','Available',NULL),(1619,17,1,'B','B9','Available',NULL),(1620,17,1,'B','B10','Available',NULL),(1621,17,2,'C','C1','Available',NULL),(1622,17,2,'C','C2','Available',NULL),(1623,17,2,'C','C3','Available',NULL),(1624,17,2,'C','C4','Available',NULL),(1625,17,2,'C','C5','Available',NULL),(1626,17,2,'C','C6','Available',NULL),(1627,17,2,'C','C7','Available',NULL),(1628,17,2,'C','C8','Available',NULL),(1629,17,2,'C','C9','Available',NULL),(1630,17,2,'C','C10','Available',NULL),(1631,17,2,'D','D1','Available',NULL),(1632,17,2,'D','D2','Available',NULL),(1633,17,2,'D','D3','Available',NULL),(1634,17,2,'D','D4','Available',NULL),(1635,17,2,'D','D5','Available',NULL),(1636,17,2,'D','D6','Available',NULL),(1637,17,2,'D','D7','Available',NULL),(1638,17,2,'D','D8','Available',NULL),(1639,17,2,'D','D9','Available',NULL),(1640,17,2,'D','D10','Available',NULL),(1641,17,2,'E','E1','Available',NULL),(1642,17,2,'E','E2','Available',NULL),(1643,17,2,'E','E3','Available',NULL),(1644,17,2,'E','E4','Available',NULL),(1645,17,2,'E','E5','Available',NULL),(1646,17,2,'E','E6','Available',NULL),(1647,17,2,'E','E7','Available',NULL),(1648,17,2,'E','E8','Available',NULL),(1649,17,2,'E','E9','Available',NULL),(1650,17,2,'E','E10','Available',NULL),(1651,17,2,'F','F1','Available',NULL),(1652,17,2,'F','F2','Available',NULL),(1653,17,2,'F','F3','Available',NULL),(1654,17,2,'F','F4','Available',NULL),(1655,17,2,'F','F5','Available',NULL),(1656,17,2,'F','F6','Available',NULL),(1657,17,2,'F','F7','Available',NULL),(1658,17,2,'F','F8','Available',NULL),(1659,17,2,'F','F9','Available',NULL),(1660,17,2,'F','F10','Available',NULL),(1661,17,2,'G','G1','Available',NULL),(1662,17,2,'G','G2','Available',NULL),(1663,17,2,'G','G3','Available',NULL),(1664,17,2,'G','G4','Available',NULL),(1665,17,2,'G','G5','Available',NULL),(1666,17,2,'G','G6','Available',NULL),(1667,17,2,'G','G7','Available',NULL),(1668,17,2,'G','G8','Available',NULL),(1669,17,2,'G','G9','Available',NULL),(1670,17,2,'G','G10','Available',NULL),(1671,17,2,'H','H1','Available',NULL),(1672,17,2,'H','H2','Available',NULL),(1673,17,2,'H','H3','Available',NULL),(1674,17,2,'H','H4','Available',NULL),(1675,17,2,'H','H5','Available',NULL),(1676,17,2,'H','H6','Available',NULL),(1677,17,2,'H','H7','Available',NULL),(1678,17,2,'H','H8','Available',NULL),(1679,17,2,'H','H9','Available',NULL),(1680,17,2,'H','H10','Available',NULL),(1681,17,3,'I','I1','Available',NULL),(1682,17,3,'I','I2','Available',NULL),(1683,17,3,'I','I3','Available',NULL),(1684,17,3,'I','I4','Available',NULL),(1685,17,3,'I','I5','Available',NULL),(1686,17,3,'I','I6','Available',NULL),(1687,17,3,'I','I7','Available',NULL),(1688,17,3,'I','I8','Available',NULL),(1689,17,3,'I','I9','Available',NULL),(1690,17,3,'I','I10','Available',NULL),(1691,17,3,'J','J1','Available',NULL),(1692,17,3,'J','J2','Available',NULL),(1693,17,3,'J','J3','Available',NULL),(1694,17,3,'J','J4','Available',NULL),(1695,17,3,'J','J5','Available',NULL),(1696,17,3,'J','J6','Available',NULL),(1697,17,3,'J','J7','Available',NULL),(1698,17,3,'J','J8','Available',NULL),(1699,17,3,'J','J9','Available',NULL),(1700,17,3,'J','J10','Available',NULL),(1701,18,1,'A','A1','Available',NULL),(1702,18,1,'A','A2','Available',NULL),(1703,18,1,'A','A3','Available',NULL),(1704,18,1,'A','A4','Available',NULL),(1705,18,1,'A','A5','Available',NULL),(1706,18,1,'A','A6','Available',NULL),(1707,18,1,'A','A7','Available',NULL),(1708,18,1,'A','A8','Available',NULL),(1709,18,1,'A','A9','Available',NULL),(1710,18,1,'A','A10','Available',NULL),(1711,18,1,'B','B1','Available',NULL),(1712,18,1,'B','B2','Available',NULL),(1713,18,1,'B','B3','Available',NULL),(1714,18,1,'B','B4','Available',NULL),(1715,18,1,'B','B5','Available',NULL),(1716,18,1,'B','B6','Available',NULL),(1717,18,1,'B','B7','Available',NULL),(1718,18,1,'B','B8','Available',NULL),(1719,18,1,'B','B9','Available',NULL),(1720,18,1,'B','B10','Available',NULL),(1721,18,2,'C','C1','Available',NULL),(1722,18,2,'C','C2','Available',NULL),(1723,18,2,'C','C3','Available',NULL),(1724,18,2,'C','C4','Available',NULL),(1725,18,2,'C','C5','Available',NULL),(1726,18,2,'C','C6','Available',NULL),(1727,18,2,'C','C7','Available',NULL),(1728,18,2,'C','C8','Available',NULL),(1729,18,2,'C','C9','Available',NULL),(1730,18,2,'C','C10','Available',NULL),(1731,18,2,'D','D1','Available',NULL),(1732,18,2,'D','D2','Available',NULL),(1733,18,2,'D','D3','Available',NULL),(1734,18,2,'D','D4','Available',NULL),(1735,18,2,'D','D5','Available',NULL),(1736,18,2,'D','D6','Available',NULL),(1737,18,2,'D','D7','Available',NULL),(1738,18,2,'D','D8','Available',NULL),(1739,18,2,'D','D9','Available',NULL),(1740,18,2,'D','D10','Available',NULL),(1741,18,2,'E','E1','Available',NULL),(1742,18,2,'E','E2','Available',NULL),(1743,18,2,'E','E3','Available',NULL),(1744,18,2,'E','E4','Available',NULL),(1745,18,2,'E','E5','Available',NULL),(1746,18,2,'E','E6','Available',NULL),(1747,18,2,'E','E7','Available',NULL),(1748,18,2,'E','E8','Available',NULL),(1749,18,2,'E','E9','Available',NULL),(1750,18,2,'E','E10','Available',NULL),(1751,18,2,'F','F1','Available',NULL),(1752,18,2,'F','F2','Available',NULL),(1753,18,2,'F','F3','Available',NULL),(1754,18,2,'F','F4','Available',NULL),(1755,18,2,'F','F5','Available',NULL),(1756,18,2,'F','F6','Available',NULL),(1757,18,2,'F','F7','Available',NULL),(1758,18,2,'F','F8','Available',NULL),(1759,18,2,'F','F9','Available',NULL),(1760,18,2,'F','F10','Available',NULL),(1761,18,2,'G','G1','Available',NULL),(1762,18,2,'G','G2','Available',NULL),(1763,18,2,'G','G3','Available',NULL),(1764,18,2,'G','G4','Available',NULL),(1765,18,2,'G','G5','Available',NULL),(1766,18,2,'G','G6','Available',NULL),(1767,18,2,'G','G7','Available',NULL),(1768,18,2,'G','G8','Available',NULL),(1769,18,2,'G','G9','Available',NULL),(1770,18,2,'G','G10','Available',NULL),(1771,18,2,'H','H1','Available',NULL),(1772,18,2,'H','H2','Available',NULL),(1773,18,2,'H','H3','Available',NULL),(1774,18,2,'H','H4','Available',NULL),(1775,18,2,'H','H5','Available',NULL),(1776,18,2,'H','H6','Available',NULL),(1777,18,2,'H','H7','Available',NULL),(1778,18,2,'H','H8','Available',NULL),(1779,18,2,'H','H9','Available',NULL),(1780,18,2,'H','H10','Available',NULL),(1781,18,3,'I','I1','Available',NULL),(1782,18,3,'I','I2','Available',NULL),(1783,18,3,'I','I3','Available',NULL),(1784,18,3,'I','I4','Available',NULL),(1785,18,3,'I','I5','Available',NULL),(1786,18,3,'I','I6','Available',NULL),(1787,18,3,'I','I7','Available',NULL),(1788,18,3,'I','I8','Available',NULL),(1789,18,3,'I','I9','Available',NULL),(1790,18,3,'I','I10','Available',NULL),(1791,18,3,'J','J1','Available',NULL),(1792,18,3,'J','J2','Available',NULL),(1793,18,3,'J','J3','Available',NULL),(1794,18,3,'J','J4','Available',NULL),(1795,18,3,'J','J5','Available',NULL),(1796,18,3,'J','J6','Available',NULL),(1797,18,3,'J','J7','Available',NULL),(1798,18,3,'J','J8','Available',NULL),(1799,18,3,'J','J9','Available',NULL),(1800,18,3,'J','J10','Available',NULL),(1801,19,1,'A','A1','Available',NULL),(1802,19,1,'A','A2','Available',NULL),(1803,19,1,'A','A3','Available',NULL),(1804,19,1,'A','A4','Available',NULL),(1805,19,1,'A','A5','Available',NULL),(1806,19,1,'A','A6','Available',NULL),(1807,19,1,'A','A7','Available',NULL),(1808,19,1,'A','A8','Available',NULL),(1809,19,1,'A','A9','Available',NULL),(1810,19,1,'A','A10','Available',NULL),(1811,19,1,'B','B1','Available',NULL),(1812,19,1,'B','B2','Available',NULL),(1813,19,1,'B','B3','Available',NULL),(1814,19,1,'B','B4','Available',NULL),(1815,19,1,'B','B5','Available',NULL),(1816,19,1,'B','B6','Available',NULL),(1817,19,1,'B','B7','Available',NULL),(1818,19,1,'B','B8','Available',NULL),(1819,19,1,'B','B9','Available',NULL),(1820,19,1,'B','B10','Available',NULL),(1821,19,2,'C','C1','Available',NULL),(1822,19,2,'C','C2','Available',NULL),(1823,19,2,'C','C3','Available',NULL),(1824,19,2,'C','C4','Available',NULL),(1825,19,2,'C','C5','Available',NULL),(1826,19,2,'C','C6','Available',NULL),(1827,19,2,'C','C7','Available',NULL),(1828,19,2,'C','C8','Available',NULL),(1829,19,2,'C','C9','Available',NULL),(1830,19,2,'C','C10','Available',NULL),(1831,19,2,'D','D1','Available',NULL),(1832,19,2,'D','D2','Available',NULL),(1833,19,2,'D','D3','Available',NULL),(1834,19,2,'D','D4','Available',NULL),(1835,19,2,'D','D5','Available',NULL),(1836,19,2,'D','D6','Available',NULL),(1837,19,2,'D','D7','Available',NULL),(1838,19,2,'D','D8','Available',NULL),(1839,19,2,'D','D9','Available',NULL),(1840,19,2,'D','D10','Available',NULL),(1841,19,2,'E','E1','Available',NULL),(1842,19,2,'E','E2','Available',NULL),(1843,19,2,'E','E3','Available',NULL),(1844,19,2,'E','E4','Available',NULL),(1845,19,2,'E','E5','Available',NULL),(1846,19,2,'E','E6','Available',NULL),(1847,19,2,'E','E7','Available',NULL),(1848,19,2,'E','E8','Available',NULL),(1849,19,2,'E','E9','Available',NULL),(1850,19,2,'E','E10','Available',NULL),(1851,19,2,'F','F1','Available',NULL),(1852,19,2,'F','F2','Available',NULL),(1853,19,2,'F','F3','Available',NULL),(1854,19,2,'F','F4','Available',NULL),(1855,19,2,'F','F5','Available',NULL),(1856,19,2,'F','F6','Available',NULL),(1857,19,2,'F','F7','Available',NULL),(1858,19,2,'F','F8','Available',NULL),(1859,19,2,'F','F9','Available',NULL),(1860,19,2,'F','F10','Available',NULL),(1861,19,2,'G','G1','Available',NULL),(1862,19,2,'G','G2','Available',NULL),(1863,19,2,'G','G3','Available',NULL),(1864,19,2,'G','G4','Available',NULL),(1865,19,2,'G','G5','Available',NULL),(1866,19,2,'G','G6','Available',NULL),(1867,19,2,'G','G7','Available',NULL),(1868,19,2,'G','G8','Available',NULL),(1869,19,2,'G','G9','Available',NULL),(1870,19,2,'G','G10','Available',NULL),(1871,19,2,'H','H1','Available',NULL),(1872,19,2,'H','H2','Available',NULL),(1873,19,2,'H','H3','Available',NULL),(1874,19,2,'H','H4','Available',NULL),(1875,19,2,'H','H5','Available',NULL),(1876,19,2,'H','H6','Available',NULL),(1877,19,2,'H','H7','Available',NULL),(1878,19,2,'H','H8','Available',NULL),(1879,19,2,'H','H9','Available',NULL),(1880,19,2,'H','H10','Available',NULL),(1881,19,3,'I','I1','Available',NULL),(1882,19,3,'I','I2','Available',NULL),(1883,19,3,'I','I3','Available',NULL),(1884,19,3,'I','I4','Available',NULL),(1885,19,3,'I','I5','Available',NULL),(1886,19,3,'I','I6','Available',NULL),(1887,19,3,'I','I7','Available',NULL),(1888,19,3,'I','I8','Available',NULL),(1889,19,3,'I','I9','Available',NULL),(1890,19,3,'I','I10','Available',NULL),(1891,19,3,'J','J1','Available',NULL),(1892,19,3,'J','J2','Available',NULL),(1893,19,3,'J','J3','Available',NULL),(1894,19,3,'J','J4','Available',NULL),(1895,19,3,'J','J5','Available',NULL),(1896,19,3,'J','J6','Available',NULL),(1897,19,3,'J','J7','Available',NULL),(1898,19,3,'J','J8','Available',NULL),(1899,19,3,'J','J9','Available',NULL),(1900,19,3,'J','J10','Available',NULL),(1901,20,1,'A','A1','Available',NULL),(1902,20,1,'A','A2','Available',NULL),(1903,20,1,'A','A3','Available',NULL),(1904,20,1,'A','A4','Available',NULL),(1905,20,1,'A','A5','Available',NULL),(1906,20,1,'A','A6','Available',NULL),(1907,20,1,'A','A7','Available',NULL),(1908,20,1,'A','A8','Available',NULL),(1909,20,1,'A','A9','Available',NULL),(1910,20,1,'A','A10','Available',NULL),(1911,20,1,'B','B1','Available',NULL),(1912,20,1,'B','B2','Available',NULL),(1913,20,1,'B','B3','Available',NULL),(1914,20,1,'B','B4','Available',NULL),(1915,20,1,'B','B5','Available',NULL),(1916,20,1,'B','B6','Available',NULL),(1917,20,1,'B','B7','Available',NULL),(1918,20,1,'B','B8','Available',NULL),(1919,20,1,'B','B9','Available',NULL),(1920,20,1,'B','B10','Available',NULL),(1921,20,2,'C','C1','Available',NULL),(1922,20,2,'C','C2','Available',NULL),(1923,20,2,'C','C3','Available',NULL),(1924,20,2,'C','C4','Available',NULL),(1925,20,2,'C','C5','Available',NULL),(1926,20,2,'C','C6','Available',NULL),(1927,20,2,'C','C7','Available',NULL),(1928,20,2,'C','C8','Available',NULL),(1929,20,2,'C','C9','Available',NULL),(1930,20,2,'C','C10','Available',NULL),(1931,20,2,'D','D1','Available',NULL),(1932,20,2,'D','D2','Available',NULL),(1933,20,2,'D','D3','Available',NULL),(1934,20,2,'D','D4','Available',NULL),(1935,20,2,'D','D5','Available',NULL),(1936,20,2,'D','D6','Available',NULL),(1937,20,2,'D','D7','Available',NULL),(1938,20,2,'D','D8','Available',NULL),(1939,20,2,'D','D9','Available',NULL),(1940,20,2,'D','D10','Available',NULL),(1941,20,2,'E','E1','Available',NULL),(1942,20,2,'E','E2','Available',NULL),(1943,20,2,'E','E3','Available',NULL),(1944,20,2,'E','E4','Available',NULL),(1945,20,2,'E','E5','Available',NULL),(1946,20,2,'E','E6','Available',NULL),(1947,20,2,'E','E7','Available',NULL),(1948,20,2,'E','E8','Available',NULL),(1949,20,2,'E','E9','Available',NULL),(1950,20,2,'E','E10','Available',NULL),(1951,20,2,'F','F1','Available',NULL),(1952,20,2,'F','F2','Available',NULL),(1953,20,2,'F','F3','Available',NULL),(1954,20,2,'F','F4','Available',NULL),(1955,20,2,'F','F5','Available',NULL),(1956,20,2,'F','F6','Available',NULL),(1957,20,2,'F','F7','Available',NULL),(1958,20,2,'F','F8','Available',NULL),(1959,20,2,'F','F9','Available',NULL),(1960,20,2,'F','F10','Available',NULL),(1961,20,2,'G','G1','Available',NULL),(1962,20,2,'G','G2','Available',NULL),(1963,20,2,'G','G3','Available',NULL),(1964,20,2,'G','G4','Available',NULL),(1965,20,2,'G','G5','Available',NULL),(1966,20,2,'G','G6','Available',NULL),(1967,20,2,'G','G7','Available',NULL),(1968,20,2,'G','G8','Available',NULL),(1969,20,2,'G','G9','Available',NULL),(1970,20,2,'G','G10','Available',NULL),(1971,20,2,'H','H1','Available',NULL),(1972,20,2,'H','H2','Available',NULL),(1973,20,2,'H','H3','Available',NULL),(1974,20,2,'H','H4','Available',NULL),(1975,20,2,'H','H5','Available',NULL),(1976,20,2,'H','H6','Available',NULL),(1977,20,2,'H','H7','Available',NULL),(1978,20,2,'H','H8','Available',NULL),(1979,20,2,'H','H9','Available',NULL),(1980,20,2,'H','H10','Available',NULL),(1981,20,3,'I','I1','Available',NULL),(1982,20,3,'I','I2','Available',NULL),(1983,20,3,'I','I3','Available',NULL),(1984,20,3,'I','I4','Available',NULL),(1985,20,3,'I','I5','Available',NULL),(1986,20,3,'I','I6','Available',NULL),(1987,20,3,'I','I7','Available',NULL),(1988,20,3,'I','I8','Available',NULL),(1989,20,3,'I','I9','Available',NULL),(1990,20,3,'I','I10','Available',NULL),(1991,20,3,'J','J1','Available',NULL),(1992,20,3,'J','J2','Available',NULL),(1993,20,3,'J','J3','Available',NULL),(1994,20,3,'J','J4','Available',NULL),(1995,20,3,'J','J5','Available',NULL),(1996,20,3,'J','J6','Available',NULL),(1997,20,3,'J','J7','Available',NULL),(1998,20,3,'J','J8','Available',NULL),(1999,20,3,'J','J9','Available',NULL),(2000,20,3,'J','J10','Available',NULL),(2001,21,1,'A','A1','Available',NULL),(2002,21,1,'A','A2','Available',NULL),(2003,21,1,'A','A3','Available',NULL),(2004,21,1,'A','A4','Available',NULL),(2005,21,1,'A','A5','Available',NULL),(2006,21,1,'A','A6','Available',NULL),(2007,21,1,'A','A7','Available',NULL),(2008,21,1,'A','A8','Available',NULL),(2009,21,1,'A','A9','Available',NULL),(2010,21,1,'A','A10','Available',NULL),(2011,21,1,'B','B1','Available',NULL),(2012,21,1,'B','B2','Available',NULL),(2013,21,1,'B','B3','Available',NULL),(2014,21,1,'B','B4','Available',NULL),(2015,21,1,'B','B5','Available',NULL),(2016,21,1,'B','B6','Available',NULL),(2017,21,1,'B','B7','Available',NULL),(2018,21,1,'B','B8','Available',NULL),(2019,21,1,'B','B9','Available',NULL),(2020,21,1,'B','B10','Available',NULL),(2021,21,2,'C','C1','Available',NULL),(2022,21,2,'C','C2','Available',NULL),(2023,21,2,'C','C3','Available',NULL),(2024,21,2,'C','C4','Available',NULL),(2025,21,2,'C','C5','Available',NULL),(2026,21,2,'C','C6','Available',NULL),(2027,21,2,'C','C7','Available',NULL),(2028,21,2,'C','C8','Available',NULL),(2029,21,2,'C','C9','Available',NULL),(2030,21,2,'C','C10','Available',NULL),(2031,21,2,'D','D1','Available',NULL),(2032,21,2,'D','D2','Available',NULL),(2033,21,2,'D','D3','Available',NULL),(2034,21,2,'D','D4','Available',NULL),(2035,21,2,'D','D5','Available',NULL),(2036,21,2,'D','D6','Available',NULL),(2037,21,2,'D','D7','Available',NULL),(2038,21,2,'D','D8','Available',NULL),(2039,21,2,'D','D9','Available',NULL),(2040,21,2,'D','D10','Available',NULL),(2041,21,2,'E','E1','Available',NULL),(2042,21,2,'E','E2','Available',NULL),(2043,21,2,'E','E3','Available',NULL),(2044,21,2,'E','E4','Available',NULL),(2045,21,2,'E','E5','Available',NULL),(2046,21,2,'E','E6','Available',NULL),(2047,21,2,'E','E7','Available',NULL),(2048,21,2,'E','E8','Available',NULL),(2049,21,2,'E','E9','Available',NULL),(2050,21,2,'E','E10','Available',NULL),(2051,21,2,'F','F1','Available',NULL),(2052,21,2,'F','F2','Available',NULL),(2053,21,2,'F','F3','Available',NULL),(2054,21,2,'F','F4','Available',NULL),(2055,21,2,'F','F5','Available',NULL),(2056,21,2,'F','F6','Available',NULL),(2057,21,2,'F','F7','Available',NULL),(2058,21,2,'F','F8','Available',NULL),(2059,21,2,'F','F9','Available',NULL),(2060,21,2,'F','F10','Available',NULL),(2061,21,2,'G','G1','Available',NULL),(2062,21,2,'G','G2','Available',NULL),(2063,21,2,'G','G3','Available',NULL),(2064,21,2,'G','G4','Available',NULL),(2065,21,2,'G','G5','Available',NULL),(2066,21,2,'G','G6','Available',NULL),(2067,21,2,'G','G7','Available',NULL),(2068,21,2,'G','G8','Available',NULL),(2069,21,2,'G','G9','Available',NULL),(2070,21,2,'G','G10','Available',NULL),(2071,21,2,'H','H1','Available',NULL),(2072,21,2,'H','H2','Available',NULL),(2073,21,2,'H','H3','Available',NULL),(2074,21,2,'H','H4','Available',NULL),(2075,21,2,'H','H5','Available',NULL),(2076,21,2,'H','H6','Available',NULL),(2077,21,2,'H','H7','Available',NULL),(2078,21,2,'H','H8','Available',NULL),(2079,21,2,'H','H9','Available',NULL),(2080,21,2,'H','H10','Available',NULL),(2081,21,3,'I','I1','Available',NULL),(2082,21,3,'I','I2','Available',NULL),(2083,21,3,'I','I3','Available',NULL),(2084,21,3,'I','I4','Available',NULL),(2085,21,3,'I','I5','Available',NULL),(2086,21,3,'I','I6','Available',NULL),(2087,21,3,'I','I7','Available',NULL),(2088,21,3,'I','I8','Available',NULL),(2089,21,3,'I','I9','Available',NULL),(2090,21,3,'I','I10','Available',NULL),(2091,21,3,'J','J1','Available',NULL),(2092,21,3,'J','J2','Available',NULL),(2093,21,3,'J','J3','Available',NULL),(2094,21,3,'J','J4','Available',NULL),(2095,21,3,'J','J5','Available',NULL),(2096,21,3,'J','J6','Available',NULL),(2097,21,3,'J','J7','Available',NULL),(2098,21,3,'J','J8','Available',NULL),(2099,21,3,'J','J9','Available',NULL),(2100,21,3,'J','J10','Available',NULL),(2101,22,1,'A','A1','Available',NULL),(2102,22,1,'A','A2','Available',NULL),(2103,22,1,'A','A3','Available',NULL),(2104,22,1,'A','A4','Available',NULL),(2105,22,1,'A','A5','Available',NULL),(2106,22,1,'A','A6','Available',NULL),(2107,22,1,'A','A7','Available',NULL),(2108,22,1,'A','A8','Available',NULL),(2109,22,1,'A','A9','Available',NULL),(2110,22,1,'A','A10','Available',NULL),(2111,22,1,'B','B1','Available',NULL),(2112,22,1,'B','B2','Available',NULL),(2113,22,1,'B','B3','Available',NULL),(2114,22,1,'B','B4','Available',NULL),(2115,22,1,'B','B5','Available',NULL),(2116,22,1,'B','B6','Available',NULL),(2117,22,1,'B','B7','Available',NULL),(2118,22,1,'B','B8','Available',NULL),(2119,22,1,'B','B9','Available',NULL),(2120,22,1,'B','B10','Available',NULL),(2121,22,2,'C','C1','Available',NULL),(2122,22,2,'C','C2','Available',NULL),(2123,22,2,'C','C3','Available',NULL),(2124,22,2,'C','C4','Available',NULL),(2125,22,2,'C','C5','Available',NULL),(2126,22,2,'C','C6','Available',NULL),(2127,22,2,'C','C7','Available',NULL),(2128,22,2,'C','C8','Available',NULL),(2129,22,2,'C','C9','Available',NULL),(2130,22,2,'C','C10','Available',NULL),(2131,22,2,'D','D1','Available',NULL),(2132,22,2,'D','D2','Available',NULL),(2133,22,2,'D','D3','Available',NULL),(2134,22,2,'D','D4','Available',NULL),(2135,22,2,'D','D5','Available',NULL),(2136,22,2,'D','D6','Available',NULL),(2137,22,2,'D','D7','Available',NULL),(2138,22,2,'D','D8','Available',NULL),(2139,22,2,'D','D9','Available',NULL),(2140,22,2,'D','D10','Available',NULL),(2141,22,2,'E','E1','Available',NULL),(2142,22,2,'E','E2','Available',NULL),(2143,22,2,'E','E3','Available',NULL),(2144,22,2,'E','E4','Available',NULL),(2145,22,2,'E','E5','Available',NULL),(2146,22,2,'E','E6','Available',NULL),(2147,22,2,'E','E7','Available',NULL),(2148,22,2,'E','E8','Available',NULL),(2149,22,2,'E','E9','Available',NULL),(2150,22,2,'E','E10','Available',NULL),(2151,22,2,'F','F1','Available',NULL),(2152,22,2,'F','F2','Available',NULL),(2153,22,2,'F','F3','Available',NULL),(2154,22,2,'F','F4','Available',NULL),(2155,22,2,'F','F5','Available',NULL),(2156,22,2,'F','F6','Available',NULL),(2157,22,2,'F','F7','Available',NULL),(2158,22,2,'F','F8','Available',NULL),(2159,22,2,'F','F9','Available',NULL),(2160,22,2,'F','F10','Available',NULL),(2161,22,2,'G','G1','Available',NULL),(2162,22,2,'G','G2','Available',NULL),(2163,22,2,'G','G3','Available',NULL),(2164,22,2,'G','G4','Available',NULL),(2165,22,2,'G','G5','Available',NULL),(2166,22,2,'G','G6','Available',NULL),(2167,22,2,'G','G7','Available',NULL),(2168,22,2,'G','G8','Available',NULL),(2169,22,2,'G','G9','Available',NULL),(2170,22,2,'G','G10','Available',NULL),(2171,22,2,'H','H1','Available',NULL),(2172,22,2,'H','H2','Available',NULL),(2173,22,2,'H','H3','Available',NULL),(2174,22,2,'H','H4','Available',NULL),(2175,22,2,'H','H5','Available',NULL),(2176,22,2,'H','H6','Available',NULL),(2177,22,2,'H','H7','Available',NULL),(2178,22,2,'H','H8','Available',NULL),(2179,22,2,'H','H9','Available',NULL),(2180,22,2,'H','H10','Available',NULL),(2181,22,3,'I','I1','Available',NULL),(2182,22,3,'I','I2','Available',NULL),(2183,22,3,'I','I3','Available',NULL),(2184,22,3,'I','I4','Available',NULL),(2185,22,3,'I','I5','Available',NULL),(2186,22,3,'I','I6','Available',NULL),(2187,22,3,'I','I7','Available',NULL),(2188,22,3,'I','I8','Available',NULL),(2189,22,3,'I','I9','Available',NULL),(2190,22,3,'I','I10','Available',NULL),(2191,22,3,'J','J1','Available',NULL),(2192,22,3,'J','J2','Available',NULL),(2193,22,3,'J','J3','Available',NULL),(2194,22,3,'J','J4','Available',NULL),(2195,22,3,'J','J5','Available',NULL),(2196,22,3,'J','J6','Available',NULL),(2197,22,3,'J','J7','Available',NULL),(2198,22,3,'J','J8','Available',NULL),(2199,22,3,'J','J9','Available',NULL),(2200,22,3,'J','J10','Available',NULL),(2201,23,1,'A','A1','Available',NULL),(2202,23,1,'A','A2','Available',NULL),(2203,23,1,'A','A3','Available',NULL),(2204,23,1,'A','A4','Available',NULL),(2205,23,1,'A','A5','Available',NULL),(2206,23,1,'A','A6','Available',NULL),(2207,23,1,'A','A7','Available',NULL),(2208,23,1,'A','A8','Available',NULL),(2209,23,1,'A','A9','Available',NULL),(2210,23,1,'A','A10','Available',NULL),(2211,23,1,'B','B1','Available',NULL),(2212,23,1,'B','B2','Available',NULL),(2213,23,1,'B','B3','Available',NULL),(2214,23,1,'B','B4','Available',NULL),(2215,23,1,'B','B5','Available',NULL),(2216,23,1,'B','B6','Available',NULL),(2217,23,1,'B','B7','Available',NULL),(2218,23,1,'B','B8','Available',NULL),(2219,23,1,'B','B9','Available',NULL),(2220,23,1,'B','B10','Available',NULL),(2221,23,2,'C','C1','Available',NULL),(2222,23,2,'C','C2','Available',NULL),(2223,23,2,'C','C3','Available',NULL),(2224,23,2,'C','C4','Available',NULL),(2225,23,2,'C','C5','Available',NULL),(2226,23,2,'C','C6','Available',NULL),(2227,23,2,'C','C7','Available',NULL),(2228,23,2,'C','C8','Available',NULL),(2229,23,2,'C','C9','Available',NULL),(2230,23,2,'C','C10','Available',NULL),(2231,23,2,'D','D1','Available',NULL),(2232,23,2,'D','D2','Available',NULL),(2233,23,2,'D','D3','Available',NULL),(2234,23,2,'D','D4','Available',NULL),(2235,23,2,'D','D5','Available',NULL),(2236,23,2,'D','D6','Available',NULL),(2237,23,2,'D','D7','Available',NULL),(2238,23,2,'D','D8','Available',NULL),(2239,23,2,'D','D9','Available',NULL),(2240,23,2,'D','D10','Available',NULL),(2241,23,2,'E','E1','Available',NULL),(2242,23,2,'E','E2','Available',NULL),(2243,23,2,'E','E3','Available',NULL),(2244,23,2,'E','E4','Available',NULL),(2245,23,2,'E','E5','Available',NULL),(2246,23,2,'E','E6','Available',NULL),(2247,23,2,'E','E7','Available',NULL),(2248,23,2,'E','E8','Available',NULL),(2249,23,2,'E','E9','Available',NULL),(2250,23,2,'E','E10','Available',NULL),(2251,23,2,'F','F1','Available',NULL),(2252,23,2,'F','F2','Available',NULL),(2253,23,2,'F','F3','Available',NULL),(2254,23,2,'F','F4','Available',NULL),(2255,23,2,'F','F5','Available',NULL),(2256,23,2,'F','F6','Available',NULL),(2257,23,2,'F','F7','Available',NULL),(2258,23,2,'F','F8','Available',NULL),(2259,23,2,'F','F9','Available',NULL),(2260,23,2,'F','F10','Available',NULL),(2261,23,2,'G','G1','Available',NULL),(2262,23,2,'G','G2','Available',NULL),(2263,23,2,'G','G3','Available',NULL),(2264,23,2,'G','G4','Available',NULL),(2265,23,2,'G','G5','Available',NULL),(2266,23,2,'G','G6','Available',NULL),(2267,23,2,'G','G7','Available',NULL),(2268,23,2,'G','G8','Available',NULL),(2269,23,2,'G','G9','Available',NULL),(2270,23,2,'G','G10','Available',NULL),(2271,23,2,'H','H1','Available',NULL),(2272,23,2,'H','H2','Available',NULL),(2273,23,2,'H','H3','Available',NULL),(2274,23,2,'H','H4','Available',NULL),(2275,23,2,'H','H5','Available',NULL),(2276,23,2,'H','H6','Available',NULL),(2277,23,2,'H','H7','Available',NULL),(2278,23,2,'H','H8','Available',NULL),(2279,23,2,'H','H9','Available',NULL),(2280,23,2,'H','H10','Available',NULL),(2281,23,3,'I','I1','Available',NULL),(2282,23,3,'I','I2','Available',NULL),(2283,23,3,'I','I3','Available',NULL),(2284,23,3,'I','I4','Available',NULL),(2285,23,3,'I','I5','Available',NULL),(2286,23,3,'I','I6','Available',NULL),(2287,23,3,'I','I7','Available',NULL),(2288,23,3,'I','I8','Available',NULL),(2289,23,3,'I','I9','Available',NULL),(2290,23,3,'I','I10','Available',NULL),(2291,23,3,'J','J1','Available',NULL),(2292,23,3,'J','J2','Available',NULL),(2293,23,3,'J','J3','Available',NULL),(2294,23,3,'J','J4','Available',NULL),(2295,23,3,'J','J5','Available',NULL),(2296,23,3,'J','J6','Available',NULL),(2297,23,3,'J','J7','Available',NULL),(2298,23,3,'J','J8','Available',NULL),(2299,23,3,'J','J9','Available',NULL),(2300,23,3,'J','J10','Available',NULL),(2301,24,1,'A','A1','Available',NULL),(2302,24,1,'A','A2','Available',NULL),(2303,24,1,'A','A3','Available',NULL),(2304,24,1,'A','A4','Available',NULL),(2305,24,1,'A','A5','Available',NULL),(2306,24,1,'A','A6','Available',NULL),(2307,24,1,'A','A7','Available',NULL),(2308,24,1,'A','A8','Available',NULL),(2309,24,1,'A','A9','Available',NULL),(2310,24,1,'A','A10','Available',NULL),(2311,24,1,'B','B1','Available',NULL),(2312,24,1,'B','B2','Available',NULL),(2313,24,1,'B','B3','Available',NULL),(2314,24,1,'B','B4','Available',NULL),(2315,24,1,'B','B5','Available',NULL),(2316,24,1,'B','B6','Available',NULL),(2317,24,1,'B','B7','Available',NULL),(2318,24,1,'B','B8','Available',NULL),(2319,24,1,'B','B9','Available',NULL),(2320,24,1,'B','B10','Available',NULL),(2321,24,2,'C','C1','Available',NULL),(2322,24,2,'C','C2','Available',NULL),(2323,24,2,'C','C3','Available',NULL),(2324,24,2,'C','C4','Available',NULL),(2325,24,2,'C','C5','Available',NULL),(2326,24,2,'C','C6','Available',NULL),(2327,24,2,'C','C7','Available',NULL),(2328,24,2,'C','C8','Available',NULL),(2329,24,2,'C','C9','Available',NULL),(2330,24,2,'C','C10','Available',NULL),(2331,24,2,'D','D1','Available',NULL),(2332,24,2,'D','D2','Available',NULL),(2333,24,2,'D','D3','Available',NULL),(2334,24,2,'D','D4','Available',NULL),(2335,24,2,'D','D5','Available',NULL),(2336,24,2,'D','D6','Available',NULL),(2337,24,2,'D','D7','Available',NULL),(2338,24,2,'D','D8','Available',NULL),(2339,24,2,'D','D9','Available',NULL),(2340,24,2,'D','D10','Available',NULL),(2341,24,2,'E','E1','Available',NULL),(2342,24,2,'E','E2','Available',NULL),(2343,24,2,'E','E3','Available',NULL),(2344,24,2,'E','E4','Available',NULL),(2345,24,2,'E','E5','Available',NULL),(2346,24,2,'E','E6','Available',NULL),(2347,24,2,'E','E7','Available',NULL),(2348,24,2,'E','E8','Available',NULL),(2349,24,2,'E','E9','Available',NULL),(2350,24,2,'E','E10','Available',NULL),(2351,24,2,'F','F1','Available',NULL),(2352,24,2,'F','F2','Available',NULL),(2353,24,2,'F','F3','Available',NULL),(2354,24,2,'F','F4','Available',NULL),(2355,24,2,'F','F5','Available',NULL),(2356,24,2,'F','F6','Available',NULL),(2357,24,2,'F','F7','Available',NULL),(2358,24,2,'F','F8','Available',NULL),(2359,24,2,'F','F9','Available',NULL),(2360,24,2,'F','F10','Available',NULL),(2361,24,2,'G','G1','Available',NULL),(2362,24,2,'G','G2','Available',NULL),(2363,24,2,'G','G3','Available',NULL),(2364,24,2,'G','G4','Available',NULL),(2365,24,2,'G','G5','Available',NULL),(2366,24,2,'G','G6','Available',NULL),(2367,24,2,'G','G7','Available',NULL),(2368,24,2,'G','G8','Available',NULL),(2369,24,2,'G','G9','Available',NULL),(2370,24,2,'G','G10','Available',NULL),(2371,24,2,'H','H1','Available',NULL),(2372,24,2,'H','H2','Available',NULL),(2373,24,2,'H','H3','Available',NULL),(2374,24,2,'H','H4','Available',NULL),(2375,24,2,'H','H5','Available',NULL),(2376,24,2,'H','H6','Available',NULL),(2377,24,2,'H','H7','Available',NULL),(2378,24,2,'H','H8','Available',NULL),(2379,24,2,'H','H9','Available',NULL),(2380,24,2,'H','H10','Available',NULL),(2381,24,3,'I','I1','Available',NULL),(2382,24,3,'I','I2','Available',NULL),(2383,24,3,'I','I3','Available',NULL),(2384,24,3,'I','I4','Available',NULL),(2385,24,3,'I','I5','Available',NULL),(2386,24,3,'I','I6','Available',NULL),(2387,24,3,'I','I7','Available',NULL),(2388,24,3,'I','I8','Available',NULL),(2389,24,3,'I','I9','Available',NULL),(2390,24,3,'I','I10','Available',NULL),(2391,24,3,'J','J1','Available',NULL),(2392,24,3,'J','J2','Available',NULL),(2393,24,3,'J','J3','Available',NULL),(2394,24,3,'J','J4','Available',NULL),(2395,24,3,'J','J5','Available',NULL),(2396,24,3,'J','J6','Available',NULL),(2397,24,3,'J','J7','Available',NULL),(2398,24,3,'J','J8','Available',NULL),(2399,24,3,'J','J9','Available',NULL),(2400,24,3,'J','J10','Available',NULL),(2401,25,1,'A','A1','Available',NULL),(2402,25,1,'A','A2','Available',NULL),(2403,25,1,'A','A3','Available',NULL),(2404,25,1,'A','A4','Available',NULL),(2405,25,1,'A','A5','Available',NULL),(2406,25,1,'A','A6','Available',NULL),(2407,25,1,'A','A7','Available',NULL),(2408,25,1,'A','A8','Available',NULL),(2409,25,1,'A','A9','Available',NULL),(2410,25,1,'A','A10','Available',NULL),(2411,25,1,'B','B1','Available',NULL),(2412,25,1,'B','B2','Available',NULL),(2413,25,1,'B','B3','Available',NULL),(2414,25,1,'B','B4','Available',NULL),(2415,25,1,'B','B5','Available',NULL),(2416,25,1,'B','B6','Available',NULL),(2417,25,1,'B','B7','Available',NULL),(2418,25,1,'B','B8','Available',NULL),(2419,25,1,'B','B9','Available',NULL),(2420,25,1,'B','B10','Available',NULL),(2421,25,2,'C','C1','Available',NULL),(2422,25,2,'C','C2','Available',NULL),(2423,25,2,'C','C3','Available',NULL),(2424,25,2,'C','C4','Available',NULL),(2425,25,2,'C','C5','Available',NULL),(2426,25,2,'C','C6','Available',NULL),(2427,25,2,'C','C7','Available',NULL),(2428,25,2,'C','C8','Available',NULL),(2429,25,2,'C','C9','Available',NULL),(2430,25,2,'C','C10','Available',NULL),(2431,25,2,'D','D1','Available',NULL),(2432,25,2,'D','D2','Available',NULL),(2433,25,2,'D','D3','Available',NULL),(2434,25,2,'D','D4','Available',NULL),(2435,25,2,'D','D5','Available',NULL),(2436,25,2,'D','D6','Available',NULL),(2437,25,2,'D','D7','Available',NULL),(2438,25,2,'D','D8','Available',NULL),(2439,25,2,'D','D9','Available',NULL),(2440,25,2,'D','D10','Available',NULL),(2441,25,2,'E','E1','Available',NULL),(2442,25,2,'E','E2','Available',NULL),(2443,25,2,'E','E3','Available',NULL),(2444,25,2,'E','E4','Available',NULL),(2445,25,2,'E','E5','Available',NULL),(2446,25,2,'E','E6','Available',NULL),(2447,25,2,'E','E7','Available',NULL),(2448,25,2,'E','E8','Available',NULL),(2449,25,2,'E','E9','Available',NULL),(2450,25,2,'E','E10','Available',NULL),(2451,25,2,'F','F1','Available',NULL),(2452,25,2,'F','F2','Available',NULL),(2453,25,2,'F','F3','Available',NULL),(2454,25,2,'F','F4','Available',NULL),(2455,25,2,'F','F5','Available',NULL),(2456,25,2,'F','F6','Available',NULL),(2457,25,2,'F','F7','Available',NULL),(2458,25,2,'F','F8','Available',NULL),(2459,25,2,'F','F9','Available',NULL),(2460,25,2,'F','F10','Available',NULL),(2461,25,2,'G','G1','Available',NULL),(2462,25,2,'G','G2','Available',NULL),(2463,25,2,'G','G3','Available',NULL),(2464,25,2,'G','G4','Available',NULL),(2465,25,2,'G','G5','Available',NULL),(2466,25,2,'G','G6','Available',NULL),(2467,25,2,'G','G7','Available',NULL),(2468,25,2,'G','G8','Available',NULL),(2469,25,2,'G','G9','Available',NULL),(2470,25,2,'G','G10','Available',NULL),(2471,25,2,'H','H1','Available',NULL),(2472,25,2,'H','H2','Available',NULL),(2473,25,2,'H','H3','Available',NULL),(2474,25,2,'H','H4','Available',NULL),(2475,25,2,'H','H5','Available',NULL),(2476,25,2,'H','H6','Available',NULL),(2477,25,2,'H','H7','Available',NULL),(2478,25,2,'H','H8','Available',NULL),(2479,25,2,'H','H9','Available',NULL),(2480,25,2,'H','H10','Available',NULL),(2481,25,3,'I','I1','Available',NULL),(2482,25,3,'I','I2','Available',NULL),(2483,25,3,'I','I3','Available',NULL),(2484,25,3,'I','I4','Available',NULL),(2485,25,3,'I','I5','Available',NULL),(2486,25,3,'I','I6','Available',NULL),(2487,25,3,'I','I7','Available',NULL),(2488,25,3,'I','I8','Available',NULL),(2489,25,3,'I','I9','Available',NULL),(2490,25,3,'I','I10','Available',NULL),(2491,25,3,'J','J1','Available',NULL),(2492,25,3,'J','J2','Available',NULL),(2493,25,3,'J','J3','Available',NULL),(2494,25,3,'J','J4','Available',NULL),(2495,25,3,'J','J5','Available',NULL),(2496,25,3,'J','J6','Available',NULL),(2497,25,3,'J','J7','Available',NULL),(2498,25,3,'J','J8','Available',NULL),(2499,25,3,'J','J9','Available',NULL),(2500,25,3,'J','J10','Available',NULL),(2501,26,1,'A','A1','Available',NULL),(2502,26,1,'A','A2','Available',NULL),(2503,26,1,'A','A3','Available',NULL),(2504,26,1,'A','A4','Available',NULL),(2505,26,1,'A','A5','Available',NULL),(2506,26,1,'A','A6','Available',NULL),(2507,26,1,'A','A7','Available',NULL),(2508,26,1,'A','A8','Available',NULL),(2509,26,1,'A','A9','Available',NULL),(2510,26,1,'A','A10','Available',NULL),(2511,26,1,'B','B1','Available',NULL),(2512,26,1,'B','B2','Available',NULL),(2513,26,1,'B','B3','Available',NULL),(2514,26,1,'B','B4','Available',NULL),(2515,26,1,'B','B5','Available',NULL),(2516,26,1,'B','B6','Available',NULL),(2517,26,1,'B','B7','Available',NULL),(2518,26,1,'B','B8','Available',NULL),(2519,26,1,'B','B9','Available',NULL),(2520,26,1,'B','B10','Available',NULL),(2521,26,2,'C','C1','Available',NULL),(2522,26,2,'C','C2','Available',NULL),(2523,26,2,'C','C3','Available',NULL),(2524,26,2,'C','C4','Available',NULL),(2525,26,2,'C','C5','Available',NULL),(2526,26,2,'C','C6','Available',NULL),(2527,26,2,'C','C7','Available',NULL),(2528,26,2,'C','C8','Available',NULL),(2529,26,2,'C','C9','Available',NULL),(2530,26,2,'C','C10','Available',NULL),(2531,26,2,'D','D1','Available',NULL),(2532,26,2,'D','D2','Available',NULL),(2533,26,2,'D','D3','Available',NULL),(2534,26,2,'D','D4','Available',NULL),(2535,26,2,'D','D5','Available',NULL),(2536,26,2,'D','D6','Available',NULL),(2537,26,2,'D','D7','Available',NULL),(2538,26,2,'D','D8','Available',NULL),(2539,26,2,'D','D9','Available',NULL),(2540,26,2,'D','D10','Available',NULL),(2541,26,2,'E','E1','Available',NULL),(2542,26,2,'E','E2','Available',NULL),(2543,26,2,'E','E3','Available',NULL),(2544,26,2,'E','E4','Available',NULL),(2545,26,2,'E','E5','Available',NULL),(2546,26,2,'E','E6','Available',NULL),(2547,26,2,'E','E7','Available',NULL),(2548,26,2,'E','E8','Available',NULL),(2549,26,2,'E','E9','Available',NULL),(2550,26,2,'E','E10','Available',NULL),(2551,26,2,'F','F1','Available',NULL),(2552,26,2,'F','F2','Available',NULL),(2553,26,2,'F','F3','Available',NULL),(2554,26,2,'F','F4','Available',NULL),(2555,26,2,'F','F5','Available',NULL),(2556,26,2,'F','F6','Available',NULL),(2557,26,2,'F','F7','Available',NULL),(2558,26,2,'F','F8','Available',NULL),(2559,26,2,'F','F9','Available',NULL),(2560,26,2,'F','F10','Available',NULL),(2561,26,2,'G','G1','Available',NULL),(2562,26,2,'G','G2','Available',NULL),(2563,26,2,'G','G3','Available',NULL),(2564,26,2,'G','G4','Available',NULL),(2565,26,2,'G','G5','Available',NULL),(2566,26,2,'G','G6','Available',NULL),(2567,26,2,'G','G7','Available',NULL),(2568,26,2,'G','G8','Available',NULL),(2569,26,2,'G','G9','Available',NULL),(2570,26,2,'G','G10','Available',NULL),(2571,26,2,'H','H1','Available',NULL),(2572,26,2,'H','H2','Available',NULL),(2573,26,2,'H','H3','Available',NULL),(2574,26,2,'H','H4','Available',NULL),(2575,26,2,'H','H5','Available',NULL),(2576,26,2,'H','H6','Available',NULL),(2577,26,2,'H','H7','Available',NULL),(2578,26,2,'H','H8','Available',NULL),(2579,26,2,'H','H9','Available',NULL),(2580,26,2,'H','H10','Available',NULL),(2581,26,3,'I','I1','Available',NULL),(2582,26,3,'I','I2','Available',NULL),(2583,26,3,'I','I3','Available',NULL),(2584,26,3,'I','I4','Available',NULL),(2585,26,3,'I','I5','Available',NULL),(2586,26,3,'I','I6','Available',NULL),(2587,26,3,'I','I7','Available',NULL),(2588,26,3,'I','I8','Available',NULL),(2589,26,3,'I','I9','Available',NULL),(2590,26,3,'I','I10','Available',NULL),(2591,26,3,'J','J1','Available',NULL),(2592,26,3,'J','J2','Available',NULL),(2593,26,3,'J','J3','Available',NULL),(2594,26,3,'J','J4','Available',NULL),(2595,26,3,'J','J5','Available',NULL),(2596,26,3,'J','J6','Available',NULL),(2597,26,3,'J','J7','Available',NULL),(2598,26,3,'J','J8','Available',NULL),(2599,26,3,'J','J9','Available',NULL),(2600,26,3,'J','J10','Available',NULL),(2601,27,1,'A','A1','Available',NULL),(2602,27,1,'A','A2','Available',NULL),(2603,27,1,'A','A3','Available',NULL),(2604,27,1,'A','A4','Available',NULL),(2605,27,1,'A','A5','Available',NULL),(2606,27,1,'A','A6','Available',NULL),(2607,27,1,'A','A7','Available',NULL),(2608,27,1,'A','A8','Available',NULL),(2609,27,1,'A','A9','Available',NULL),(2610,27,1,'A','A10','Available',NULL),(2611,27,1,'B','B1','Available',NULL),(2612,27,1,'B','B2','Available',NULL),(2613,27,1,'B','B3','Available',NULL),(2614,27,1,'B','B4','Available',NULL),(2615,27,1,'B','B5','Available',NULL),(2616,27,1,'B','B6','Available',NULL),(2617,27,1,'B','B7','Available',NULL),(2618,27,1,'B','B8','Available',NULL),(2619,27,1,'B','B9','Available',NULL),(2620,27,1,'B','B10','Available',NULL),(2621,27,2,'C','C1','Available',NULL),(2622,27,2,'C','C2','Available',NULL),(2623,27,2,'C','C3','Available',NULL),(2624,27,2,'C','C4','Available',NULL),(2625,27,2,'C','C5','Available',NULL),(2626,27,2,'C','C6','Available',NULL),(2627,27,2,'C','C7','Available',NULL),(2628,27,2,'C','C8','Available',NULL),(2629,27,2,'C','C9','Available',NULL),(2630,27,2,'C','C10','Available',NULL),(2631,27,2,'D','D1','Available',NULL),(2632,27,2,'D','D2','Available',NULL),(2633,27,2,'D','D3','Available',NULL),(2634,27,2,'D','D4','Available',NULL),(2635,27,2,'D','D5','Available',NULL),(2636,27,2,'D','D6','Available',NULL),(2637,27,2,'D','D7','Available',NULL),(2638,27,2,'D','D8','Available',NULL),(2639,27,2,'D','D9','Available',NULL),(2640,27,2,'D','D10','Available',NULL),(2641,27,2,'E','E1','Available',NULL),(2642,27,2,'E','E2','Available',NULL),(2643,27,2,'E','E3','Available',NULL),(2644,27,2,'E','E4','Available',NULL),(2645,27,2,'E','E5','Available',NULL),(2646,27,2,'E','E6','Available',NULL),(2647,27,2,'E','E7','Available',NULL),(2648,27,2,'E','E8','Available',NULL),(2649,27,2,'E','E9','Available',NULL),(2650,27,2,'E','E10','Available',NULL),(2651,27,2,'F','F1','Available',NULL),(2652,27,2,'F','F2','Available',NULL),(2653,27,2,'F','F3','Available',NULL),(2654,27,2,'F','F4','Available',NULL),(2655,27,2,'F','F5','Available',NULL),(2656,27,2,'F','F6','Available',NULL),(2657,27,2,'F','F7','Available',NULL),(2658,27,2,'F','F8','Available',NULL),(2659,27,2,'F','F9','Available',NULL),(2660,27,2,'F','F10','Available',NULL),(2661,27,2,'G','G1','Available',NULL),(2662,27,2,'G','G2','Available',NULL),(2663,27,2,'G','G3','Available',NULL),(2664,27,2,'G','G4','Available',NULL),(2665,27,2,'G','G5','Available',NULL),(2666,27,2,'G','G6','Available',NULL),(2667,27,2,'G','G7','Available',NULL),(2668,27,2,'G','G8','Available',NULL),(2669,27,2,'G','G9','Available',NULL),(2670,27,2,'G','G10','Available',NULL),(2671,27,2,'H','H1','Available',NULL),(2672,27,2,'H','H2','Available',NULL),(2673,27,2,'H','H3','Available',NULL),(2674,27,2,'H','H4','Available',NULL),(2675,27,2,'H','H5','Available',NULL),(2676,27,2,'H','H6','Available',NULL),(2677,27,2,'H','H7','Available',NULL),(2678,27,2,'H','H8','Available',NULL),(2679,27,2,'H','H9','Available',NULL),(2680,27,2,'H','H10','Available',NULL),(2681,27,3,'I','I1','Available',NULL),(2682,27,3,'I','I2','Available',NULL),(2683,27,3,'I','I3','Available',NULL),(2684,27,3,'I','I4','Available',NULL),(2685,27,3,'I','I5','Available',NULL),(2686,27,3,'I','I6','Available',NULL),(2687,27,3,'I','I7','Available',NULL),(2688,27,3,'I','I8','Available',NULL),(2689,27,3,'I','I9','Available',NULL),(2690,27,3,'I','I10','Available',NULL),(2691,27,3,'J','J1','Available',NULL),(2692,27,3,'J','J2','Available',NULL),(2693,27,3,'J','J3','Available',NULL),(2694,27,3,'J','J4','Available',NULL),(2695,27,3,'J','J5','Available',NULL),(2696,27,3,'J','J6','Available',NULL),(2697,27,3,'J','J7','Available',NULL),(2698,27,3,'J','J8','Available',NULL),(2699,27,3,'J','J9','Available',NULL),(2700,27,3,'J','J10','Available',NULL),(2701,28,1,'A','A1','Available',NULL),(2702,28,1,'A','A2','Available',NULL),(2703,28,1,'A','A3','Available',NULL),(2704,28,1,'A','A4','Available',NULL),(2705,28,1,'A','A5','Available',NULL),(2706,28,1,'A','A6','Available',NULL),(2707,28,1,'A','A7','Available',NULL),(2708,28,1,'A','A8','Available',NULL),(2709,28,1,'A','A9','Available',NULL),(2710,28,1,'A','A10','Available',NULL),(2711,28,1,'B','B1','Available',NULL),(2712,28,1,'B','B2','Available',NULL),(2713,28,1,'B','B3','Available',NULL),(2714,28,1,'B','B4','Available',NULL),(2715,28,1,'B','B5','Available',NULL),(2716,28,1,'B','B6','Available',NULL),(2717,28,1,'B','B7','Available',NULL),(2718,28,1,'B','B8','Available',NULL),(2719,28,1,'B','B9','Available',NULL),(2720,28,1,'B','B10','Available',NULL),(2721,28,2,'C','C1','Available',NULL),(2722,28,2,'C','C2','Available',NULL),(2723,28,2,'C','C3','Available',NULL),(2724,28,2,'C','C4','Available',NULL),(2725,28,2,'C','C5','Available',NULL),(2726,28,2,'C','C6','Available',NULL),(2727,28,2,'C','C7','Available',NULL),(2728,28,2,'C','C8','Available',NULL),(2729,28,2,'C','C9','Available',NULL),(2730,28,2,'C','C10','Available',NULL),(2731,28,2,'D','D1','Available',NULL),(2732,28,2,'D','D2','Available',NULL),(2733,28,2,'D','D3','Available',NULL),(2734,28,2,'D','D4','Available',NULL),(2735,28,2,'D','D5','Available',NULL),(2736,28,2,'D','D6','Available',NULL),(2737,28,2,'D','D7','Available',NULL),(2738,28,2,'D','D8','Available',NULL),(2739,28,2,'D','D9','Available',NULL),(2740,28,2,'D','D10','Available',NULL),(2741,28,2,'E','E1','Available',NULL),(2742,28,2,'E','E2','Available',NULL),(2743,28,2,'E','E3','Available',NULL),(2744,28,2,'E','E4','Available',NULL),(2745,28,2,'E','E5','Available',NULL),(2746,28,2,'E','E6','Available',NULL),(2747,28,2,'E','E7','Available',NULL),(2748,28,2,'E','E8','Available',NULL),(2749,28,2,'E','E9','Available',NULL),(2750,28,2,'E','E10','Available',NULL),(2751,28,2,'F','F1','Available',NULL),(2752,28,2,'F','F2','Available',NULL),(2753,28,2,'F','F3','Available',NULL),(2754,28,2,'F','F4','Available',NULL),(2755,28,2,'F','F5','Available',NULL),(2756,28,2,'F','F6','Available',NULL),(2757,28,2,'F','F7','Available',NULL),(2758,28,2,'F','F8','Available',NULL),(2759,28,2,'F','F9','Available',NULL),(2760,28,2,'F','F10','Available',NULL),(2761,28,2,'G','G1','Available',NULL),(2762,28,2,'G','G2','Available',NULL),(2763,28,2,'G','G3','Available',NULL),(2764,28,2,'G','G4','Available',NULL),(2765,28,2,'G','G5','Available',NULL),(2766,28,2,'G','G6','Available',NULL),(2767,28,2,'G','G7','Available',NULL),(2768,28,2,'G','G8','Available',NULL),(2769,28,2,'G','G9','Available',NULL),(2770,28,2,'G','G10','Available',NULL),(2771,28,2,'H','H1','Available',NULL),(2772,28,2,'H','H2','Available',NULL),(2773,28,2,'H','H3','Available',NULL),(2774,28,2,'H','H4','Available',NULL),(2775,28,2,'H','H5','Available',NULL),(2776,28,2,'H','H6','Available',NULL),(2777,28,2,'H','H7','Available',NULL),(2778,28,2,'H','H8','Available',NULL),(2779,28,2,'H','H9','Available',NULL),(2780,28,2,'H','H10','Available',NULL),(2781,28,3,'I','I1','Available',NULL),(2782,28,3,'I','I2','Available',NULL),(2783,28,3,'I','I3','Available',NULL),(2784,28,3,'I','I4','Available',NULL),(2785,28,3,'I','I5','Available',NULL),(2786,28,3,'I','I6','Available',NULL),(2787,28,3,'I','I7','Available',NULL),(2788,28,3,'I','I8','Available',NULL),(2789,28,3,'I','I9','Available',NULL),(2790,28,3,'I','I10','Available',NULL),(2791,28,3,'J','J1','Available',NULL),(2792,28,3,'J','J2','Available',NULL),(2793,28,3,'J','J3','Available',NULL),(2794,28,3,'J','J4','Available',NULL),(2795,28,3,'J','J5','Available',NULL),(2796,28,3,'J','J6','Available',NULL),(2797,28,3,'J','J7','Available',NULL),(2798,28,3,'J','J8','Available',NULL),(2799,28,3,'J','J9','Available',NULL),(2800,28,3,'J','J10','Available',NULL),(2801,29,1,'A','A1','Available',NULL),(2802,29,1,'A','A2','Available',NULL),(2803,29,1,'A','A3','Available',NULL),(2804,29,1,'A','A4','Available',NULL),(2805,29,1,'A','A5','Available',NULL),(2806,29,1,'A','A6','Available',NULL),(2807,29,1,'A','A7','Available',NULL),(2808,29,1,'A','A8','Available',NULL),(2809,29,1,'A','A9','Available',NULL),(2810,29,1,'A','A10','Available',NULL),(2811,29,1,'B','B1','Available',NULL),(2812,29,1,'B','B2','Available',NULL),(2813,29,1,'B','B3','Available',NULL),(2814,29,1,'B','B4','Available',NULL),(2815,29,1,'B','B5','Available',NULL),(2816,29,1,'B','B6','Available',NULL),(2817,29,1,'B','B7','Available',NULL),(2818,29,1,'B','B8','Available',NULL),(2819,29,1,'B','B9','Available',NULL),(2820,29,1,'B','B10','Available',NULL),(2821,29,2,'C','C1','Available',NULL),(2822,29,2,'C','C2','Available',NULL),(2823,29,2,'C','C3','Available',NULL),(2824,29,2,'C','C4','Available',NULL),(2825,29,2,'C','C5','Available',NULL),(2826,29,2,'C','C6','Available',NULL),(2827,29,2,'C','C7','Available',NULL),(2828,29,2,'C','C8','Available',NULL),(2829,29,2,'C','C9','Available',NULL),(2830,29,2,'C','C10','Available',NULL),(2831,29,2,'D','D1','Available',NULL),(2832,29,2,'D','D2','Available',NULL),(2833,29,2,'D','D3','Available',NULL),(2834,29,2,'D','D4','Available',NULL),(2835,29,2,'D','D5','Available',NULL),(2836,29,2,'D','D6','Available',NULL),(2837,29,2,'D','D7','Available',NULL),(2838,29,2,'D','D8','Available',NULL),(2839,29,2,'D','D9','Available',NULL),(2840,29,2,'D','D10','Available',NULL),(2841,29,2,'E','E1','Available',NULL),(2842,29,2,'E','E2','Available',NULL),(2843,29,2,'E','E3','Available',NULL),(2844,29,2,'E','E4','Available',NULL),(2845,29,2,'E','E5','Available',NULL),(2846,29,2,'E','E6','Available',NULL),(2847,29,2,'E','E7','Available',NULL),(2848,29,2,'E','E8','Available',NULL),(2849,29,2,'E','E9','Available',NULL),(2850,29,2,'E','E10','Available',NULL),(2851,29,2,'F','F1','Available',NULL),(2852,29,2,'F','F2','Available',NULL),(2853,29,2,'F','F3','Available',NULL),(2854,29,2,'F','F4','Available',NULL),(2855,29,2,'F','F5','Available',NULL),(2856,29,2,'F','F6','Available',NULL),(2857,29,2,'F','F7','Available',NULL),(2858,29,2,'F','F8','Available',NULL),(2859,29,2,'F','F9','Available',NULL),(2860,29,2,'F','F10','Available',NULL),(2861,29,2,'G','G1','Available',NULL),(2862,29,2,'G','G2','Available',NULL),(2863,29,2,'G','G3','Available',NULL),(2864,29,2,'G','G4','Available',NULL),(2865,29,2,'G','G5','Available',NULL),(2866,29,2,'G','G6','Available',NULL),(2867,29,2,'G','G7','Available',NULL),(2868,29,2,'G','G8','Available',NULL),(2869,29,2,'G','G9','Available',NULL),(2870,29,2,'G','G10','Available',NULL),(2871,29,2,'H','H1','Available',NULL),(2872,29,2,'H','H2','Available',NULL),(2873,29,2,'H','H3','Available',NULL),(2874,29,2,'H','H4','Available',NULL),(2875,29,2,'H','H5','Available',NULL),(2876,29,2,'H','H6','Available',NULL),(2877,29,2,'H','H7','Available',NULL),(2878,29,2,'H','H8','Available',NULL),(2879,29,2,'H','H9','Available',NULL),(2880,29,2,'H','H10','Available',NULL),(2881,29,3,'I','I1','Available',NULL),(2882,29,3,'I','I2','Available',NULL),(2883,29,3,'I','I3','Available',NULL),(2884,29,3,'I','I4','Available',NULL),(2885,29,3,'I','I5','Available',NULL),(2886,29,3,'I','I6','Available',NULL),(2887,29,3,'I','I7','Available',NULL),(2888,29,3,'I','I8','Available',NULL),(2889,29,3,'I','I9','Available',NULL),(2890,29,3,'I','I10','Available',NULL),(2891,29,3,'J','J1','Available',NULL),(2892,29,3,'J','J2','Available',NULL),(2893,29,3,'J','J3','Available',NULL),(2894,29,3,'J','J4','Available',NULL),(2895,29,3,'J','J5','Available',NULL),(2896,29,3,'J','J6','Available',NULL),(2897,29,3,'J','J7','Available',NULL),(2898,29,3,'J','J8','Available',NULL),(2899,29,3,'J','J9','Available',NULL),(2900,29,3,'J','J10','Available',NULL),(2901,30,1,'A','A1','Available',NULL),(2902,30,1,'A','A2','Available',NULL),(2903,30,1,'A','A3','Available',NULL),(2904,30,1,'A','A4','Available',NULL),(2905,30,1,'A','A5','Available',NULL),(2906,30,1,'A','A6','Available',NULL),(2907,30,1,'A','A7','Available',NULL),(2908,30,1,'A','A8','Available',NULL),(2909,30,1,'A','A9','Available',NULL),(2910,30,1,'A','A10','Available',NULL),(2911,30,1,'B','B1','Available',NULL),(2912,30,1,'B','B2','Available',NULL),(2913,30,1,'B','B3','Available',NULL),(2914,30,1,'B','B4','Available',NULL),(2915,30,1,'B','B5','Available',NULL),(2916,30,1,'B','B6','Available',NULL),(2917,30,1,'B','B7','Available',NULL),(2918,30,1,'B','B8','Available',NULL),(2919,30,1,'B','B9','Available',NULL),(2920,30,1,'B','B10','Available',NULL),(2921,30,2,'C','C1','Available',NULL),(2922,30,2,'C','C2','Available',NULL),(2923,30,2,'C','C3','Available',NULL),(2924,30,2,'C','C4','Available',NULL),(2925,30,2,'C','C5','Available',NULL),(2926,30,2,'C','C6','Available',NULL),(2927,30,2,'C','C7','Available',NULL),(2928,30,2,'C','C8','Available',NULL),(2929,30,2,'C','C9','Available',NULL),(2930,30,2,'C','C10','Available',NULL),(2931,30,2,'D','D1','Available',NULL),(2932,30,2,'D','D2','Available',NULL),(2933,30,2,'D','D3','Available',NULL),(2934,30,2,'D','D4','Available',NULL),(2935,30,2,'D','D5','Available',NULL),(2936,30,2,'D','D6','Available',NULL),(2937,30,2,'D','D7','Available',NULL),(2938,30,2,'D','D8','Available',NULL),(2939,30,2,'D','D9','Available',NULL),(2940,30,2,'D','D10','Available',NULL),(2941,30,2,'E','E1','Available',NULL),(2942,30,2,'E','E2','Available',NULL),(2943,30,2,'E','E3','Available',NULL),(2944,30,2,'E','E4','Available',NULL),(2945,30,2,'E','E5','Available',NULL),(2946,30,2,'E','E6','Available',NULL),(2947,30,2,'E','E7','Available',NULL),(2948,30,2,'E','E8','Available',NULL),(2949,30,2,'E','E9','Available',NULL),(2950,30,2,'E','E10','Available',NULL),(2951,30,2,'F','F1','Available',NULL),(2952,30,2,'F','F2','Available',NULL),(2953,30,2,'F','F3','Available',NULL),(2954,30,2,'F','F4','Available',NULL),(2955,30,2,'F','F5','Available',NULL),(2956,30,2,'F','F6','Available',NULL),(2957,30,2,'F','F7','Available',NULL),(2958,30,2,'F','F8','Available',NULL),(2959,30,2,'F','F9','Available',NULL),(2960,30,2,'F','F10','Available',NULL),(2961,30,2,'G','G1','Available',NULL),(2962,30,2,'G','G2','Available',NULL),(2963,30,2,'G','G3','Available',NULL),(2964,30,2,'G','G4','Available',NULL),(2965,30,2,'G','G5','Available',NULL),(2966,30,2,'G','G6','Available',NULL),(2967,30,2,'G','G7','Available',NULL),(2968,30,2,'G','G8','Available',NULL),(2969,30,2,'G','G9','Available',NULL),(2970,30,2,'G','G10','Available',NULL),(2971,30,2,'H','H1','Available',NULL),(2972,30,2,'H','H2','Available',NULL),(2973,30,2,'H','H3','Available',NULL),(2974,30,2,'H','H4','Available',NULL),(2975,30,2,'H','H5','Available',NULL),(2976,30,2,'H','H6','Available',NULL),(2977,30,2,'H','H7','Available',NULL),(2978,30,2,'H','H8','Available',NULL),(2979,30,2,'H','H9','Available',NULL),(2980,30,2,'H','H10','Available',NULL),(2981,30,3,'I','I1','Available',NULL),(2982,30,3,'I','I2','Available',NULL),(2983,30,3,'I','I3','Available',NULL),(2984,30,3,'I','I4','Available',NULL),(2985,30,3,'I','I5','Available',NULL),(2986,30,3,'I','I6','Available',NULL),(2987,30,3,'I','I7','Available',NULL),(2988,30,3,'I','I8','Available',NULL),(2989,30,3,'I','I9','Available',NULL),(2990,30,3,'I','I10','Available',NULL),(2991,30,3,'J','J1','Available',NULL),(2992,30,3,'J','J2','Available',NULL),(2993,30,3,'J','J3','Available',NULL),(2994,30,3,'J','J4','Available',NULL),(2995,30,3,'J','J5','Available',NULL),(2996,30,3,'J','J6','Available',NULL),(2997,30,3,'J','J7','Available',NULL),(2998,30,3,'J','J8','Available',NULL),(2999,30,3,'J','J9','Available',NULL),(3000,30,3,'J','J10','Available',NULL),(3001,31,1,'A','A1','Available',NULL),(3002,31,1,'A','A2','Available',NULL),(3003,31,1,'A','A3','Available',NULL),(3004,31,1,'A','A4','Available',NULL),(3005,31,1,'A','A5','Available',NULL),(3006,31,1,'A','A6','Available',NULL),(3007,31,1,'A','A7','Available',NULL),(3008,31,1,'A','A8','Available',NULL),(3009,31,1,'A','A9','Available',NULL),(3010,31,1,'A','A10','Available',NULL),(3011,31,1,'B','B1','Available',NULL),(3012,31,1,'B','B2','Available',NULL),(3013,31,1,'B','B3','Available',NULL),(3014,31,1,'B','B4','Available',NULL),(3015,31,1,'B','B5','Available',NULL),(3016,31,1,'B','B6','Available',NULL),(3017,31,1,'B','B7','Available',NULL),(3018,31,1,'B','B8','Available',NULL),(3019,31,1,'B','B9','Available',NULL),(3020,31,1,'B','B10','Available',NULL),(3021,31,2,'C','C1','Available',NULL),(3022,31,2,'C','C2','Available',NULL),(3023,31,2,'C','C3','Available',NULL),(3024,31,2,'C','C4','Available',NULL),(3025,31,2,'C','C5','Available',NULL),(3026,31,2,'C','C6','Available',NULL),(3027,31,2,'C','C7','Available',NULL),(3028,31,2,'C','C8','Available',NULL),(3029,31,2,'C','C9','Available',NULL),(3030,31,2,'C','C10','Available',NULL),(3031,31,2,'D','D1','Available',NULL),(3032,31,2,'D','D2','Available',NULL),(3033,31,2,'D','D3','Available',NULL),(3034,31,2,'D','D4','Available',NULL),(3035,31,2,'D','D5','Available',NULL),(3036,31,2,'D','D6','Available',NULL),(3037,31,2,'D','D7','Available',NULL),(3038,31,2,'D','D8','Available',NULL),(3039,31,2,'D','D9','Available',NULL),(3040,31,2,'D','D10','Available',NULL),(3041,31,2,'E','E1','Available',NULL),(3042,31,2,'E','E2','Available',NULL),(3043,31,2,'E','E3','Available',NULL),(3044,31,2,'E','E4','Available',NULL),(3045,31,2,'E','E5','Available',NULL),(3046,31,2,'E','E6','Available',NULL),(3047,31,2,'E','E7','Available',NULL),(3048,31,2,'E','E8','Available',NULL),(3049,31,2,'E','E9','Available',NULL),(3050,31,2,'E','E10','Available',NULL),(3051,31,2,'F','F1','Available',NULL),(3052,31,2,'F','F2','Available',NULL),(3053,31,2,'F','F3','Available',NULL),(3054,31,2,'F','F4','Available',NULL),(3055,31,2,'F','F5','Available',NULL),(3056,31,2,'F','F6','Available',NULL),(3057,31,2,'F','F7','Available',NULL),(3058,31,2,'F','F8','Available',NULL),(3059,31,2,'F','F9','Available',NULL),(3060,31,2,'F','F10','Available',NULL),(3061,31,2,'G','G1','Available',NULL),(3062,31,2,'G','G2','Available',NULL),(3063,31,2,'G','G3','Available',NULL),(3064,31,2,'G','G4','Available',NULL),(3065,31,2,'G','G5','Available',NULL),(3066,31,2,'G','G6','Available',NULL),(3067,31,2,'G','G7','Available',NULL),(3068,31,2,'G','G8','Available',NULL),(3069,31,2,'G','G9','Available',NULL),(3070,31,2,'G','G10','Available',NULL),(3071,31,2,'H','H1','Available',NULL),(3072,31,2,'H','H2','Available',NULL),(3073,31,2,'H','H3','Available',NULL),(3074,31,2,'H','H4','Available',NULL),(3075,31,2,'H','H5','Available',NULL),(3076,31,2,'H','H6','Available',NULL),(3077,31,2,'H','H7','Available',NULL),(3078,31,2,'H','H8','Available',NULL),(3079,31,2,'H','H9','Available',NULL),(3080,31,2,'H','H10','Available',NULL),(3081,31,3,'I','I1','Available',NULL),(3082,31,3,'I','I2','Available',NULL),(3083,31,3,'I','I3','Available',NULL),(3084,31,3,'I','I4','Available',NULL),(3085,31,3,'I','I5','Available',NULL),(3086,31,3,'I','I6','Available',NULL),(3087,31,3,'I','I7','Available',NULL),(3088,31,3,'I','I8','Available',NULL),(3089,31,3,'I','I9','Available',NULL),(3090,31,3,'I','I10','Available',NULL),(3091,31,3,'J','J1','Available',NULL),(3092,31,3,'J','J2','Available',NULL),(3093,31,3,'J','J3','Available',NULL),(3094,31,3,'J','J4','Available',NULL),(3095,31,3,'J','J5','Available',NULL),(3096,31,3,'J','J6','Available',NULL),(3097,31,3,'J','J7','Available',NULL),(3098,31,3,'J','J8','Available',NULL),(3099,31,3,'J','J9','Available',NULL),(3100,31,3,'J','J10','Available',NULL),(3101,32,1,'A','A1','Available',NULL),(3102,32,1,'A','A2','Available',NULL),(3103,32,1,'A','A3','Available',NULL),(3104,32,1,'A','A4','Available',NULL),(3105,32,1,'A','A5','Available',NULL),(3106,32,1,'A','A6','Available',NULL),(3107,32,1,'A','A7','Available',NULL),(3108,32,1,'A','A8','Available',NULL),(3109,32,1,'A','A9','Available',NULL),(3110,32,1,'A','A10','Available',NULL),(3111,32,1,'B','B1','Available',NULL),(3112,32,1,'B','B2','Available',NULL),(3113,32,1,'B','B3','Available',NULL),(3114,32,1,'B','B4','Available',NULL),(3115,32,1,'B','B5','Available',NULL),(3116,32,1,'B','B6','Available',NULL),(3117,32,1,'B','B7','Available',NULL),(3118,32,1,'B','B8','Available',NULL),(3119,32,1,'B','B9','Available',NULL),(3120,32,1,'B','B10','Available',NULL),(3121,32,2,'C','C1','Available',NULL),(3122,32,2,'C','C2','Available',NULL),(3123,32,2,'C','C3','Available',NULL),(3124,32,2,'C','C4','Available',NULL),(3125,32,2,'C','C5','Available',NULL),(3126,32,2,'C','C6','Available',NULL),(3127,32,2,'C','C7','Available',NULL),(3128,32,2,'C','C8','Available',NULL),(3129,32,2,'C','C9','Available',NULL),(3130,32,2,'C','C10','Available',NULL),(3131,32,2,'D','D1','Available',NULL),(3132,32,2,'D','D2','Available',NULL),(3133,32,2,'D','D3','Available',NULL),(3134,32,2,'D','D4','Available',NULL),(3135,32,2,'D','D5','Available',NULL),(3136,32,2,'D','D6','Available',NULL),(3137,32,2,'D','D7','Available',NULL),(3138,32,2,'D','D8','Available',NULL),(3139,32,2,'D','D9','Available',NULL),(3140,32,2,'D','D10','Available',NULL),(3141,32,2,'E','E1','Available',NULL),(3142,32,2,'E','E2','Available',NULL),(3143,32,2,'E','E3','Available',NULL),(3144,32,2,'E','E4','Available',NULL),(3145,32,2,'E','E5','Available',NULL),(3146,32,2,'E','E6','Available',NULL),(3147,32,2,'E','E7','Available',NULL),(3148,32,2,'E','E8','Available',NULL),(3149,32,2,'E','E9','Available',NULL),(3150,32,2,'E','E10','Available',NULL),(3151,32,2,'F','F1','Available',NULL),(3152,32,2,'F','F2','Available',NULL),(3153,32,2,'F','F3','Available',NULL),(3154,32,2,'F','F4','Available',NULL),(3155,32,2,'F','F5','Available',NULL),(3156,32,2,'F','F6','Available',NULL),(3157,32,2,'F','F7','Available',NULL),(3158,32,2,'F','F8','Available',NULL),(3159,32,2,'F','F9','Available',NULL),(3160,32,2,'F','F10','Available',NULL),(3161,32,2,'G','G1','Available',NULL),(3162,32,2,'G','G2','Available',NULL),(3163,32,2,'G','G3','Available',NULL),(3164,32,2,'G','G4','Available',NULL),(3165,32,2,'G','G5','Available',NULL),(3166,32,2,'G','G6','Available',NULL),(3167,32,2,'G','G7','Available',NULL),(3168,32,2,'G','G8','Available',NULL),(3169,32,2,'G','G9','Available',NULL),(3170,32,2,'G','G10','Available',NULL),(3171,32,2,'H','H1','Available',NULL),(3172,32,2,'H','H2','Available',NULL),(3173,32,2,'H','H3','Available',NULL),(3174,32,2,'H','H4','Available',NULL),(3175,32,2,'H','H5','Available',NULL),(3176,32,2,'H','H6','Available',NULL),(3177,32,2,'H','H7','Available',NULL),(3178,32,2,'H','H8','Available',NULL),(3179,32,2,'H','H9','Available',NULL),(3180,32,2,'H','H10','Available',NULL),(3181,32,3,'I','I1','Available',NULL),(3182,32,3,'I','I2','Available',NULL),(3183,32,3,'I','I3','Available',NULL),(3184,32,3,'I','I4','Available',NULL),(3185,32,3,'I','I5','Available',NULL),(3186,32,3,'I','I6','Available',NULL),(3187,32,3,'I','I7','Available',NULL),(3188,32,3,'I','I8','Available',NULL),(3189,32,3,'I','I9','Available',NULL),(3190,32,3,'I','I10','Available',NULL),(3191,32,3,'J','J1','Available',NULL),(3192,32,3,'J','J2','Available',NULL),(3193,32,3,'J','J3','Available',NULL),(3194,32,3,'J','J4','Available',NULL),(3195,32,3,'J','J5','Available',NULL),(3196,32,3,'J','J6','Available',NULL),(3197,32,3,'J','J7','Available',NULL),(3198,32,3,'J','J8','Available',NULL),(3199,32,3,'J','J9','Available',NULL),(3200,32,3,'J','J10','Available',NULL),(3201,33,1,'A','A1','Available',NULL),(3202,33,1,'A','A2','Available',NULL),(3203,33,1,'A','A3','Available',NULL),(3204,33,1,'A','A4','Available',NULL),(3205,33,1,'A','A5','Available',NULL),(3206,33,1,'A','A6','Available',NULL),(3207,33,1,'A','A7','Available',NULL),(3208,33,1,'A','A8','Available',NULL),(3209,33,1,'A','A9','Available',NULL),(3210,33,1,'A','A10','Available',NULL),(3211,33,1,'B','B1','Available',NULL),(3212,33,1,'B','B2','Available',NULL),(3213,33,1,'B','B3','Available',NULL),(3214,33,1,'B','B4','Available',NULL),(3215,33,1,'B','B5','Available',NULL),(3216,33,1,'B','B6','Available',NULL),(3217,33,1,'B','B7','Available',NULL),(3218,33,1,'B','B8','Available',NULL),(3219,33,1,'B','B9','Available',NULL),(3220,33,1,'B','B10','Available',NULL),(3221,33,2,'C','C1','Available',NULL),(3222,33,2,'C','C2','Available',NULL),(3223,33,2,'C','C3','Available',NULL),(3224,33,2,'C','C4','Available',NULL),(3225,33,2,'C','C5','Available',NULL),(3226,33,2,'C','C6','Available',NULL),(3227,33,2,'C','C7','Available',NULL),(3228,33,2,'C','C8','Available',NULL),(3229,33,2,'C','C9','Available',NULL),(3230,33,2,'C','C10','Available',NULL),(3231,33,2,'D','D1','Available',NULL),(3232,33,2,'D','D2','Available',NULL),(3233,33,2,'D','D3','Available',NULL),(3234,33,2,'D','D4','Available',NULL),(3235,33,2,'D','D5','Available',NULL),(3236,33,2,'D','D6','Available',NULL),(3237,33,2,'D','D7','Available',NULL),(3238,33,2,'D','D8','Available',NULL),(3239,33,2,'D','D9','Available',NULL),(3240,33,2,'D','D10','Available',NULL),(3241,33,2,'E','E1','Available',NULL),(3242,33,2,'E','E2','Available',NULL),(3243,33,2,'E','E3','Available',NULL),(3244,33,2,'E','E4','Available',NULL),(3245,33,2,'E','E5','Available',NULL),(3246,33,2,'E','E6','Available',NULL),(3247,33,2,'E','E7','Available',NULL),(3248,33,2,'E','E8','Available',NULL),(3249,33,2,'E','E9','Available',NULL),(3250,33,2,'E','E10','Available',NULL),(3251,33,2,'F','F1','Available',NULL),(3252,33,2,'F','F2','Available',NULL),(3253,33,2,'F','F3','Available',NULL),(3254,33,2,'F','F4','Available',NULL),(3255,33,2,'F','F5','Available',NULL),(3256,33,2,'F','F6','Available',NULL),(3257,33,2,'F','F7','Available',NULL),(3258,33,2,'F','F8','Available',NULL),(3259,33,2,'F','F9','Available',NULL),(3260,33,2,'F','F10','Available',NULL),(3261,33,2,'G','G1','Available',NULL),(3262,33,2,'G','G2','Available',NULL),(3263,33,2,'G','G3','Available',NULL),(3264,33,2,'G','G4','Available',NULL),(3265,33,2,'G','G5','Available',NULL),(3266,33,2,'G','G6','Available',NULL),(3267,33,2,'G','G7','Available',NULL),(3268,33,2,'G','G8','Available',NULL),(3269,33,2,'G','G9','Available',NULL),(3270,33,2,'G','G10','Available',NULL),(3271,33,2,'H','H1','Available',NULL),(3272,33,2,'H','H2','Available',NULL),(3273,33,2,'H','H3','Available',NULL),(3274,33,2,'H','H4','Available',NULL),(3275,33,2,'H','H5','Available',NULL),(3276,33,2,'H','H6','Available',NULL),(3277,33,2,'H','H7','Available',NULL),(3278,33,2,'H','H8','Available',NULL),(3279,33,2,'H','H9','Available',NULL),(3280,33,2,'H','H10','Available',NULL),(3281,33,3,'I','I1','Available',NULL),(3282,33,3,'I','I2','Available',NULL),(3283,33,3,'I','I3','Available',NULL),(3284,33,3,'I','I4','Available',NULL),(3285,33,3,'I','I5','Available',NULL),(3286,33,3,'I','I6','Available',NULL),(3287,33,3,'I','I7','Available',NULL),(3288,33,3,'I','I8','Available',NULL),(3289,33,3,'I','I9','Available',NULL),(3290,33,3,'I','I10','Available',NULL),(3291,33,3,'J','J1','Available',NULL),(3292,33,3,'J','J2','Available',NULL),(3293,33,3,'J','J3','Available',NULL),(3294,33,3,'J','J4','Available',NULL),(3295,33,3,'J','J5','Available',NULL),(3296,33,3,'J','J6','Available',NULL),(3297,33,3,'J','J7','Available',NULL),(3298,33,3,'J','J8','Available',NULL),(3299,33,3,'J','J9','Available',NULL),(3300,33,3,'J','J10','Available',NULL),(3301,34,1,'A','A1','Available',NULL),(3302,34,1,'A','A2','Available',NULL),(3303,34,1,'A','A3','Available',NULL),(3304,34,1,'A','A4','Available',NULL),(3305,34,1,'A','A5','Available',NULL),(3306,34,1,'A','A6','Available',NULL),(3307,34,1,'A','A7','Available',NULL),(3308,34,1,'A','A8','Available',NULL),(3309,34,1,'A','A9','Available',NULL),(3310,34,1,'A','A10','Available',NULL),(3311,34,1,'B','B1','Available',NULL),(3312,34,1,'B','B2','Available',NULL),(3313,34,1,'B','B3','Available',NULL),(3314,34,1,'B','B4','Available',NULL),(3315,34,1,'B','B5','Available',NULL),(3316,34,1,'B','B6','Available',NULL),(3317,34,1,'B','B7','Available',NULL),(3318,34,1,'B','B8','Available',NULL),(3319,34,1,'B','B9','Available',NULL),(3320,34,1,'B','B10','Available',NULL),(3321,34,2,'C','C1','Available',NULL),(3322,34,2,'C','C2','Available',NULL),(3323,34,2,'C','C3','Available',NULL),(3324,34,2,'C','C4','Available',NULL),(3325,34,2,'C','C5','Available',NULL),(3326,34,2,'C','C6','Available',NULL),(3327,34,2,'C','C7','Available',NULL),(3328,34,2,'C','C8','Available',NULL),(3329,34,2,'C','C9','Available',NULL),(3330,34,2,'C','C10','Available',NULL),(3331,34,2,'D','D1','Available',NULL),(3332,34,2,'D','D2','Available',NULL),(3333,34,2,'D','D3','Available',NULL),(3334,34,2,'D','D4','Available',NULL),(3335,34,2,'D','D5','Available',NULL),(3336,34,2,'D','D6','Available',NULL),(3337,34,2,'D','D7','Available',NULL),(3338,34,2,'D','D8','Available',NULL),(3339,34,2,'D','D9','Available',NULL),(3340,34,2,'D','D10','Available',NULL),(3341,34,2,'E','E1','Available',NULL),(3342,34,2,'E','E2','Available',NULL),(3343,34,2,'E','E3','Available',NULL),(3344,34,2,'E','E4','Available',NULL),(3345,34,2,'E','E5','Available',NULL),(3346,34,2,'E','E6','Available',NULL),(3347,34,2,'E','E7','Available',NULL),(3348,34,2,'E','E8','Available',NULL),(3349,34,2,'E','E9','Available',NULL),(3350,34,2,'E','E10','Available',NULL),(3351,34,2,'F','F1','Available',NULL),(3352,34,2,'F','F2','Available',NULL),(3353,34,2,'F','F3','Available',NULL),(3354,34,2,'F','F4','Available',NULL),(3355,34,2,'F','F5','Available',NULL),(3356,34,2,'F','F6','Available',NULL),(3357,34,2,'F','F7','Available',NULL),(3358,34,2,'F','F8','Available',NULL),(3359,34,2,'F','F9','Available',NULL),(3360,34,2,'F','F10','Available',NULL),(3361,34,2,'G','G1','Available',NULL),(3362,34,2,'G','G2','Available',NULL),(3363,34,2,'G','G3','Available',NULL),(3364,34,2,'G','G4','Available',NULL),(3365,34,2,'G','G5','Available',NULL),(3366,34,2,'G','G6','Available',NULL),(3367,34,2,'G','G7','Available',NULL),(3368,34,2,'G','G8','Available',NULL),(3369,34,2,'G','G9','Available',NULL),(3370,34,2,'G','G10','Available',NULL),(3371,34,2,'H','H1','Available',NULL),(3372,34,2,'H','H2','Available',NULL),(3373,34,2,'H','H3','Available',NULL),(3374,34,2,'H','H4','Available',NULL),(3375,34,2,'H','H5','Available',NULL),(3376,34,2,'H','H6','Available',NULL),(3377,34,2,'H','H7','Available',NULL),(3378,34,2,'H','H8','Available',NULL),(3379,34,2,'H','H9','Available',NULL),(3380,34,2,'H','H10','Available',NULL),(3381,34,3,'I','I1','Available',NULL),(3382,34,3,'I','I2','Available',NULL),(3383,34,3,'I','I3','Available',NULL),(3384,34,3,'I','I4','Available',NULL),(3385,34,3,'I','I5','Available',NULL),(3386,34,3,'I','I6','Available',NULL),(3387,34,3,'I','I7','Available',NULL),(3388,34,3,'I','I8','Available',NULL),(3389,34,3,'I','I9','Available',NULL),(3390,34,3,'I','I10','Available',NULL),(3391,34,3,'J','J1','Available',NULL),(3392,34,3,'J','J2','Available',NULL),(3393,34,3,'J','J3','Available',NULL),(3394,34,3,'J','J4','Available',NULL),(3395,34,3,'J','J5','Available',NULL),(3396,34,3,'J','J6','Available',NULL),(3397,34,3,'J','J7','Available',NULL),(3398,34,3,'J','J8','Available',NULL),(3399,34,3,'J','J9','Available',NULL),(3400,34,3,'J','J10','Available',NULL),(3401,35,1,'A','A1','Available',NULL),(3402,35,1,'A','A2','Available',NULL),(3403,35,1,'A','A3','Available',NULL),(3404,35,1,'A','A4','Available',NULL),(3405,35,1,'A','A5','Available',NULL),(3406,35,1,'A','A6','Available',NULL),(3407,35,1,'A','A7','Available',NULL),(3408,35,1,'A','A8','Available',NULL),(3409,35,1,'A','A9','Available',NULL),(3410,35,1,'A','A10','Available',NULL),(3411,35,1,'B','B1','Available',NULL),(3412,35,1,'B','B2','Available',NULL),(3413,35,1,'B','B3','Available',NULL),(3414,35,1,'B','B4','Available',NULL),(3415,35,1,'B','B5','Available',NULL),(3416,35,1,'B','B6','Available',NULL),(3417,35,1,'B','B7','Available',NULL),(3418,35,1,'B','B8','Available',NULL),(3419,35,1,'B','B9','Available',NULL),(3420,35,1,'B','B10','Available',NULL),(3421,35,2,'C','C1','Available',NULL),(3422,35,2,'C','C2','Available',NULL),(3423,35,2,'C','C3','Available',NULL),(3424,35,2,'C','C4','Available',NULL),(3425,35,2,'C','C5','Available',NULL),(3426,35,2,'C','C6','Available',NULL),(3427,35,2,'C','C7','Available',NULL),(3428,35,2,'C','C8','Available',NULL),(3429,35,2,'C','C9','Available',NULL),(3430,35,2,'C','C10','Available',NULL),(3431,35,2,'D','D1','Available',NULL),(3432,35,2,'D','D2','Available',NULL),(3433,35,2,'D','D3','Available',NULL),(3434,35,2,'D','D4','Available',NULL),(3435,35,2,'D','D5','Available',NULL),(3436,35,2,'D','D6','Available',NULL),(3437,35,2,'D','D7','Available',NULL),(3438,35,2,'D','D8','Available',NULL),(3439,35,2,'D','D9','Available',NULL),(3440,35,2,'D','D10','Available',NULL),(3441,35,2,'E','E1','Available',NULL),(3442,35,2,'E','E2','Available',NULL),(3443,35,2,'E','E3','Available',NULL),(3444,35,2,'E','E4','Available',NULL),(3445,35,2,'E','E5','Available',NULL),(3446,35,2,'E','E6','Available',NULL),(3447,35,2,'E','E7','Available',NULL),(3448,35,2,'E','E8','Available',NULL),(3449,35,2,'E','E9','Available',NULL),(3450,35,2,'E','E10','Available',NULL),(3451,35,2,'F','F1','Available',NULL),(3452,35,2,'F','F2','Available',NULL),(3453,35,2,'F','F3','Available',NULL),(3454,35,2,'F','F4','Available',NULL),(3455,35,2,'F','F5','Available',NULL),(3456,35,2,'F','F6','Available',NULL),(3457,35,2,'F','F7','Available',NULL),(3458,35,2,'F','F8','Available',NULL),(3459,35,2,'F','F9','Available',NULL),(3460,35,2,'F','F10','Available',NULL),(3461,35,2,'G','G1','Available',NULL),(3462,35,2,'G','G2','Available',NULL),(3463,35,2,'G','G3','Available',NULL),(3464,35,2,'G','G4','Available',NULL),(3465,35,2,'G','G5','Available',NULL),(3466,35,2,'G','G6','Available',NULL),(3467,35,2,'G','G7','Available',NULL),(3468,35,2,'G','G8','Available',NULL),(3469,35,2,'G','G9','Available',NULL),(3470,35,2,'G','G10','Available',NULL),(3471,35,2,'H','H1','Available',NULL),(3472,35,2,'H','H2','Available',NULL),(3473,35,2,'H','H3','Available',NULL),(3474,35,2,'H','H4','Available',NULL),(3475,35,2,'H','H5','Available',NULL),(3476,35,2,'H','H6','Available',NULL),(3477,35,2,'H','H7','Available',NULL),(3478,35,2,'H','H8','Available',NULL),(3479,35,2,'H','H9','Available',NULL),(3480,35,2,'H','H10','Available',NULL),(3481,35,3,'I','I1','Available',NULL),(3482,35,3,'I','I2','Available',NULL),(3483,35,3,'I','I3','Available',NULL),(3484,35,3,'I','I4','Available',NULL),(3485,35,3,'I','I5','Available',NULL),(3486,35,3,'I','I6','Available',NULL),(3487,35,3,'I','I7','Available',NULL),(3488,35,3,'I','I8','Available',NULL),(3489,35,3,'I','I9','Available',NULL),(3490,35,3,'I','I10','Available',NULL),(3491,35,3,'J','J1','Available',NULL),(3492,35,3,'J','J2','Available',NULL),(3493,35,3,'J','J3','Available',NULL),(3494,35,3,'J','J4','Available',NULL),(3495,35,3,'J','J5','Available',NULL),(3496,35,3,'J','J6','Available',NULL),(3497,35,3,'J','J7','Available',NULL),(3498,35,3,'J','J8','Available',NULL),(3499,35,3,'J','J9','Available',NULL),(3500,35,3,'J','J10','Available',NULL),(3501,36,1,'A','A1','Available',NULL),(3502,36,1,'A','A2','Available',NULL),(3503,36,1,'A','A3','Available',NULL),(3504,36,1,'A','A4','Available',NULL),(3505,36,1,'A','A5','Available',NULL),(3506,36,1,'A','A6','Available',NULL),(3507,36,1,'A','A7','Available',NULL),(3508,36,1,'A','A8','Available',NULL),(3509,36,1,'A','A9','Available',NULL),(3510,36,1,'A','A10','Available',NULL),(3511,36,1,'B','B1','Available',NULL),(3512,36,1,'B','B2','Available',NULL),(3513,36,1,'B','B3','Available',NULL),(3514,36,1,'B','B4','Available',NULL),(3515,36,1,'B','B5','Available',NULL),(3516,36,1,'B','B6','Available',NULL),(3517,36,1,'B','B7','Available',NULL),(3518,36,1,'B','B8','Available',NULL),(3519,36,1,'B','B9','Available',NULL),(3520,36,1,'B','B10','Available',NULL),(3521,36,2,'C','C1','Available',NULL),(3522,36,2,'C','C2','Available',NULL),(3523,36,2,'C','C3','Available',NULL),(3524,36,2,'C','C4','Available',NULL),(3525,36,2,'C','C5','Available',NULL),(3526,36,2,'C','C6','Available',NULL),(3527,36,2,'C','C7','Available',NULL),(3528,36,2,'C','C8','Available',NULL),(3529,36,2,'C','C9','Available',NULL),(3530,36,2,'C','C10','Available',NULL),(3531,36,2,'D','D1','Available',NULL),(3532,36,2,'D','D2','Available',NULL),(3533,36,2,'D','D3','Available',NULL),(3534,36,2,'D','D4','Available',NULL),(3535,36,2,'D','D5','Available',NULL),(3536,36,2,'D','D6','Available',NULL),(3537,36,2,'D','D7','Available',NULL),(3538,36,2,'D','D8','Available',NULL),(3539,36,2,'D','D9','Available',NULL),(3540,36,2,'D','D10','Available',NULL),(3541,36,2,'E','E1','Available',NULL),(3542,36,2,'E','E2','Available',NULL),(3543,36,2,'E','E3','Available',NULL),(3544,36,2,'E','E4','Available',NULL),(3545,36,2,'E','E5','Available',NULL),(3546,36,2,'E','E6','Available',NULL),(3547,36,2,'E','E7','Available',NULL),(3548,36,2,'E','E8','Available',NULL),(3549,36,2,'E','E9','Available',NULL),(3550,36,2,'E','E10','Available',NULL),(3551,36,2,'F','F1','Available',NULL),(3552,36,2,'F','F2','Available',NULL),(3553,36,2,'F','F3','Available',NULL),(3554,36,2,'F','F4','Available',NULL),(3555,36,2,'F','F5','Available',NULL),(3556,36,2,'F','F6','Available',NULL),(3557,36,2,'F','F7','Available',NULL),(3558,36,2,'F','F8','Available',NULL),(3559,36,2,'F','F9','Available',NULL),(3560,36,2,'F','F10','Available',NULL),(3561,36,2,'G','G1','Available',NULL),(3562,36,2,'G','G2','Available',NULL),(3563,36,2,'G','G3','Available',NULL),(3564,36,2,'G','G4','Available',NULL),(3565,36,2,'G','G5','Available',NULL),(3566,36,2,'G','G6','Available',NULL),(3567,36,2,'G','G7','Available',NULL),(3568,36,2,'G','G8','Available',NULL),(3569,36,2,'G','G9','Available',NULL),(3570,36,2,'G','G10','Available',NULL),(3571,36,2,'H','H1','Available',NULL),(3572,36,2,'H','H2','Available',NULL),(3573,36,2,'H','H3','Available',NULL),(3574,36,2,'H','H4','Available',NULL),(3575,36,2,'H','H5','Available',NULL),(3576,36,2,'H','H6','Available',NULL),(3577,36,2,'H','H7','Available',NULL),(3578,36,2,'H','H8','Available',NULL),(3579,36,2,'H','H9','Available',NULL),(3580,36,2,'H','H10','Available',NULL),(3581,36,3,'I','I1','Available',NULL),(3582,36,3,'I','I2','Available',NULL),(3583,36,3,'I','I3','Available',NULL),(3584,36,3,'I','I4','Available',NULL),(3585,36,3,'I','I5','Available',NULL),(3586,36,3,'I','I6','Available',NULL),(3587,36,3,'I','I7','Available',NULL),(3588,36,3,'I','I8','Available',NULL),(3589,36,3,'I','I9','Available',NULL),(3590,36,3,'I','I10','Available',NULL),(3591,36,3,'J','J1','Available',NULL),(3592,36,3,'J','J2','Available',NULL),(3593,36,3,'J','J3','Available',NULL),(3594,36,3,'J','J4','Available',NULL),(3595,36,3,'J','J5','Available',NULL),(3596,36,3,'J','J6','Available',NULL),(3597,36,3,'J','J7','Available',NULL),(3598,36,3,'J','J8','Available',NULL),(3599,36,3,'J','J9','Available',NULL),(3600,36,3,'J','J10','Available',NULL),(3601,37,1,'A','A1','Available',NULL),(3602,37,1,'A','A2','Available',NULL),(3603,37,1,'A','A3','Available',NULL),(3604,37,1,'A','A4','Available',NULL),(3605,37,1,'A','A5','Available',NULL),(3606,37,1,'A','A6','Available',NULL),(3607,37,1,'A','A7','Available',NULL),(3608,37,1,'A','A8','Available',NULL),(3609,37,1,'A','A9','Available',NULL),(3610,37,1,'A','A10','Available',NULL),(3611,37,1,'B','B1','Available',NULL),(3612,37,1,'B','B2','Available',NULL),(3613,37,1,'B','B3','Available',NULL),(3614,37,1,'B','B4','Available',NULL),(3615,37,1,'B','B5','Available',NULL),(3616,37,1,'B','B6','Available',NULL),(3617,37,1,'B','B7','Available',NULL),(3618,37,1,'B','B8','Available',NULL),(3619,37,1,'B','B9','Available',NULL),(3620,37,1,'B','B10','Available',NULL),(3621,37,2,'C','C1','Available',NULL),(3622,37,2,'C','C2','Available',NULL),(3623,37,2,'C','C3','Available',NULL),(3624,37,2,'C','C4','Available',NULL),(3625,37,2,'C','C5','Available',NULL),(3626,37,2,'C','C6','Available',NULL),(3627,37,2,'C','C7','Available',NULL),(3628,37,2,'C','C8','Available',NULL),(3629,37,2,'C','C9','Available',NULL),(3630,37,2,'C','C10','Available',NULL),(3631,37,2,'D','D1','Available',NULL),(3632,37,2,'D','D2','Available',NULL),(3633,37,2,'D','D3','Available',NULL),(3634,37,2,'D','D4','Available',NULL),(3635,37,2,'D','D5','Available',NULL),(3636,37,2,'D','D6','Available',NULL),(3637,37,2,'D','D7','Available',NULL),(3638,37,2,'D','D8','Available',NULL),(3639,37,2,'D','D9','Available',NULL),(3640,37,2,'D','D10','Available',NULL),(3641,37,2,'E','E1','Available',NULL),(3642,37,2,'E','E2','Available',NULL),(3643,37,2,'E','E3','Available',NULL),(3644,37,2,'E','E4','Available',NULL),(3645,37,2,'E','E5','Available',NULL),(3646,37,2,'E','E6','Available',NULL),(3647,37,2,'E','E7','Available',NULL),(3648,37,2,'E','E8','Available',NULL),(3649,37,2,'E','E9','Available',NULL),(3650,37,2,'E','E10','Available',NULL),(3651,37,2,'F','F1','Available',NULL),(3652,37,2,'F','F2','Available',NULL),(3653,37,2,'F','F3','Available',NULL),(3654,37,2,'F','F4','Available',NULL),(3655,37,2,'F','F5','Available',NULL),(3656,37,2,'F','F6','Available',NULL),(3657,37,2,'F','F7','Available',NULL),(3658,37,2,'F','F8','Available',NULL),(3659,37,2,'F','F9','Available',NULL),(3660,37,2,'F','F10','Available',NULL),(3661,37,2,'G','G1','Available',NULL),(3662,37,2,'G','G2','Available',NULL),(3663,37,2,'G','G3','Available',NULL),(3664,37,2,'G','G4','Available',NULL),(3665,37,2,'G','G5','Available',NULL),(3666,37,2,'G','G6','Available',NULL),(3667,37,2,'G','G7','Available',NULL),(3668,37,2,'G','G8','Available',NULL),(3669,37,2,'G','G9','Available',NULL),(3670,37,2,'G','G10','Available',NULL),(3671,37,2,'H','H1','Available',NULL),(3672,37,2,'H','H2','Available',NULL),(3673,37,2,'H','H3','Available',NULL),(3674,37,2,'H','H4','Available',NULL),(3675,37,2,'H','H5','Available',NULL),(3676,37,2,'H','H6','Available',NULL),(3677,37,2,'H','H7','Available',NULL),(3678,37,2,'H','H8','Available',NULL),(3679,37,2,'H','H9','Available',NULL),(3680,37,2,'H','H10','Available',NULL),(3681,37,3,'I','I1','Available',NULL),(3682,37,3,'I','I2','Available',NULL),(3683,37,3,'I','I3','Available',NULL),(3684,37,3,'I','I4','Available',NULL),(3685,37,3,'I','I5','Available',NULL),(3686,37,3,'I','I6','Available',NULL),(3687,37,3,'I','I7','Available',NULL),(3688,37,3,'I','I8','Available',NULL),(3689,37,3,'I','I9','Available',NULL),(3690,37,3,'I','I10','Available',NULL),(3691,37,3,'J','J1','Available',NULL),(3692,37,3,'J','J2','Available',NULL),(3693,37,3,'J','J3','Available',NULL),(3694,37,3,'J','J4','Available',NULL),(3695,37,3,'J','J5','Available',NULL),(3696,37,3,'J','J6','Available',NULL),(3697,37,3,'J','J7','Available',NULL),(3698,37,3,'J','J8','Available',NULL),(3699,37,3,'J','J9','Available',NULL),(3700,37,3,'J','J10','Available',NULL),(3701,38,1,'A','A1','Available',NULL),(3702,38,1,'A','A2','Available',NULL),(3703,38,1,'A','A3','Available',NULL),(3704,38,1,'A','A4','Available',NULL),(3705,38,1,'A','A5','Available',NULL),(3706,38,1,'A','A6','Available',NULL),(3707,38,1,'A','A7','Available',NULL),(3708,38,1,'A','A8','Available',NULL),(3709,38,1,'A','A9','Available',NULL),(3710,38,1,'A','A10','Available',NULL),(3711,38,1,'B','B1','Available',NULL),(3712,38,1,'B','B2','Available',NULL),(3713,38,1,'B','B3','Available',NULL),(3714,38,1,'B','B4','Available',NULL),(3715,38,1,'B','B5','Available',NULL),(3716,38,1,'B','B6','Available',NULL),(3717,38,1,'B','B7','Available',NULL),(3718,38,1,'B','B8','Available',NULL),(3719,38,1,'B','B9','Available',NULL),(3720,38,1,'B','B10','Available',NULL),(3721,38,2,'C','C1','Available',NULL),(3722,38,2,'C','C2','Available',NULL),(3723,38,2,'C','C3','Available',NULL),(3724,38,2,'C','C4','Available',NULL),(3725,38,2,'C','C5','Available',NULL),(3726,38,2,'C','C6','Available',NULL),(3727,38,2,'C','C7','Available',NULL),(3728,38,2,'C','C8','Available',NULL),(3729,38,2,'C','C9','Available',NULL),(3730,38,2,'C','C10','Available',NULL),(3731,38,2,'D','D1','Available',NULL),(3732,38,2,'D','D2','Available',NULL),(3733,38,2,'D','D3','Available',NULL),(3734,38,2,'D','D4','Available',NULL),(3735,38,2,'D','D5','Available',NULL),(3736,38,2,'D','D6','Available',NULL),(3737,38,2,'D','D7','Available',NULL),(3738,38,2,'D','D8','Available',NULL),(3739,38,2,'D','D9','Available',NULL),(3740,38,2,'D','D10','Available',NULL),(3741,38,2,'E','E1','Available',NULL),(3742,38,2,'E','E2','Available',NULL),(3743,38,2,'E','E3','Available',NULL),(3744,38,2,'E','E4','Available',NULL),(3745,38,2,'E','E5','Available',NULL),(3746,38,2,'E','E6','Available',NULL),(3747,38,2,'E','E7','Available',NULL),(3748,38,2,'E','E8','Available',NULL),(3749,38,2,'E','E9','Available',NULL),(3750,38,2,'E','E10','Available',NULL),(3751,38,2,'F','F1','Available',NULL),(3752,38,2,'F','F2','Available',NULL),(3753,38,2,'F','F3','Available',NULL),(3754,38,2,'F','F4','Available',NULL),(3755,38,2,'F','F5','Available',NULL),(3756,38,2,'F','F6','Available',NULL),(3757,38,2,'F','F7','Available',NULL),(3758,38,2,'F','F8','Available',NULL),(3759,38,2,'F','F9','Available',NULL),(3760,38,2,'F','F10','Available',NULL),(3761,38,2,'G','G1','Available',NULL),(3762,38,2,'G','G2','Available',NULL),(3763,38,2,'G','G3','Available',NULL),(3764,38,2,'G','G4','Available',NULL),(3765,38,2,'G','G5','Available',NULL),(3766,38,2,'G','G6','Available',NULL),(3767,38,2,'G','G7','Available',NULL),(3768,38,2,'G','G8','Available',NULL),(3769,38,2,'G','G9','Available',NULL),(3770,38,2,'G','G10','Available',NULL),(3771,38,2,'H','H1','Available',NULL),(3772,38,2,'H','H2','Available',NULL),(3773,38,2,'H','H3','Available',NULL),(3774,38,2,'H','H4','Available',NULL),(3775,38,2,'H','H5','Available',NULL),(3776,38,2,'H','H6','Available',NULL),(3777,38,2,'H','H7','Available',NULL),(3778,38,2,'H','H8','Available',NULL),(3779,38,2,'H','H9','Available',NULL),(3780,38,2,'H','H10','Available',NULL),(3781,38,3,'I','I1','Available',NULL),(3782,38,3,'I','I2','Available',NULL),(3783,38,3,'I','I3','Available',NULL),(3784,38,3,'I','I4','Available',NULL),(3785,38,3,'I','I5','Available',NULL),(3786,38,3,'I','I6','Available',NULL),(3787,38,3,'I','I7','Available',NULL),(3788,38,3,'I','I8','Available',NULL),(3789,38,3,'I','I9','Available',NULL),(3790,38,3,'I','I10','Available',NULL),(3791,38,3,'J','J1','Available',NULL),(3792,38,3,'J','J2','Available',NULL),(3793,38,3,'J','J3','Available',NULL),(3794,38,3,'J','J4','Available',NULL),(3795,38,3,'J','J5','Available',NULL),(3796,38,3,'J','J6','Available',NULL),(3797,38,3,'J','J7','Available',NULL),(3798,38,3,'J','J8','Available',NULL),(3799,38,3,'J','J9','Available',NULL),(3800,38,3,'J','J10','Available',NULL),(3801,39,1,'A','A1','Available',NULL),(3802,39,1,'A','A2','Available',NULL),(3803,39,1,'A','A3','Available',NULL),(3804,39,1,'A','A4','Available',NULL),(3805,39,1,'A','A5','Available',NULL),(3806,39,1,'A','A6','Available',NULL),(3807,39,1,'A','A7','Available',NULL),(3808,39,1,'A','A8','Available',NULL),(3809,39,1,'A','A9','Available',NULL),(3810,39,1,'A','A10','Available',NULL),(3811,39,1,'B','B1','Available',NULL),(3812,39,1,'B','B2','Available',NULL),(3813,39,1,'B','B3','Available',NULL),(3814,39,1,'B','B4','Available',NULL),(3815,39,1,'B','B5','Available',NULL),(3816,39,1,'B','B6','Available',NULL),(3817,39,1,'B','B7','Available',NULL),(3818,39,1,'B','B8','Available',NULL),(3819,39,1,'B','B9','Available',NULL),(3820,39,1,'B','B10','Available',NULL),(3821,39,2,'C','C1','Available',NULL),(3822,39,2,'C','C2','Available',NULL),(3823,39,2,'C','C3','Available',NULL),(3824,39,2,'C','C4','Available',NULL),(3825,39,2,'C','C5','Available',NULL),(3826,39,2,'C','C6','Available',NULL),(3827,39,2,'C','C7','Available',NULL),(3828,39,2,'C','C8','Available',NULL),(3829,39,2,'C','C9','Available',NULL),(3830,39,2,'C','C10','Available',NULL),(3831,39,2,'D','D1','Available',NULL),(3832,39,2,'D','D2','Available',NULL),(3833,39,2,'D','D3','Available',NULL),(3834,39,2,'D','D4','Available',NULL),(3835,39,2,'D','D5','Available',NULL),(3836,39,2,'D','D6','Available',NULL),(3837,39,2,'D','D7','Available',NULL),(3838,39,2,'D','D8','Available',NULL),(3839,39,2,'D','D9','Available',NULL),(3840,39,2,'D','D10','Available',NULL),(3841,39,2,'E','E1','Available',NULL),(3842,39,2,'E','E2','Available',NULL),(3843,39,2,'E','E3','Available',NULL),(3844,39,2,'E','E4','Available',NULL),(3845,39,2,'E','E5','Available',NULL),(3846,39,2,'E','E6','Available',NULL),(3847,39,2,'E','E7','Available',NULL),(3848,39,2,'E','E8','Available',NULL),(3849,39,2,'E','E9','Available',NULL),(3850,39,2,'E','E10','Available',NULL),(3851,39,2,'F','F1','Available',NULL),(3852,39,2,'F','F2','Available',NULL),(3853,39,2,'F','F3','Available',NULL),(3854,39,2,'F','F4','Available',NULL),(3855,39,2,'F','F5','Available',NULL),(3856,39,2,'F','F6','Available',NULL),(3857,39,2,'F','F7','Available',NULL),(3858,39,2,'F','F8','Available',NULL),(3859,39,2,'F','F9','Available',NULL),(3860,39,2,'F','F10','Available',NULL),(3861,39,2,'G','G1','Available',NULL),(3862,39,2,'G','G2','Available',NULL),(3863,39,2,'G','G3','Available',NULL),(3864,39,2,'G','G4','Available',NULL),(3865,39,2,'G','G5','Available',NULL),(3866,39,2,'G','G6','Available',NULL),(3867,39,2,'G','G7','Available',NULL),(3868,39,2,'G','G8','Available',NULL),(3869,39,2,'G','G9','Available',NULL),(3870,39,2,'G','G10','Available',NULL),(3871,39,2,'H','H1','Available',NULL),(3872,39,2,'H','H2','Available',NULL),(3873,39,2,'H','H3','Available',NULL),(3874,39,2,'H','H4','Available',NULL),(3875,39,2,'H','H5','Available',NULL),(3876,39,2,'H','H6','Available',NULL),(3877,39,2,'H','H7','Available',NULL),(3878,39,2,'H','H8','Available',NULL),(3879,39,2,'H','H9','Available',NULL),(3880,39,2,'H','H10','Available',NULL),(3881,39,3,'I','I1','Available',NULL),(3882,39,3,'I','I2','Available',NULL),(3883,39,3,'I','I3','Available',NULL),(3884,39,3,'I','I4','Available',NULL),(3885,39,3,'I','I5','Available',NULL),(3886,39,3,'I','I6','Available',NULL),(3887,39,3,'I','I7','Available',NULL),(3888,39,3,'I','I8','Available',NULL),(3889,39,3,'I','I9','Available',NULL),(3890,39,3,'I','I10','Available',NULL),(3891,39,3,'J','J1','Available',NULL),(3892,39,3,'J','J2','Available',NULL),(3893,39,3,'J','J3','Available',NULL),(3894,39,3,'J','J4','Available',NULL),(3895,39,3,'J','J5','Available',NULL),(3896,39,3,'J','J6','Available',NULL),(3897,39,3,'J','J7','Available',NULL),(3898,39,3,'J','J8','Available',NULL),(3899,39,3,'J','J9','Available',NULL),(3900,39,3,'J','J10','Available',NULL),(3901,40,1,'A','A1','Available',NULL),(3902,40,1,'A','A2','Available',NULL),(3903,40,1,'A','A3','Available',NULL),(3904,40,1,'A','A4','Available',NULL),(3905,40,1,'A','A5','Available',NULL),(3906,40,1,'A','A6','Available',NULL),(3907,40,1,'A','A7','Available',NULL),(3908,40,1,'A','A8','Available',NULL),(3909,40,1,'A','A9','Available',NULL),(3910,40,1,'A','A10','Available',NULL),(3911,40,1,'B','B1','Available',NULL),(3912,40,1,'B','B2','Available',NULL),(3913,40,1,'B','B3','Available',NULL),(3914,40,1,'B','B4','Available',NULL),(3915,40,1,'B','B5','Available',NULL),(3916,40,1,'B','B6','Available',NULL),(3917,40,1,'B','B7','Available',NULL),(3918,40,1,'B','B8','Available',NULL),(3919,40,1,'B','B9','Available',NULL),(3920,40,1,'B','B10','Available',NULL),(3921,40,2,'C','C1','Available',NULL),(3922,40,2,'C','C2','Available',NULL),(3923,40,2,'C','C3','Available',NULL),(3924,40,2,'C','C4','Available',NULL),(3925,40,2,'C','C5','Available',NULL),(3926,40,2,'C','C6','Available',NULL),(3927,40,2,'C','C7','Available',NULL),(3928,40,2,'C','C8','Available',NULL),(3929,40,2,'C','C9','Available',NULL),(3930,40,2,'C','C10','Available',NULL),(3931,40,2,'D','D1','Available',NULL),(3932,40,2,'D','D2','Available',NULL),(3933,40,2,'D','D3','Available',NULL),(3934,40,2,'D','D4','Available',NULL),(3935,40,2,'D','D5','Available',NULL),(3936,40,2,'D','D6','Available',NULL),(3937,40,2,'D','D7','Available',NULL),(3938,40,2,'D','D8','Available',NULL),(3939,40,2,'D','D9','Available',NULL),(3940,40,2,'D','D10','Available',NULL),(3941,40,2,'E','E1','Available',NULL),(3942,40,2,'E','E2','Available',NULL),(3943,40,2,'E','E3','Available',NULL),(3944,40,2,'E','E4','Available',NULL),(3945,40,2,'E','E5','Available',NULL),(3946,40,2,'E','E6','Available',NULL),(3947,40,2,'E','E7','Available',NULL),(3948,40,2,'E','E8','Available',NULL),(3949,40,2,'E','E9','Available',NULL),(3950,40,2,'E','E10','Available',NULL),(3951,40,2,'F','F1','Available',NULL),(3952,40,2,'F','F2','Available',NULL),(3953,40,2,'F','F3','Available',NULL),(3954,40,2,'F','F4','Available',NULL),(3955,40,2,'F','F5','Available',NULL),(3956,40,2,'F','F6','Available',NULL),(3957,40,2,'F','F7','Available',NULL),(3958,40,2,'F','F8','Available',NULL),(3959,40,2,'F','F9','Available',NULL),(3960,40,2,'F','F10','Available',NULL),(3961,40,2,'G','G1','Available',NULL),(3962,40,2,'G','G2','Available',NULL),(3963,40,2,'G','G3','Available',NULL),(3964,40,2,'G','G4','Available',NULL),(3965,40,2,'G','G5','Available',NULL),(3966,40,2,'G','G6','Available',NULL),(3967,40,2,'G','G7','Available',NULL),(3968,40,2,'G','G8','Available',NULL),(3969,40,2,'G','G9','Available',NULL),(3970,40,2,'G','G10','Available',NULL),(3971,40,2,'H','H1','Available',NULL),(3972,40,2,'H','H2','Available',NULL),(3973,40,2,'H','H3','Available',NULL),(3974,40,2,'H','H4','Available',NULL),(3975,40,2,'H','H5','Available',NULL),(3976,40,2,'H','H6','Available',NULL),(3977,40,2,'H','H7','Available',NULL),(3978,40,2,'H','H8','Available',NULL),(3979,40,2,'H','H9','Available',NULL),(3980,40,2,'H','H10','Available',NULL),(3981,40,3,'I','I1','Available',NULL),(3982,40,3,'I','I2','Available',NULL),(3983,40,3,'I','I3','Available',NULL),(3984,40,3,'I','I4','Available',NULL),(3985,40,3,'I','I5','Available',NULL),(3986,40,3,'I','I6','Available',NULL),(3987,40,3,'I','I7','Available',NULL),(3988,40,3,'I','I8','Available',NULL),(3989,40,3,'I','I9','Available',NULL),(3990,40,3,'I','I10','Available',NULL),(3991,40,3,'J','J1','Available',NULL),(3992,40,3,'J','J2','Available',NULL),(3993,40,3,'J','J3','Available',NULL),(3994,40,3,'J','J4','Available',NULL),(3995,40,3,'J','J5','Available',NULL),(3996,40,3,'J','J6','Available',NULL),(3997,40,3,'J','J7','Available',NULL),(3998,40,3,'J','J8','Available',NULL),(3999,40,3,'J','J9','Available',NULL),(4000,40,3,'J','J10','Available',NULL),(4001,41,1,'A','A1','Available',NULL),(4002,41,1,'A','A2','Available',NULL),(4003,41,1,'A','A3','Available',NULL),(4004,41,1,'A','A4','Available',NULL),(4005,41,1,'A','A5','Available',NULL),(4006,41,1,'A','A6','Available',NULL),(4007,41,1,'A','A7','Available',NULL),(4008,41,1,'A','A8','Available',NULL),(4009,41,1,'A','A9','Available',NULL),(4010,41,1,'A','A10','Available',NULL),(4011,41,1,'B','B1','Available',NULL),(4012,41,1,'B','B2','Available',NULL),(4013,41,1,'B','B3','Available',NULL),(4014,41,1,'B','B4','Available',NULL),(4015,41,1,'B','B5','Available',NULL),(4016,41,1,'B','B6','Available',NULL),(4017,41,1,'B','B7','Available',NULL),(4018,41,1,'B','B8','Available',NULL),(4019,41,1,'B','B9','Available',NULL),(4020,41,1,'B','B10','Available',NULL),(4021,41,2,'C','C1','Available',NULL),(4022,41,2,'C','C2','Available',NULL),(4023,41,2,'C','C3','Available',NULL),(4024,41,2,'C','C4','Available',NULL),(4025,41,2,'C','C5','Available',NULL),(4026,41,2,'C','C6','Available',NULL),(4027,41,2,'C','C7','Available',NULL),(4028,41,2,'C','C8','Available',NULL),(4029,41,2,'C','C9','Available',NULL),(4030,41,2,'C','C10','Available',NULL),(4031,41,2,'D','D1','Available',NULL),(4032,41,2,'D','D2','Available',NULL),(4033,41,2,'D','D3','Available',NULL),(4034,41,2,'D','D4','Available',NULL),(4035,41,2,'D','D5','Available',NULL),(4036,41,2,'D','D6','Available',NULL),(4037,41,2,'D','D7','Available',NULL),(4038,41,2,'D','D8','Available',NULL),(4039,41,2,'D','D9','Available',NULL),(4040,41,2,'D','D10','Available',NULL),(4041,41,2,'E','E1','Available',NULL),(4042,41,2,'E','E2','Available',NULL),(4043,41,2,'E','E3','Available',NULL),(4044,41,2,'E','E4','Available',NULL),(4045,41,2,'E','E5','Available',NULL),(4046,41,2,'E','E6','Available',NULL),(4047,41,2,'E','E7','Available',NULL),(4048,41,2,'E','E8','Available',NULL),(4049,41,2,'E','E9','Available',NULL),(4050,41,2,'E','E10','Available',NULL),(4051,41,2,'F','F1','Available',NULL),(4052,41,2,'F','F2','Available',NULL),(4053,41,2,'F','F3','Available',NULL),(4054,41,2,'F','F4','Available',NULL),(4055,41,2,'F','F5','Available',NULL),(4056,41,2,'F','F6','Available',NULL),(4057,41,2,'F','F7','Available',NULL),(4058,41,2,'F','F8','Available',NULL),(4059,41,2,'F','F9','Available',NULL),(4060,41,2,'F','F10','Available',NULL),(4061,41,2,'G','G1','Available',NULL),(4062,41,2,'G','G2','Available',NULL),(4063,41,2,'G','G3','Available',NULL),(4064,41,2,'G','G4','Available',NULL),(4065,41,2,'G','G5','Available',NULL),(4066,41,2,'G','G6','Available',NULL),(4067,41,2,'G','G7','Available',NULL),(4068,41,2,'G','G8','Available',NULL),(4069,41,2,'G','G9','Available',NULL),(4070,41,2,'G','G10','Available',NULL),(4071,41,2,'H','H1','Available',NULL),(4072,41,2,'H','H2','Available',NULL),(4073,41,2,'H','H3','Available',NULL),(4074,41,2,'H','H4','Available',NULL),(4075,41,2,'H','H5','Available',NULL),(4076,41,2,'H','H6','Available',NULL),(4077,41,2,'H','H7','Available',NULL),(4078,41,2,'H','H8','Available',NULL),(4079,41,2,'H','H9','Available',NULL),(4080,41,2,'H','H10','Available',NULL),(4081,41,3,'I','I1','Available',NULL),(4082,41,3,'I','I2','Available',NULL),(4083,41,3,'I','I3','Available',NULL),(4084,41,3,'I','I4','Available',NULL),(4085,41,3,'I','I5','Available',NULL),(4086,41,3,'I','I6','Available',NULL),(4087,41,3,'I','I7','Available',NULL),(4088,41,3,'I','I8','Available',NULL),(4089,41,3,'I','I9','Available',NULL),(4090,41,3,'I','I10','Available',NULL),(4091,41,3,'J','J1','Available',NULL),(4092,41,3,'J','J2','Available',NULL),(4093,41,3,'J','J3','Available',NULL),(4094,41,3,'J','J4','Available',NULL),(4095,41,3,'J','J5','Available',NULL),(4096,41,3,'J','J6','Available',NULL),(4097,41,3,'J','J7','Available',NULL),(4098,41,3,'J','J8','Available',NULL),(4099,41,3,'J','J9','Available',NULL),(4100,41,3,'J','J10','Available',NULL),(4101,42,1,'A','A1','Available',NULL),(4102,42,1,'A','A2','Available',NULL),(4103,42,1,'A','A3','Available',NULL),(4104,42,1,'A','A4','Available',NULL),(4105,42,1,'A','A5','Available',NULL),(4106,42,1,'A','A6','Available',NULL),(4107,42,1,'A','A7','Available',NULL),(4108,42,1,'A','A8','Available',NULL),(4109,42,1,'A','A9','Available',NULL),(4110,42,1,'A','A10','Available',NULL),(4111,42,1,'B','B1','Available',NULL),(4112,42,1,'B','B2','Available',NULL),(4113,42,1,'B','B3','Available',NULL),(4114,42,1,'B','B4','Available',NULL),(4115,42,1,'B','B5','Available',NULL),(4116,42,1,'B','B6','Available',NULL),(4117,42,1,'B','B7','Available',NULL),(4118,42,1,'B','B8','Available',NULL),(4119,42,1,'B','B9','Available',NULL),(4120,42,1,'B','B10','Available',NULL),(4121,42,2,'C','C1','Available',NULL),(4122,42,2,'C','C2','Available',NULL),(4123,42,2,'C','C3','Available',NULL),(4124,42,2,'C','C4','Available',NULL),(4125,42,2,'C','C5','Available',NULL),(4126,42,2,'C','C6','Available',NULL),(4127,42,2,'C','C7','Available',NULL),(4128,42,2,'C','C8','Available',NULL),(4129,42,2,'C','C9','Available',NULL),(4130,42,2,'C','C10','Available',NULL),(4131,42,2,'D','D1','Available',NULL),(4132,42,2,'D','D2','Available',NULL),(4133,42,2,'D','D3','Available',NULL),(4134,42,2,'D','D4','Available',NULL),(4135,42,2,'D','D5','Available',NULL),(4136,42,2,'D','D6','Available',NULL),(4137,42,2,'D','D7','Available',NULL),(4138,42,2,'D','D8','Available',NULL),(4139,42,2,'D','D9','Available',NULL),(4140,42,2,'D','D10','Available',NULL),(4141,42,2,'E','E1','Available',NULL),(4142,42,2,'E','E2','Available',NULL),(4143,42,2,'E','E3','Available',NULL),(4144,42,2,'E','E4','Available',NULL),(4145,42,2,'E','E5','Available',NULL),(4146,42,2,'E','E6','Available',NULL),(4147,42,2,'E','E7','Available',NULL),(4148,42,2,'E','E8','Available',NULL),(4149,42,2,'E','E9','Available',NULL),(4150,42,2,'E','E10','Available',NULL),(4151,42,2,'F','F1','Available',NULL),(4152,42,2,'F','F2','Available',NULL),(4153,42,2,'F','F3','Available',NULL),(4154,42,2,'F','F4','Available',NULL),(4155,42,2,'F','F5','Available',NULL),(4156,42,2,'F','F6','Available',NULL),(4157,42,2,'F','F7','Available',NULL),(4158,42,2,'F','F8','Available',NULL),(4159,42,2,'F','F9','Available',NULL),(4160,42,2,'F','F10','Available',NULL),(4161,42,2,'G','G1','Available',NULL),(4162,42,2,'G','G2','Available',NULL),(4163,42,2,'G','G3','Available',NULL),(4164,42,2,'G','G4','Available',NULL),(4165,42,2,'G','G5','Available',NULL),(4166,42,2,'G','G6','Available',NULL),(4167,42,2,'G','G7','Available',NULL),(4168,42,2,'G','G8','Available',NULL),(4169,42,2,'G','G9','Available',NULL),(4170,42,2,'G','G10','Available',NULL),(4171,42,2,'H','H1','Available',NULL),(4172,42,2,'H','H2','Available',NULL),(4173,42,2,'H','H3','Available',NULL),(4174,42,2,'H','H4','Available',NULL),(4175,42,2,'H','H5','Available',NULL),(4176,42,2,'H','H6','Available',NULL),(4177,42,2,'H','H7','Available',NULL),(4178,42,2,'H','H8','Available',NULL),(4179,42,2,'H','H9','Available',NULL),(4180,42,2,'H','H10','Available',NULL),(4181,42,3,'I','I1','Available',NULL),(4182,42,3,'I','I2','Available',NULL),(4183,42,3,'I','I3','Available',NULL),(4184,42,3,'I','I4','Available',NULL),(4185,42,3,'I','I5','Available',NULL),(4186,42,3,'I','I6','Available',NULL),(4187,42,3,'I','I7','Available',NULL),(4188,42,3,'I','I8','Available',NULL),(4189,42,3,'I','I9','Available',NULL),(4190,42,3,'I','I10','Available',NULL),(4191,42,3,'J','J1','Available',NULL),(4192,42,3,'J','J2','Available',NULL),(4193,42,3,'J','J3','Available',NULL),(4194,42,3,'J','J4','Available',NULL),(4195,42,3,'J','J5','Available',NULL),(4196,42,3,'J','J6','Available',NULL),(4197,42,3,'J','J7','Available',NULL),(4198,42,3,'J','J8','Available',NULL),(4199,42,3,'J','J9','Available',NULL),(4200,42,3,'J','J10','Available',NULL),(4201,43,1,'A','A1','Available',NULL),(4202,43,1,'A','A2','Available',NULL),(4203,43,1,'A','A3','Available',NULL),(4204,43,1,'A','A4','Available',NULL),(4205,43,1,'A','A5','Available',NULL),(4206,43,1,'A','A6','Available',NULL),(4207,43,1,'A','A7','Available',NULL),(4208,43,1,'A','A8','Available',NULL),(4209,43,1,'A','A9','Available',NULL),(4210,43,1,'A','A10','Available',NULL),(4211,43,1,'B','B1','Available',NULL),(4212,43,1,'B','B2','Available',NULL),(4213,43,1,'B','B3','Available',NULL),(4214,43,1,'B','B4','Available',NULL),(4215,43,1,'B','B5','Available',NULL),(4216,43,1,'B','B6','Available',NULL),(4217,43,1,'B','B7','Available',NULL),(4218,43,1,'B','B8','Available',NULL),(4219,43,1,'B','B9','Available',NULL),(4220,43,1,'B','B10','Available',NULL),(4221,43,2,'C','C1','Available',NULL),(4222,43,2,'C','C2','Available',NULL),(4223,43,2,'C','C3','Available',NULL),(4224,43,2,'C','C4','Available',NULL),(4225,43,2,'C','C5','Available',NULL),(4226,43,2,'C','C6','Available',NULL),(4227,43,2,'C','C7','Available',NULL),(4228,43,2,'C','C8','Available',NULL),(4229,43,2,'C','C9','Available',NULL),(4230,43,2,'C','C10','Available',NULL),(4231,43,2,'D','D1','Available',NULL),(4232,43,2,'D','D2','Available',NULL),(4233,43,2,'D','D3','Available',NULL),(4234,43,2,'D','D4','Available',NULL),(4235,43,2,'D','D5','Available',NULL),(4236,43,2,'D','D6','Available',NULL),(4237,43,2,'D','D7','Available',NULL),(4238,43,2,'D','D8','Available',NULL),(4239,43,2,'D','D9','Available',NULL),(4240,43,2,'D','D10','Available',NULL),(4241,43,2,'E','E1','Available',NULL),(4242,43,2,'E','E2','Available',NULL),(4243,43,2,'E','E3','Available',NULL),(4244,43,2,'E','E4','Available',NULL),(4245,43,2,'E','E5','Available',NULL),(4246,43,2,'E','E6','Available',NULL),(4247,43,2,'E','E7','Available',NULL),(4248,43,2,'E','E8','Available',NULL),(4249,43,2,'E','E9','Available',NULL),(4250,43,2,'E','E10','Available',NULL),(4251,43,2,'F','F1','Available',NULL),(4252,43,2,'F','F2','Available',NULL),(4253,43,2,'F','F3','Available',NULL),(4254,43,2,'F','F4','Available',NULL),(4255,43,2,'F','F5','Available',NULL),(4256,43,2,'F','F6','Available',NULL),(4257,43,2,'F','F7','Available',NULL),(4258,43,2,'F','F8','Available',NULL),(4259,43,2,'F','F9','Available',NULL),(4260,43,2,'F','F10','Available',NULL),(4261,43,2,'G','G1','Available',NULL),(4262,43,2,'G','G2','Available',NULL),(4263,43,2,'G','G3','Available',NULL),(4264,43,2,'G','G4','Available',NULL),(4265,43,2,'G','G5','Available',NULL),(4266,43,2,'G','G6','Available',NULL),(4267,43,2,'G','G7','Available',NULL),(4268,43,2,'G','G8','Available',NULL),(4269,43,2,'G','G9','Available',NULL),(4270,43,2,'G','G10','Available',NULL),(4271,43,2,'H','H1','Available',NULL),(4272,43,2,'H','H2','Available',NULL),(4273,43,2,'H','H3','Available',NULL),(4274,43,2,'H','H4','Available',NULL),(4275,43,2,'H','H5','Available',NULL),(4276,43,2,'H','H6','Available',NULL),(4277,43,2,'H','H7','Available',NULL),(4278,43,2,'H','H8','Available',NULL),(4279,43,2,'H','H9','Available',NULL),(4280,43,2,'H','H10','Available',NULL),(4281,43,3,'I','I1','Available',NULL),(4282,43,3,'I','I2','Available',NULL),(4283,43,3,'I','I3','Available',NULL),(4284,43,3,'I','I4','Available',NULL),(4285,43,3,'I','I5','Available',NULL),(4286,43,3,'I','I6','Available',NULL),(4287,43,3,'I','I7','Available',NULL),(4288,43,3,'I','I8','Available',NULL),(4289,43,3,'I','I9','Available',NULL),(4290,43,3,'I','I10','Available',NULL),(4291,43,3,'J','J1','Available',NULL),(4292,43,3,'J','J2','Available',NULL),(4293,43,3,'J','J3','Available',NULL),(4294,43,3,'J','J4','Available',NULL),(4295,43,3,'J','J5','Available',NULL),(4296,43,3,'J','J6','Available',NULL),(4297,43,3,'J','J7','Available',NULL),(4298,43,3,'J','J8','Available',NULL),(4299,43,3,'J','J9','Available',NULL),(4300,43,3,'J','J10','Available',NULL),(4301,44,1,'A','A1','Available',NULL),(4302,44,1,'A','A2','Available',NULL),(4303,44,1,'A','A3','Available',NULL),(4304,44,1,'A','A4','Available',NULL),(4305,44,1,'A','A5','Available',NULL),(4306,44,1,'A','A6','Available',NULL),(4307,44,1,'A','A7','Available',NULL),(4308,44,1,'A','A8','Available',NULL),(4309,44,1,'A','A9','Available',NULL),(4310,44,1,'A','A10','Available',NULL),(4311,44,1,'B','B1','Available',NULL),(4312,44,1,'B','B2','Available',NULL),(4313,44,1,'B','B3','Available',NULL),(4314,44,1,'B','B4','Available',NULL),(4315,44,1,'B','B5','Available',NULL),(4316,44,1,'B','B6','Available',NULL),(4317,44,1,'B','B7','Available',NULL),(4318,44,1,'B','B8','Available',NULL),(4319,44,1,'B','B9','Available',NULL),(4320,44,1,'B','B10','Available',NULL),(4321,44,2,'C','C1','Available',NULL),(4322,44,2,'C','C2','Available',NULL),(4323,44,2,'C','C3','Available',NULL),(4324,44,2,'C','C4','Available',NULL),(4325,44,2,'C','C5','Available',NULL),(4326,44,2,'C','C6','Available',NULL),(4327,44,2,'C','C7','Available',NULL),(4328,44,2,'C','C8','Available',NULL),(4329,44,2,'C','C9','Available',NULL),(4330,44,2,'C','C10','Available',NULL),(4331,44,2,'D','D1','Available',NULL),(4332,44,2,'D','D2','Available',NULL),(4333,44,2,'D','D3','Available',NULL),(4334,44,2,'D','D4','Available',NULL),(4335,44,2,'D','D5','Available',NULL),(4336,44,2,'D','D6','Available',NULL),(4337,44,2,'D','D7','Available',NULL),(4338,44,2,'D','D8','Available',NULL),(4339,44,2,'D','D9','Available',NULL),(4340,44,2,'D','D10','Available',NULL),(4341,44,2,'E','E1','Available',NULL),(4342,44,2,'E','E2','Available',NULL),(4343,44,2,'E','E3','Available',NULL),(4344,44,2,'E','E4','Available',NULL),(4345,44,2,'E','E5','Available',NULL),(4346,44,2,'E','E6','Available',NULL),(4347,44,2,'E','E7','Available',NULL),(4348,44,2,'E','E8','Available',NULL),(4349,44,2,'E','E9','Available',NULL),(4350,44,2,'E','E10','Available',NULL),(4351,44,2,'F','F1','Available',NULL),(4352,44,2,'F','F2','Available',NULL),(4353,44,2,'F','F3','Available',NULL),(4354,44,2,'F','F4','Available',NULL),(4355,44,2,'F','F5','Available',NULL),(4356,44,2,'F','F6','Available',NULL),(4357,44,2,'F','F7','Available',NULL),(4358,44,2,'F','F8','Available',NULL),(4359,44,2,'F','F9','Available',NULL),(4360,44,2,'F','F10','Available',NULL),(4361,44,2,'G','G1','Available',NULL),(4362,44,2,'G','G2','Available',NULL),(4363,44,2,'G','G3','Available',NULL),(4364,44,2,'G','G4','Available',NULL),(4365,44,2,'G','G5','Available',NULL),(4366,44,2,'G','G6','Available',NULL),(4367,44,2,'G','G7','Available',NULL),(4368,44,2,'G','G8','Available',NULL),(4369,44,2,'G','G9','Available',NULL),(4370,44,2,'G','G10','Available',NULL),(4371,44,2,'H','H1','Available',NULL),(4372,44,2,'H','H2','Available',NULL),(4373,44,2,'H','H3','Available',NULL),(4374,44,2,'H','H4','Available',NULL),(4375,44,2,'H','H5','Available',NULL),(4376,44,2,'H','H6','Available',NULL),(4377,44,2,'H','H7','Available',NULL),(4378,44,2,'H','H8','Available',NULL),(4379,44,2,'H','H9','Available',NULL),(4380,44,2,'H','H10','Available',NULL),(4381,44,3,'I','I1','Available',NULL),(4382,44,3,'I','I2','Available',NULL),(4383,44,3,'I','I3','Available',NULL),(4384,44,3,'I','I4','Available',NULL),(4385,44,3,'I','I5','Available',NULL),(4386,44,3,'I','I6','Available',NULL),(4387,44,3,'I','I7','Available',NULL),(4388,44,3,'I','I8','Available',NULL),(4389,44,3,'I','I9','Available',NULL),(4390,44,3,'I','I10','Available',NULL),(4391,44,3,'J','J1','Available',NULL),(4392,44,3,'J','J2','Available',NULL),(4393,44,3,'J','J3','Available',NULL),(4394,44,3,'J','J4','Available',NULL),(4395,44,3,'J','J5','Available',NULL),(4396,44,3,'J','J6','Available',NULL),(4397,44,3,'J','J7','Available',NULL),(4398,44,3,'J','J8','Available',NULL),(4399,44,3,'J','J9','Available',NULL),(4400,44,3,'J','J10','Available',NULL),(4401,45,1,'A','A1','Available',NULL),(4402,45,1,'A','A2','Available',NULL),(4403,45,1,'A','A3','Available',NULL),(4404,45,1,'A','A4','Available',NULL),(4405,45,1,'A','A5','Available',NULL),(4406,45,1,'A','A6','Available',NULL),(4407,45,1,'A','A7','Available',NULL),(4408,45,1,'A','A8','Available',NULL),(4409,45,1,'A','A9','Available',NULL),(4410,45,1,'A','A10','Available',NULL),(4411,45,1,'B','B1','Available',NULL),(4412,45,1,'B','B2','Available',NULL),(4413,45,1,'B','B3','Available',NULL),(4414,45,1,'B','B4','Available',NULL),(4415,45,1,'B','B5','Available',NULL),(4416,45,1,'B','B6','Available',NULL),(4417,45,1,'B','B7','Available',NULL),(4418,45,1,'B','B8','Available',NULL),(4419,45,1,'B','B9','Available',NULL),(4420,45,1,'B','B10','Available',NULL),(4421,45,2,'C','C1','Available',NULL),(4422,45,2,'C','C2','Available',NULL),(4423,45,2,'C','C3','Available',NULL),(4424,45,2,'C','C4','Available',NULL),(4425,45,2,'C','C5','Available',NULL),(4426,45,2,'C','C6','Available',NULL),(4427,45,2,'C','C7','Available',NULL),(4428,45,2,'C','C8','Available',NULL),(4429,45,2,'C','C9','Available',NULL),(4430,45,2,'C','C10','Available',NULL),(4431,45,2,'D','D1','Available',NULL),(4432,45,2,'D','D2','Available',NULL),(4433,45,2,'D','D3','Available',NULL),(4434,45,2,'D','D4','Available',NULL),(4435,45,2,'D','D5','Available',NULL),(4436,45,2,'D','D6','Available',NULL),(4437,45,2,'D','D7','Available',NULL),(4438,45,2,'D','D8','Available',NULL),(4439,45,2,'D','D9','Available',NULL),(4440,45,2,'D','D10','Available',NULL),(4441,45,2,'E','E1','Available',NULL),(4442,45,2,'E','E2','Available',NULL),(4443,45,2,'E','E3','Available',NULL),(4444,45,2,'E','E4','Available',NULL),(4445,45,2,'E','E5','Available',NULL),(4446,45,2,'E','E6','Available',NULL),(4447,45,2,'E','E7','Available',NULL),(4448,45,2,'E','E8','Available',NULL),(4449,45,2,'E','E9','Available',NULL),(4450,45,2,'E','E10','Available',NULL),(4451,45,2,'F','F1','Available',NULL),(4452,45,2,'F','F2','Available',NULL),(4453,45,2,'F','F3','Available',NULL),(4454,45,2,'F','F4','Available',NULL),(4455,45,2,'F','F5','Available',NULL),(4456,45,2,'F','F6','Available',NULL),(4457,45,2,'F','F7','Available',NULL),(4458,45,2,'F','F8','Available',NULL),(4459,45,2,'F','F9','Available',NULL),(4460,45,2,'F','F10','Available',NULL),(4461,45,2,'G','G1','Available',NULL),(4462,45,2,'G','G2','Available',NULL),(4463,45,2,'G','G3','Available',NULL),(4464,45,2,'G','G4','Available',NULL),(4465,45,2,'G','G5','Available',NULL),(4466,45,2,'G','G6','Available',NULL),(4467,45,2,'G','G7','Available',NULL),(4468,45,2,'G','G8','Available',NULL),(4469,45,2,'G','G9','Available',NULL),(4470,45,2,'G','G10','Available',NULL),(4471,45,2,'H','H1','Available',NULL),(4472,45,2,'H','H2','Available',NULL),(4473,45,2,'H','H3','Available',NULL),(4474,45,2,'H','H4','Available',NULL),(4475,45,2,'H','H5','Available',NULL),(4476,45,2,'H','H6','Available',NULL),(4477,45,2,'H','H7','Available',NULL),(4478,45,2,'H','H8','Available',NULL),(4479,45,2,'H','H9','Available',NULL),(4480,45,2,'H','H10','Available',NULL),(4481,45,3,'I','I1','Available',NULL),(4482,45,3,'I','I2','Available',NULL),(4483,45,3,'I','I3','Available',NULL),(4484,45,3,'I','I4','Available',NULL),(4485,45,3,'I','I5','Available',NULL),(4486,45,3,'I','I6','Available',NULL),(4487,45,3,'I','I7','Available',NULL),(4488,45,3,'I','I8','Available',NULL),(4489,45,3,'I','I9','Available',NULL),(4490,45,3,'I','I10','Available',NULL),(4491,45,3,'J','J1','Available',NULL),(4492,45,3,'J','J2','Available',NULL),(4493,45,3,'J','J3','Available',NULL),(4494,45,3,'J','J4','Available',NULL),(4495,45,3,'J','J5','Available',NULL),(4496,45,3,'J','J6','Available',NULL),(4497,45,3,'J','J7','Available',NULL),(4498,45,3,'J','J8','Available',NULL),(4499,45,3,'J','J9','Available',NULL),(4500,45,3,'J','J10','Available',NULL),(4501,46,1,'A','A1','Available',NULL),(4502,46,1,'A','A2','Available',NULL),(4503,46,1,'A','A3','Available',NULL),(4504,46,1,'A','A4','Available',NULL),(4505,46,1,'A','A5','Available',NULL),(4506,46,1,'A','A6','Available',NULL),(4507,46,1,'A','A7','Available',NULL),(4508,46,1,'A','A8','Available',NULL),(4509,46,1,'A','A9','Available',NULL),(4510,46,1,'A','A10','Available',NULL),(4511,46,1,'B','B1','Available',NULL),(4512,46,1,'B','B2','Available',NULL),(4513,46,1,'B','B3','Available',NULL),(4514,46,1,'B','B4','Available',NULL),(4515,46,1,'B','B5','Available',NULL),(4516,46,1,'B','B6','Available',NULL),(4517,46,1,'B','B7','Available',NULL),(4518,46,1,'B','B8','Available',NULL),(4519,46,1,'B','B9','Available',NULL),(4520,46,1,'B','B10','Available',NULL),(4521,46,2,'C','C1','Available',NULL),(4522,46,2,'C','C2','Available',NULL),(4523,46,2,'C','C3','Available',NULL),(4524,46,2,'C','C4','Available',NULL),(4525,46,2,'C','C5','Available',NULL),(4526,46,2,'C','C6','Available',NULL),(4527,46,2,'C','C7','Available',NULL),(4528,46,2,'C','C8','Available',NULL),(4529,46,2,'C','C9','Available',NULL),(4530,46,2,'C','C10','Available',NULL),(4531,46,2,'D','D1','Available',NULL),(4532,46,2,'D','D2','Available',NULL),(4533,46,2,'D','D3','Available',NULL),(4534,46,2,'D','D4','Available',NULL),(4535,46,2,'D','D5','Available',NULL),(4536,46,2,'D','D6','Available',NULL),(4537,46,2,'D','D7','Available',NULL),(4538,46,2,'D','D8','Available',NULL),(4539,46,2,'D','D9','Available',NULL),(4540,46,2,'D','D10','Available',NULL),(4541,46,2,'E','E1','Available',NULL),(4542,46,2,'E','E2','Available',NULL),(4543,46,2,'E','E3','Available',NULL),(4544,46,2,'E','E4','Available',NULL),(4545,46,2,'E','E5','Available',NULL),(4546,46,2,'E','E6','Available',NULL),(4547,46,2,'E','E7','Available',NULL),(4548,46,2,'E','E8','Available',NULL),(4549,46,2,'E','E9','Available',NULL),(4550,46,2,'E','E10','Available',NULL),(4551,46,2,'F','F1','Available',NULL),(4552,46,2,'F','F2','Available',NULL),(4553,46,2,'F','F3','Available',NULL),(4554,46,2,'F','F4','Available',NULL),(4555,46,2,'F','F5','Available',NULL),(4556,46,2,'F','F6','Available',NULL),(4557,46,2,'F','F7','Available',NULL),(4558,46,2,'F','F8','Available',NULL),(4559,46,2,'F','F9','Available',NULL),(4560,46,2,'F','F10','Available',NULL),(4561,46,2,'G','G1','Available',NULL),(4562,46,2,'G','G2','Available',NULL),(4563,46,2,'G','G3','Available',NULL),(4564,46,2,'G','G4','Available',NULL),(4565,46,2,'G','G5','Available',NULL),(4566,46,2,'G','G6','Available',NULL),(4567,46,2,'G','G7','Available',NULL),(4568,46,2,'G','G8','Available',NULL),(4569,46,2,'G','G9','Available',NULL),(4570,46,2,'G','G10','Available',NULL),(4571,46,2,'H','H1','Available',NULL),(4572,46,2,'H','H2','Available',NULL),(4573,46,2,'H','H3','Available',NULL),(4574,46,2,'H','H4','Available',NULL),(4575,46,2,'H','H5','Available',NULL),(4576,46,2,'H','H6','Available',NULL),(4577,46,2,'H','H7','Available',NULL),(4578,46,2,'H','H8','Available',NULL),(4579,46,2,'H','H9','Available',NULL),(4580,46,2,'H','H10','Available',NULL),(4581,46,3,'I','I1','Available',NULL),(4582,46,3,'I','I2','Available',NULL),(4583,46,3,'I','I3','Available',NULL),(4584,46,3,'I','I4','Available',NULL),(4585,46,3,'I','I5','Available',NULL),(4586,46,3,'I','I6','Available',NULL),(4587,46,3,'I','I7','Available',NULL),(4588,46,3,'I','I8','Available',NULL),(4589,46,3,'I','I9','Available',NULL),(4590,46,3,'I','I10','Available',NULL),(4591,46,3,'J','J1','Available',NULL),(4592,46,3,'J','J2','Available',NULL),(4593,46,3,'J','J3','Available',NULL),(4594,46,3,'J','J4','Available',NULL),(4595,46,3,'J','J5','Available',NULL),(4596,46,3,'J','J6','Available',NULL),(4597,46,3,'J','J7','Available',NULL),(4598,46,3,'J','J8','Available',NULL),(4599,46,3,'J','J9','Available',NULL),(4600,46,3,'J','J10','Available',NULL),(4601,47,1,'A','A1','Available',NULL),(4602,47,1,'A','A2','Available',NULL),(4603,47,1,'A','A3','Available',NULL),(4604,47,1,'A','A4','Available',NULL),(4605,47,1,'A','A5','Available',NULL),(4606,47,1,'A','A6','Available',NULL),(4607,47,1,'A','A7','Available',NULL),(4608,47,1,'A','A8','Available',NULL),(4609,47,1,'A','A9','Available',NULL),(4610,47,1,'A','A10','Available',NULL),(4611,47,1,'B','B1','Available',NULL),(4612,47,1,'B','B2','Available',NULL),(4613,47,1,'B','B3','Available',NULL),(4614,47,1,'B','B4','Available',NULL),(4615,47,1,'B','B5','Available',NULL),(4616,47,1,'B','B6','Available',NULL),(4617,47,1,'B','B7','Available',NULL),(4618,47,1,'B','B8','Available',NULL),(4619,47,1,'B','B9','Available',NULL),(4620,47,1,'B','B10','Available',NULL),(4621,47,2,'C','C1','Available',NULL),(4622,47,2,'C','C2','Available',NULL),(4623,47,2,'C','C3','Available',NULL),(4624,47,2,'C','C4','Available',NULL),(4625,47,2,'C','C5','Available',NULL),(4626,47,2,'C','C6','Available',NULL),(4627,47,2,'C','C7','Available',NULL),(4628,47,2,'C','C8','Available',NULL),(4629,47,2,'C','C9','Available',NULL),(4630,47,2,'C','C10','Available',NULL),(4631,47,2,'D','D1','Available',NULL),(4632,47,2,'D','D2','Available',NULL),(4633,47,2,'D','D3','Available',NULL),(4634,47,2,'D','D4','Available',NULL),(4635,47,2,'D','D5','Available',NULL),(4636,47,2,'D','D6','Available',NULL),(4637,47,2,'D','D7','Available',NULL),(4638,47,2,'D','D8','Available',NULL),(4639,47,2,'D','D9','Available',NULL),(4640,47,2,'D','D10','Available',NULL),(4641,47,2,'E','E1','Available',NULL),(4642,47,2,'E','E2','Available',NULL),(4643,47,2,'E','E3','Available',NULL),(4644,47,2,'E','E4','Available',NULL),(4645,47,2,'E','E5','Available',NULL),(4646,47,2,'E','E6','Available',NULL),(4647,47,2,'E','E7','Available',NULL),(4648,47,2,'E','E8','Available',NULL),(4649,47,2,'E','E9','Available',NULL),(4650,47,2,'E','E10','Available',NULL),(4651,47,2,'F','F1','Available',NULL),(4652,47,2,'F','F2','Available',NULL),(4653,47,2,'F','F3','Available',NULL),(4654,47,2,'F','F4','Available',NULL),(4655,47,2,'F','F5','Available',NULL),(4656,47,2,'F','F6','Available',NULL),(4657,47,2,'F','F7','Available',NULL),(4658,47,2,'F','F8','Available',NULL),(4659,47,2,'F','F9','Available',NULL),(4660,47,2,'F','F10','Available',NULL),(4661,47,2,'G','G1','Available',NULL),(4662,47,2,'G','G2','Available',NULL),(4663,47,2,'G','G3','Available',NULL),(4664,47,2,'G','G4','Available',NULL),(4665,47,2,'G','G5','Available',NULL),(4666,47,2,'G','G6','Available',NULL),(4667,47,2,'G','G7','Available',NULL),(4668,47,2,'G','G8','Available',NULL),(4669,47,2,'G','G9','Available',NULL),(4670,47,2,'G','G10','Available',NULL),(4671,47,2,'H','H1','Available',NULL),(4672,47,2,'H','H2','Available',NULL),(4673,47,2,'H','H3','Available',NULL),(4674,47,2,'H','H4','Available',NULL),(4675,47,2,'H','H5','Available',NULL),(4676,47,2,'H','H6','Available',NULL),(4677,47,2,'H','H7','Available',NULL),(4678,47,2,'H','H8','Available',NULL),(4679,47,2,'H','H9','Available',NULL),(4680,47,2,'H','H10','Available',NULL),(4681,47,3,'I','I1','Available',NULL),(4682,47,3,'I','I2','Available',NULL),(4683,47,3,'I','I3','Available',NULL),(4684,47,3,'I','I4','Available',NULL),(4685,47,3,'I','I5','Available',NULL),(4686,47,3,'I','I6','Available',NULL),(4687,47,3,'I','I7','Available',NULL),(4688,47,3,'I','I8','Available',NULL),(4689,47,3,'I','I9','Available',NULL),(4690,47,3,'I','I10','Available',NULL),(4691,47,3,'J','J1','Available',NULL),(4692,47,3,'J','J2','Available',NULL),(4693,47,3,'J','J3','Available',NULL),(4694,47,3,'J','J4','Available',NULL),(4695,47,3,'J','J5','Available',NULL),(4696,47,3,'J','J6','Available',NULL),(4697,47,3,'J','J7','Available',NULL),(4698,47,3,'J','J8','Available',NULL),(4699,47,3,'J','J9','Available',NULL),(4700,47,3,'J','J10','Available',NULL),(4701,48,1,'A','A1','Available',NULL),(4702,48,1,'A','A2','Available',NULL),(4703,48,1,'A','A3','Available',NULL),(4704,48,1,'A','A4','Available',NULL),(4705,48,1,'A','A5','Available',NULL),(4706,48,1,'A','A6','Available',NULL),(4707,48,1,'A','A7','Available',NULL),(4708,48,1,'A','A8','Available',NULL),(4709,48,1,'A','A9','Available',NULL),(4710,48,1,'A','A10','Available',NULL),(4711,48,1,'B','B1','Available',NULL),(4712,48,1,'B','B2','Available',NULL),(4713,48,1,'B','B3','Available',NULL),(4714,48,1,'B','B4','Available',NULL),(4715,48,1,'B','B5','Available',NULL),(4716,48,1,'B','B6','Available',NULL),(4717,48,1,'B','B7','Available',NULL),(4718,48,1,'B','B8','Available',NULL),(4719,48,1,'B','B9','Available',NULL),(4720,48,1,'B','B10','Available',NULL),(4721,48,2,'C','C1','Available',NULL),(4722,48,2,'C','C2','Available',NULL),(4723,48,2,'C','C3','Available',NULL),(4724,48,2,'C','C4','Available',NULL),(4725,48,2,'C','C5','Available',NULL),(4726,48,2,'C','C6','Available',NULL),(4727,48,2,'C','C7','Available',NULL),(4728,48,2,'C','C8','Available',NULL),(4729,48,2,'C','C9','Available',NULL),(4730,48,2,'C','C10','Available',NULL),(4731,48,2,'D','D1','Available',NULL),(4732,48,2,'D','D2','Available',NULL),(4733,48,2,'D','D3','Available',NULL),(4734,48,2,'D','D4','Available',NULL),(4735,48,2,'D','D5','Available',NULL),(4736,48,2,'D','D6','Available',NULL),(4737,48,2,'D','D7','Available',NULL),(4738,48,2,'D','D8','Available',NULL),(4739,48,2,'D','D9','Available',NULL),(4740,48,2,'D','D10','Available',NULL),(4741,48,2,'E','E1','Available',NULL),(4742,48,2,'E','E2','Available',NULL),(4743,48,2,'E','E3','Available',NULL),(4744,48,2,'E','E4','Available',NULL),(4745,48,2,'E','E5','Available',NULL),(4746,48,2,'E','E6','Available',NULL),(4747,48,2,'E','E7','Available',NULL),(4748,48,2,'E','E8','Available',NULL),(4749,48,2,'E','E9','Available',NULL),(4750,48,2,'E','E10','Available',NULL),(4751,48,2,'F','F1','Available',NULL),(4752,48,2,'F','F2','Available',NULL),(4753,48,2,'F','F3','Available',NULL),(4754,48,2,'F','F4','Available',NULL),(4755,48,2,'F','F5','Available',NULL),(4756,48,2,'F','F6','Available',NULL),(4757,48,2,'F','F7','Available',NULL),(4758,48,2,'F','F8','Available',NULL),(4759,48,2,'F','F9','Available',NULL),(4760,48,2,'F','F10','Available',NULL),(4761,48,2,'G','G1','Available',NULL),(4762,48,2,'G','G2','Available',NULL),(4763,48,2,'G','G3','Available',NULL),(4764,48,2,'G','G4','Available',NULL),(4765,48,2,'G','G5','Available',NULL),(4766,48,2,'G','G6','Available',NULL),(4767,48,2,'G','G7','Available',NULL),(4768,48,2,'G','G8','Available',NULL),(4769,48,2,'G','G9','Available',NULL),(4770,48,2,'G','G10','Available',NULL),(4771,48,2,'H','H1','Available',NULL),(4772,48,2,'H','H2','Available',NULL),(4773,48,2,'H','H3','Available',NULL),(4774,48,2,'H','H4','Available',NULL),(4775,48,2,'H','H5','Available',NULL),(4776,48,2,'H','H6','Available',NULL),(4777,48,2,'H','H7','Available',NULL),(4778,48,2,'H','H8','Available',NULL),(4779,48,2,'H','H9','Available',NULL),(4780,48,2,'H','H10','Available',NULL),(4781,48,3,'I','I1','Available',NULL),(4782,48,3,'I','I2','Available',NULL),(4783,48,3,'I','I3','Available',NULL),(4784,48,3,'I','I4','Available',NULL),(4785,48,3,'I','I5','Available',NULL),(4786,48,3,'I','I6','Available',NULL),(4787,48,3,'I','I7','Available',NULL),(4788,48,3,'I','I8','Available',NULL),(4789,48,3,'I','I9','Available',NULL),(4790,48,3,'I','I10','Available',NULL),(4791,48,3,'J','J1','Available',NULL),(4792,48,3,'J','J2','Available',NULL),(4793,48,3,'J','J3','Available',NULL),(4794,48,3,'J','J4','Available',NULL),(4795,48,3,'J','J5','Available',NULL),(4796,48,3,'J','J6','Available',NULL),(4797,48,3,'J','J7','Available',NULL),(4798,48,3,'J','J8','Available',NULL),(4799,48,3,'J','J9','Available',NULL),(4800,48,3,'J','J10','Available',NULL),(4801,49,1,'A','A1','Available',NULL),(4802,49,1,'A','A2','Available',NULL),(4803,49,1,'A','A3','Available',NULL),(4804,49,1,'A','A4','Available',NULL),(4805,49,1,'A','A5','Available',NULL),(4806,49,1,'A','A6','Available',NULL),(4807,49,1,'A','A7','Available',NULL),(4808,49,1,'A','A8','Available',NULL),(4809,49,1,'A','A9','Available',NULL),(4810,49,1,'A','A10','Available',NULL),(4811,49,1,'B','B1','Available',NULL),(4812,49,1,'B','B2','Available',NULL),(4813,49,1,'B','B3','Available',NULL),(4814,49,1,'B','B4','Available',NULL),(4815,49,1,'B','B5','Available',NULL),(4816,49,1,'B','B6','Available',NULL),(4817,49,1,'B','B7','Available',NULL),(4818,49,1,'B','B8','Available',NULL),(4819,49,1,'B','B9','Available',NULL),(4820,49,1,'B','B10','Available',NULL),(4821,49,2,'C','C1','Available',NULL),(4822,49,2,'C','C2','Available',NULL),(4823,49,2,'C','C3','Available',NULL),(4824,49,2,'C','C4','Available',NULL),(4825,49,2,'C','C5','Available',NULL),(4826,49,2,'C','C6','Available',NULL),(4827,49,2,'C','C7','Available',NULL),(4828,49,2,'C','C8','Available',NULL),(4829,49,2,'C','C9','Available',NULL),(4830,49,2,'C','C10','Available',NULL),(4831,49,2,'D','D1','Available',NULL),(4832,49,2,'D','D2','Available',NULL),(4833,49,2,'D','D3','Available',NULL),(4834,49,2,'D','D4','Available',NULL),(4835,49,2,'D','D5','Available',NULL),(4836,49,2,'D','D6','Available',NULL),(4837,49,2,'D','D7','Available',NULL),(4838,49,2,'D','D8','Available',NULL),(4839,49,2,'D','D9','Available',NULL),(4840,49,2,'D','D10','Available',NULL),(4841,49,2,'E','E1','Available',NULL),(4842,49,2,'E','E2','Available',NULL),(4843,49,2,'E','E3','Available',NULL),(4844,49,2,'E','E4','Available',NULL),(4845,49,2,'E','E5','Available',NULL),(4846,49,2,'E','E6','Available',NULL),(4847,49,2,'E','E7','Available',NULL),(4848,49,2,'E','E8','Available',NULL),(4849,49,2,'E','E9','Available',NULL),(4850,49,2,'E','E10','Available',NULL),(4851,49,2,'F','F1','Available',NULL),(4852,49,2,'F','F2','Available',NULL),(4853,49,2,'F','F3','Available',NULL),(4854,49,2,'F','F4','Available',NULL),(4855,49,2,'F','F5','Available',NULL),(4856,49,2,'F','F6','Available',NULL),(4857,49,2,'F','F7','Available',NULL),(4858,49,2,'F','F8','Available',NULL),(4859,49,2,'F','F9','Available',NULL),(4860,49,2,'F','F10','Available',NULL),(4861,49,2,'G','G1','Available',NULL),(4862,49,2,'G','G2','Available',NULL),(4863,49,2,'G','G3','Available',NULL),(4864,49,2,'G','G4','Available',NULL),(4865,49,2,'G','G5','Available',NULL),(4866,49,2,'G','G6','Available',NULL),(4867,49,2,'G','G7','Available',NULL),(4868,49,2,'G','G8','Available',NULL),(4869,49,2,'G','G9','Available',NULL),(4870,49,2,'G','G10','Available',NULL),(4871,49,2,'H','H1','Available',NULL),(4872,49,2,'H','H2','Available',NULL),(4873,49,2,'H','H3','Available',NULL),(4874,49,2,'H','H4','Available',NULL),(4875,49,2,'H','H5','Available',NULL),(4876,49,2,'H','H6','Available',NULL),(4877,49,2,'H','H7','Available',NULL),(4878,49,2,'H','H8','Available',NULL),(4879,49,2,'H','H9','Available',NULL),(4880,49,2,'H','H10','Available',NULL),(4881,49,3,'I','I1','Available',NULL),(4882,49,3,'I','I2','Available',NULL),(4883,49,3,'I','I3','Available',NULL),(4884,49,3,'I','I4','Available',NULL),(4885,49,3,'I','I5','Available',NULL),(4886,49,3,'I','I6','Available',NULL),(4887,49,3,'I','I7','Available',NULL),(4888,49,3,'I','I8','Available',NULL),(4889,49,3,'I','I9','Available',NULL),(4890,49,3,'I','I10','Available',NULL),(4891,49,3,'J','J1','Available',NULL),(4892,49,3,'J','J2','Available',NULL),(4893,49,3,'J','J3','Available',NULL),(4894,49,3,'J','J4','Available',NULL),(4895,49,3,'J','J5','Available',NULL),(4896,49,3,'J','J6','Available',NULL),(4897,49,3,'J','J7','Available',NULL),(4898,49,3,'J','J8','Available',NULL),(4899,49,3,'J','J9','Available',NULL),(4900,49,3,'J','J10','Available',NULL),(4901,50,1,'A','A1','Available',NULL),(4902,50,1,'A','A2','Available',NULL),(4903,50,1,'A','A3','Available',NULL),(4904,50,1,'A','A4','Available',NULL),(4905,50,1,'A','A5','Available',NULL),(4906,50,1,'A','A6','Available',NULL),(4907,50,1,'A','A7','Available',NULL),(4908,50,1,'A','A8','Available',NULL),(4909,50,1,'A','A9','Available',NULL),(4910,50,1,'A','A10','Available',NULL),(4911,50,1,'B','B1','Available',NULL),(4912,50,1,'B','B2','Available',NULL),(4913,50,1,'B','B3','Available',NULL),(4914,50,1,'B','B4','Available',NULL),(4915,50,1,'B','B5','Available',NULL),(4916,50,1,'B','B6','Available',NULL),(4917,50,1,'B','B7','Available',NULL),(4918,50,1,'B','B8','Available',NULL),(4919,50,1,'B','B9','Available',NULL),(4920,50,1,'B','B10','Available',NULL),(4921,50,2,'C','C1','Available',NULL),(4922,50,2,'C','C2','Available',NULL),(4923,50,2,'C','C3','Available',NULL),(4924,50,2,'C','C4','Available',NULL),(4925,50,2,'C','C5','Available',NULL),(4926,50,2,'C','C6','Available',NULL),(4927,50,2,'C','C7','Available',NULL),(4928,50,2,'C','C8','Available',NULL),(4929,50,2,'C','C9','Available',NULL),(4930,50,2,'C','C10','Available',NULL),(4931,50,2,'D','D1','Available',NULL),(4932,50,2,'D','D2','Available',NULL),(4933,50,2,'D','D3','Available',NULL),(4934,50,2,'D','D4','Available',NULL),(4935,50,2,'D','D5','Available',NULL),(4936,50,2,'D','D6','Available',NULL),(4937,50,2,'D','D7','Available',NULL),(4938,50,2,'D','D8','Available',NULL),(4939,50,2,'D','D9','Available',NULL),(4940,50,2,'D','D10','Available',NULL),(4941,50,2,'E','E1','Available',NULL),(4942,50,2,'E','E2','Available',NULL),(4943,50,2,'E','E3','Available',NULL),(4944,50,2,'E','E4','Available',NULL),(4945,50,2,'E','E5','Available',NULL),(4946,50,2,'E','E6','Available',NULL),(4947,50,2,'E','E7','Available',NULL),(4948,50,2,'E','E8','Available',NULL),(4949,50,2,'E','E9','Available',NULL),(4950,50,2,'E','E10','Available',NULL),(4951,50,2,'F','F1','Available',NULL),(4952,50,2,'F','F2','Available',NULL),(4953,50,2,'F','F3','Available',NULL),(4954,50,2,'F','F4','Available',NULL),(4955,50,2,'F','F5','Available',NULL),(4956,50,2,'F','F6','Available',NULL),(4957,50,2,'F','F7','Available',NULL),(4958,50,2,'F','F8','Available',NULL),(4959,50,2,'F','F9','Available',NULL),(4960,50,2,'F','F10','Available',NULL),(4961,50,2,'G','G1','Available',NULL),(4962,50,2,'G','G2','Available',NULL),(4963,50,2,'G','G3','Available',NULL),(4964,50,2,'G','G4','Available',NULL),(4965,50,2,'G','G5','Available',NULL),(4966,50,2,'G','G6','Available',NULL),(4967,50,2,'G','G7','Available',NULL),(4968,50,2,'G','G8','Available',NULL),(4969,50,2,'G','G9','Available',NULL),(4970,50,2,'G','G10','Available',NULL),(4971,50,2,'H','H1','Available',NULL),(4972,50,2,'H','H2','Available',NULL),(4973,50,2,'H','H3','Available',NULL),(4974,50,2,'H','H4','Available',NULL),(4975,50,2,'H','H5','Available',NULL),(4976,50,2,'H','H6','Available',NULL),(4977,50,2,'H','H7','Available',NULL),(4978,50,2,'H','H8','Available',NULL),(4979,50,2,'H','H9','Available',NULL),(4980,50,2,'H','H10','Available',NULL),(4981,50,3,'I','I1','Available',NULL),(4982,50,3,'I','I2','Available',NULL),(4983,50,3,'I','I3','Available',NULL),(4984,50,3,'I','I4','Available',NULL),(4985,50,3,'I','I5','Available',NULL),(4986,50,3,'I','I6','Available',NULL),(4987,50,3,'I','I7','Available',NULL),(4988,50,3,'I','I8','Available',NULL),(4989,50,3,'I','I9','Available',NULL),(4990,50,3,'I','I10','Available',NULL),(4991,50,3,'J','J1','Available',NULL),(4992,50,3,'J','J2','Available',NULL),(4993,50,3,'J','J3','Available',NULL),(4994,50,3,'J','J4','Available',NULL),(4995,50,3,'J','J5','Available',NULL),(4996,50,3,'J','J6','Available',NULL),(4997,50,3,'J','J7','Available',NULL),(4998,50,3,'J','J8','Available',NULL),(4999,50,3,'J','J9','Available',NULL),(5000,50,3,'J','J10','Available',NULL);
/*!40000 ALTER TABLE `seats` ENABLE KEYS */;
UNLOCK TABLES;

--
-- Table structure for table `tickets`
--

DROP TABLE IF EXISTS `tickets`;
/*!40101 SET @saved_cs_client     = @@character_set_client */;
/*!50503 SET character_set_client = utf8mb4 */;
CREATE TABLE `tickets` (
  `TicketID` int NOT NULL AUTO_INCREMENT,
  `ScreeningID` int NOT NULL,
  `SeatID` int NOT NULL,
  `CustomerID` int NOT NULL,
  `BookingDate` datetime DEFAULT CURRENT_TIMESTAMP,
  `TotalPrice` decimal(10,2) NOT NULL,
  `AccountID` int DEFAULT NULL,
  PRIMARY KEY (`TicketID`),
  UNIQUE KEY `ScreeningID` (`ScreeningID`,`SeatID`),
  KEY `SeatID` (`SeatID`),
  KEY `CustomerID` (`CustomerID`),
  KEY `AccountID` (`AccountID`),
  CONSTRAINT `tickets_ibfk_1` FOREIGN KEY (`ScreeningID`) REFERENCES `screenings` (`ScreeningID`) ON DELETE CASCADE,
  CONSTRAINT `tickets_ibfk_2` FOREIGN KEY (`SeatID`) REFERENCES `seats` (`SeatID`) ON DELETE CASCADE,
  CONSTRAINT `tickets_ibfk_3` FOREIGN KEY (`CustomerID`) REFERENCES `customers` (`CustomerID`) ON DELETE CASCADE,
  CONSTRAINT `tickets_ibfk_4` FOREIGN KEY (`AccountID`) REFERENCES `accounts` (`AccountID`) ON DELETE SET NULL
) ENGINE=InnoDB AUTO_INCREMENT=515 DEFAULT CHARSET=utf8mb4 COLLATE=utf8mb4_0900_ai_ci;
/*!40101 SET character_set_client = @saved_cs_client */;

--
-- Dumping data for table `tickets`
--

LOCK TABLES `tickets` WRITE;
/*!40000 ALTER TABLE `tickets` DISABLE KEYS */;
INSERT INTO `tickets` VALUES (1,6,3730,131,'2026-05-03 01:43:52',160000.00,NULL),(2,38,2193,120,'2026-05-03 01:43:52',200000.00,NULL),(3,356,4247,156,'2026-05-03 01:43:52',110000.00,NULL),(4,20,4979,355,'2026-05-03 01:43:52',130000.00,NULL),(5,279,2857,479,'2026-05-03 01:43:52',130000.00,NULL),(6,429,4082,294,'2026-05-03 01:43:52',150000.00,NULL),(7,145,3015,60,'2026-05-03 01:43:52',75000.00,NULL),(8,275,4811,15,'2026-05-03 01:43:52',75000.00,NULL),(9,505,1639,236,'2026-05-03 01:43:52',160000.00,NULL),(10,329,3235,42,'2026-05-03 01:43:52',110000.00,NULL),(11,15,2398,105,'2026-05-03 01:43:52',150000.00,NULL),(12,427,4979,369,'2026-05-03 01:43:52',130000.00,NULL),(13,60,2982,407,'2026-05-03 01:43:52',200000.00,NULL),(14,442,3147,447,'2026-05-03 01:43:52',110000.00,NULL),(15,286,284,463,'2026-05-03 01:43:52',150000.00,NULL),(16,366,2647,413,'2026-05-03 01:43:52',160000.00,NULL),(17,382,441,161,'2026-05-03 01:43:52',130000.00,NULL),(18,348,2165,115,'2026-05-03 01:43:52',160000.00,NULL),(19,396,4739,118,'2026-05-03 01:43:52',110000.00,NULL),(20,9,2606,139,'2026-05-03 01:43:52',125000.00,NULL),(21,299,3119,510,'2026-05-03 01:43:52',75000.00,NULL),(22,178,3229,278,'2026-05-03 01:43:52',110000.00,NULL),(23,503,1767,494,'2026-05-03 01:43:52',130000.00,NULL),(24,103,541,179,'2026-05-03 01:43:52',110000.00,NULL),(25,156,3689,101,'2026-05-03 01:43:52',200000.00,NULL),(26,359,1634,454,'2026-05-03 01:43:52',160000.00,NULL),(27,295,502,11,'2026-05-03 01:43:52',75000.00,NULL),(28,349,1960,10,'2026-05-03 01:43:52',130000.00,NULL),(29,202,2951,117,'2026-05-03 01:43:52',160000.00,NULL),(30,300,3378,264,'2026-05-03 01:43:52',110000.00,NULL),(31,205,107,390,'2026-05-03 01:43:52',125000.00,NULL),(32,400,4149,62,'2026-05-03 01:43:52',110000.00,NULL),(33,373,936,187,'2026-05-03 01:43:52',110000.00,NULL),(34,88,2850,443,'2026-05-03 01:43:52',130000.00,NULL),(35,314,617,139,'2026-05-03 01:43:52',125000.00,NULL),(36,151,511,236,'2026-05-03 01:43:52',75000.00,NULL),(37,57,2810,312,'2026-05-03 01:43:52',95000.00,NULL),(38,274,3018,100,'2026-05-03 01:43:52',75000.00,NULL),(39,222,2053,228,'2026-05-03 01:43:52',160000.00,NULL),(40,253,2772,414,'2026-05-03 01:43:52',130000.00,NULL),(41,57,2832,283,'2026-05-03 01:43:52',130000.00,NULL),(42,203,354,423,'2026-05-03 01:43:52',160000.00,NULL),(43,317,1490,476,'2026-05-03 01:43:52',170000.00,NULL),(44,173,130,372,'2026-05-03 01:43:52',160000.00,NULL),(45,286,243,304,'2026-05-03 01:43:52',110000.00,NULL),(46,471,4936,504,'2026-05-03 01:43:52',130000.00,NULL),(47,29,3374,510,'2026-05-03 01:43:52',110000.00,NULL),(48,95,3714,294,'2026-05-03 01:43:52',125000.00,NULL),(49,328,1643,318,'2026-05-03 01:43:52',160000.00,NULL),(50,416,1665,9,'2026-05-03 01:43:52',160000.00,NULL),(51,218,2864,246,'2026-05-03 01:43:52',130000.00,NULL),(52,102,2349,275,'2026-05-03 01:43:52',110000.00,NULL),(53,3,3868,347,'2026-05-03 01:43:52',130000.00,NULL),(54,288,3899,391,'2026-05-03 01:43:52',170000.00,NULL),(55,188,839,295,'2026-05-03 01:43:52',160000.00,NULL),(56,6,3743,198,'2026-05-03 01:43:52',160000.00,NULL),(57,105,4933,17,'2026-05-03 01:43:52',130000.00,NULL),(58,262,3874,310,'2026-05-03 01:43:52',130000.00,NULL),(59,354,4134,454,'2026-05-03 01:43:52',110000.00,NULL),(60,399,1198,319,'2026-05-03 01:43:52',170000.00,NULL),(61,283,2577,339,'2026-05-03 01:43:52',130000.00,NULL),(62,376,1373,256,'2026-05-03 01:43:52',160000.00,NULL),(63,290,588,317,'2026-05-03 01:43:52',150000.00,NULL),(64,420,2419,470,'2026-05-03 01:43:52',95000.00,NULL),(65,33,1268,499,'2026-05-03 01:43:52',130000.00,NULL),(66,324,4253,151,'2026-05-03 01:43:52',110000.00,NULL),(67,249,4836,423,'2026-05-03 01:43:52',110000.00,NULL),(68,195,2738,73,'2026-05-03 01:43:52',130000.00,NULL),(69,115,2630,405,'2026-05-03 01:43:52',160000.00,NULL),(70,70,4677,228,'2026-05-03 01:43:52',130000.00,NULL),(71,6,3749,91,'2026-05-03 01:43:52',160000.00,NULL),(72,123,2976,232,'2026-05-03 01:43:52',160000.00,NULL),(73,335,3139,219,'2026-05-03 01:43:52',110000.00,NULL),(74,127,1354,70,'2026-05-03 01:43:52',160000.00,NULL),(75,72,677,269,'2026-05-03 01:43:52',160000.00,NULL),(76,74,2709,181,'2026-05-03 01:43:52',95000.00,NULL),(77,330,3384,367,'2026-05-03 01:43:52',150000.00,NULL),(78,456,1307,135,'2026-05-03 01:43:52',125000.00,NULL),(79,453,2917,4,'2026-05-03 01:43:52',125000.00,NULL),(80,145,3055,445,'2026-05-03 01:43:52',110000.00,NULL),(81,112,3627,337,'2026-05-03 01:43:52',160000.00,NULL),(82,230,4050,333,'2026-05-03 01:43:52',110000.00,NULL),(83,305,3069,473,'2026-05-03 01:43:52',110000.00,NULL),(84,129,2553,46,'2026-05-03 01:43:52',130000.00,NULL),(85,218,2810,145,'2026-05-03 01:43:52',95000.00,NULL),(86,179,2345,130,'2026-05-03 01:43:52',110000.00,NULL),(87,83,1042,166,'2026-05-03 01:43:52',130000.00,NULL),(88,321,3796,327,'2026-05-03 01:43:52',200000.00,NULL),(89,490,1364,464,'2026-05-03 01:43:52',160000.00,NULL),(90,321,3781,466,'2026-05-03 01:43:52',200000.00,NULL),(91,131,77,37,'2026-05-03 01:43:52',110000.00,NULL),(92,135,3280,452,'2026-05-03 01:43:52',110000.00,NULL),(93,339,1049,277,'2026-05-03 01:43:52',130000.00,NULL),(94,137,260,352,'2026-05-03 01:43:52',110000.00,NULL),(95,20,4919,499,'2026-05-03 01:43:52',95000.00,NULL),(96,43,1341,269,'2026-05-03 01:43:52',160000.00,NULL),(97,217,348,505,'2026-05-03 01:43:52',160000.00,NULL),(98,26,527,272,'2026-05-03 01:43:52',110000.00,NULL),(99,387,112,281,'2026-05-03 01:43:52',125000.00,NULL),(100,479,1896,19,'2026-05-03 01:43:52',150000.00,NULL),(101,57,2889,359,'2026-05-03 01:43:52',170000.00,NULL),(102,33,1241,337,'2026-05-03 01:43:52',130000.00,NULL),(103,478,2439,23,'2026-05-03 01:43:52',130000.00,NULL),(104,474,1791,226,'2026-05-03 01:43:52',170000.00,NULL),(105,160,81,274,'2026-05-03 01:43:52',150000.00,NULL),(106,38,2127,381,'2026-05-03 01:43:52',160000.00,NULL),(107,53,4173,250,'2026-05-03 01:43:52',110000.00,NULL),(108,162,4979,239,'2026-05-03 01:43:52',130000.00,NULL),(109,90,700,103,'2026-05-03 01:43:52',200000.00,NULL),(110,90,653,169,'2026-05-03 01:43:52',160000.00,NULL),(111,175,4943,67,'2026-05-03 01:43:52',130000.00,NULL),(112,505,1671,6,'2026-05-03 01:43:52',160000.00,NULL),(113,265,1598,100,'2026-05-03 01:43:52',150000.00,NULL),(114,330,3381,327,'2026-05-03 01:43:52',150000.00,NULL),(115,175,4918,501,'2026-05-03 01:43:52',95000.00,NULL),(116,174,3125,130,'2026-05-03 01:43:52',110000.00,NULL),(117,206,1699,133,'2026-05-03 01:43:52',200000.00,NULL),(118,61,3745,138,'2026-05-03 01:43:52',160000.00,NULL),(119,170,2126,234,'2026-05-03 01:43:52',160000.00,NULL),(120,368,1534,504,'2026-05-03 01:43:52',110000.00,NULL),(121,342,4816,57,'2026-05-03 01:43:52',75000.00,NULL),(122,449,2023,26,'2026-05-03 01:43:52',160000.00,NULL),(123,304,3366,280,'2026-05-03 01:43:52',110000.00,NULL),(124,455,2036,238,'2026-05-03 01:43:52',160000.00,NULL),(125,459,1783,168,'2026-05-03 01:43:52',170000.00,NULL),(126,211,3023,153,'2026-05-03 01:43:52',110000.00,NULL),(127,313,1646,314,'2026-05-03 01:43:52',160000.00,NULL),(128,317,1464,104,'2026-05-03 01:43:52',130000.00,NULL),(129,89,2997,166,'2026-05-03 01:43:52',200000.00,NULL),(130,283,2552,299,'2026-05-03 01:43:52',130000.00,NULL),(131,140,1891,209,'2026-05-03 01:43:52',150000.00,NULL),(132,59,4656,231,'2026-05-03 01:43:52',130000.00,NULL),(133,341,2611,126,'2026-05-03 01:43:52',125000.00,NULL),(134,282,1187,409,'2026-05-03 01:43:52',170000.00,NULL),(135,388,4894,343,'2026-05-03 01:43:52',150000.00,NULL),(136,179,2354,148,'2026-05-03 01:43:52',110000.00,NULL),(137,263,3813,334,'2026-05-03 01:43:52',95000.00,NULL),(138,121,3550,491,'2026-05-03 01:43:52',110000.00,NULL),(139,397,4848,102,'2026-05-03 01:43:52',110000.00,NULL),(140,161,1830,84,'2026-05-03 01:43:52',110000.00,NULL),(141,376,1363,278,'2026-05-03 01:43:52',160000.00,NULL),(142,478,2428,384,'2026-05-03 01:43:52',130000.00,NULL),(143,103,591,271,'2026-05-03 01:43:52',150000.00,NULL),(144,208,4366,415,'2026-05-03 01:43:52',110000.00,NULL),(145,157,465,3,'2026-05-03 01:43:52',130000.00,NULL),(146,90,637,199,'2026-05-03 01:43:52',160000.00,NULL),(147,474,1746,405,'2026-05-03 01:43:52',130000.00,NULL),(148,230,4074,408,'2026-05-03 01:43:52',110000.00,NULL),(149,107,2850,371,'2026-05-03 01:43:52',130000.00,NULL),(150,347,4537,440,'2026-05-03 01:43:52',160000.00,NULL),(151,216,14,194,'2026-05-03 01:43:52',75000.00,NULL),(152,471,4993,401,'2026-05-03 01:43:52',170000.00,NULL),(153,242,350,84,'2026-05-03 01:43:52',160000.00,NULL),(154,248,3882,198,'2026-05-03 01:43:52',170000.00,NULL),(155,186,1454,16,'2026-05-03 01:43:52',130000.00,NULL),(156,436,12,219,'2026-05-03 01:43:52',75000.00,NULL),(157,72,686,365,'2026-05-03 01:43:52',200000.00,NULL),(158,371,775,71,'2026-05-03 01:43:52',160000.00,NULL),(159,384,3464,460,'2026-05-03 01:43:52',110000.00,NULL),(160,141,3683,371,'2026-05-03 01:43:52',200000.00,NULL),(161,376,1393,171,'2026-05-03 01:43:52',200000.00,NULL),(162,486,1629,45,'2026-05-03 01:43:52',160000.00,NULL),(163,226,1797,392,'2026-05-03 01:43:52',170000.00,NULL),(164,197,4452,292,'2026-05-03 01:43:52',130000.00,NULL),(165,430,792,328,'2026-05-03 01:43:52',200000.00,NULL),(166,16,666,372,'2026-05-03 01:43:52',160000.00,NULL),(167,450,4745,126,'2026-05-03 01:43:52',110000.00,NULL),(168,146,2826,389,'2026-05-03 01:43:52',130000.00,NULL),(169,396,4763,325,'2026-05-03 01:43:52',110000.00,NULL),(170,378,645,506,'2026-05-03 01:43:52',160000.00,NULL),(171,312,4518,244,'2026-05-03 01:43:52',125000.00,NULL),(172,248,3884,348,'2026-05-03 01:43:52',170000.00,NULL),(173,104,1211,418,'2026-05-03 01:43:52',95000.00,NULL),(174,221,839,180,'2026-05-03 01:43:52',160000.00,NULL),(175,219,285,98,'2026-05-03 01:43:52',150000.00,NULL),(176,116,4699,39,'2026-05-03 01:43:52',170000.00,NULL),(177,116,4604,418,'2026-05-03 01:43:52',95000.00,NULL),(178,503,1794,43,'2026-05-03 01:43:52',170000.00,NULL),(179,19,2000,405,'2026-05-03 01:43:52',170000.00,NULL),(180,22,2040,331,'2026-05-03 01:43:52',160000.00,NULL),(181,141,3638,476,'2026-05-03 01:43:52',160000.00,NULL),(182,321,3746,414,'2026-05-03 01:43:52',160000.00,NULL),(183,45,1043,356,'2026-05-03 01:43:52',130000.00,NULL),(184,411,92,481,'2026-05-03 01:43:52',150000.00,NULL),(185,103,577,167,'2026-05-03 01:43:52',110000.00,NULL),(186,199,2697,23,'2026-05-03 01:43:52',200000.00,NULL),(187,479,1859,75,'2026-05-03 01:43:52',110000.00,NULL),(188,223,3069,107,'2026-05-03 01:43:52',110000.00,NULL),(189,479,1861,327,'2026-05-03 01:43:52',110000.00,NULL),(190,100,1619,225,'2026-05-03 01:43:52',125000.00,NULL),(191,248,3852,392,'2026-05-03 01:43:52',130000.00,NULL),(192,502,334,277,'2026-05-03 01:43:52',160000.00,NULL),(193,486,1693,461,'2026-05-03 01:43:52',200000.00,NULL),(194,50,4073,315,'2026-05-03 01:43:52',110000.00,NULL),(195,428,3911,132,'2026-05-03 01:43:52',95000.00,NULL),(196,242,327,489,'2026-05-03 01:43:52',160000.00,NULL),(197,398,2301,423,'2026-05-03 01:43:52',75000.00,NULL),(198,405,1132,289,'2026-05-03 01:43:52',130000.00,NULL),(199,231,2780,149,'2026-05-03 01:43:52',130000.00,NULL),(200,152,4182,469,'2026-05-03 01:43:52',150000.00,NULL),(201,162,4961,241,'2026-05-03 01:43:52',130000.00,NULL),(202,35,1679,238,'2026-05-03 01:43:52',160000.00,NULL),(203,211,3036,303,'2026-05-03 01:43:52',110000.00,NULL),(204,3,3803,310,'2026-05-03 01:43:52',95000.00,NULL),(205,191,2123,29,'2026-05-03 01:43:52',160000.00,NULL),(206,95,3793,150,'2026-05-03 01:43:52',200000.00,NULL),(207,385,4869,199,'2026-05-03 01:43:52',110000.00,NULL),(208,347,4560,344,'2026-05-03 01:43:52',160000.00,NULL),(209,5,2723,80,'2026-05-03 01:43:52',130000.00,NULL),(210,490,1357,136,'2026-05-03 01:43:52',160000.00,NULL),(211,66,4846,259,'2026-05-03 01:43:52',110000.00,NULL),(212,396,4746,391,'2026-05-03 01:43:52',110000.00,NULL),(213,12,1463,423,'2026-05-03 01:43:52',130000.00,NULL),(214,427,4996,306,'2026-05-03 01:43:52',170000.00,NULL),(215,355,3882,463,'2026-05-03 01:43:52',170000.00,NULL),(216,15,2361,372,'2026-05-03 01:43:52',110000.00,NULL),(217,237,4524,416,'2026-05-03 01:43:52',160000.00,NULL),(218,500,4481,408,'2026-05-03 01:43:52',170000.00,NULL),(219,218,2863,486,'2026-05-03 01:43:52',130000.00,NULL),(220,75,87,311,'2026-05-03 01:43:52',150000.00,NULL),(221,81,1295,75,'2026-05-03 01:43:52',170000.00,NULL),(222,177,3738,430,'2026-05-03 01:43:52',160000.00,NULL),(223,302,3088,399,'2026-05-03 01:43:52',150000.00,NULL),(224,262,3815,152,'2026-05-03 01:43:52',95000.00,NULL),(225,370,4028,181,'2026-05-03 01:43:52',110000.00,NULL),(226,359,1672,240,'2026-05-03 01:43:52',160000.00,NULL),(227,406,4991,81,'2026-05-03 01:43:52',170000.00,NULL),(228,175,4967,211,'2026-05-03 01:43:52',130000.00,NULL),(229,52,296,488,'2026-05-03 01:43:52',150000.00,NULL),(230,456,1374,402,'2026-05-03 01:43:52',160000.00,NULL),(231,127,1339,393,'2026-05-03 01:43:52',160000.00,NULL),(232,165,2792,39,'2026-05-03 01:43:52',170000.00,NULL),(233,142,4928,350,'2026-05-03 01:43:52',130000.00,NULL),(234,60,2967,187,'2026-05-03 01:43:52',160000.00,NULL),(235,355,3888,380,'2026-05-03 01:43:52',170000.00,NULL),(236,269,3537,259,'2026-05-03 01:43:52',110000.00,NULL),(237,408,434,198,'2026-05-03 01:43:52',130000.00,NULL),(238,260,1863,307,'2026-05-03 01:43:52',110000.00,NULL),(239,472,2232,350,'2026-05-03 01:43:52',130000.00,NULL),(240,424,4696,179,'2026-05-03 01:43:52',170000.00,NULL),(241,370,4080,136,'2026-05-03 01:43:52',110000.00,NULL),(242,164,4860,54,'2026-05-03 01:43:52',110000.00,NULL),(243,157,461,87,'2026-05-03 01:43:52',130000.00,NULL),(244,176,3510,487,'2026-05-03 01:43:52',75000.00,NULL),(245,358,3375,225,'2026-05-03 01:43:52',110000.00,NULL),(246,213,3005,22,'2026-05-03 01:43:52',75000.00,NULL),(247,496,376,461,'2026-05-03 01:43:52',160000.00,NULL),(248,71,3031,268,'2026-05-03 01:43:52',110000.00,NULL),(249,311,3625,35,'2026-05-03 01:43:52',160000.00,NULL),(250,19,1945,422,'2026-05-03 01:43:52',130000.00,NULL),(251,413,2961,98,'2026-05-03 01:43:52',160000.00,NULL),(252,286,283,354,'2026-05-03 01:43:52',150000.00,NULL),(253,206,1631,88,'2026-05-03 01:43:52',160000.00,NULL),(254,10,2421,296,'2026-05-03 01:43:52',130000.00,NULL),(255,165,2757,111,'2026-05-03 01:43:52',130000.00,NULL),(256,493,650,42,'2026-05-03 01:43:52',160000.00,NULL),(257,502,320,42,'2026-05-03 01:43:52',125000.00,NULL),(258,459,1792,349,'2026-05-03 01:43:52',170000.00,NULL),(259,154,641,297,'2026-05-03 01:43:52',160000.00,NULL),(260,119,4030,469,'2026-05-03 01:43:52',110000.00,NULL),(261,134,3985,164,'2026-05-03 01:43:52',170000.00,NULL),(262,312,4569,53,'2026-05-03 01:43:52',160000.00,NULL),(263,289,2040,122,'2026-05-03 01:43:52',160000.00,NULL),(264,475,1703,463,'2026-05-03 01:43:52',95000.00,NULL),(265,341,2639,267,'2026-05-03 01:43:52',160000.00,NULL),(266,288,3805,157,'2026-05-03 01:43:52',95000.00,NULL),(267,254,572,124,'2026-05-03 01:43:52',110000.00,NULL),(268,193,3224,201,'2026-05-03 01:43:52',110000.00,NULL),(269,126,780,440,'2026-05-03 01:43:52',160000.00,NULL),(270,12,1443,499,'2026-05-03 01:43:52',130000.00,NULL),(271,324,4252,6,'2026-05-03 01:43:52',110000.00,NULL),(272,371,770,389,'2026-05-03 01:43:52',160000.00,NULL),(273,14,2830,284,'2026-05-03 01:43:52',130000.00,NULL),(274,49,4240,348,'2026-05-03 01:43:52',110000.00,NULL),(275,411,85,272,'2026-05-03 01:43:52',150000.00,NULL),(276,100,1634,2,'2026-05-03 01:43:52',160000.00,NULL),(277,210,1089,494,'2026-05-03 01:43:52',170000.00,NULL),(278,112,3692,469,'2026-05-03 01:43:52',200000.00,NULL),(279,195,2724,358,'2026-05-03 01:43:52',130000.00,NULL),(280,69,1376,168,'2026-05-03 01:43:52',160000.00,NULL),(281,93,1638,178,'2026-05-03 01:43:52',160000.00,NULL),(282,162,4969,95,'2026-05-03 01:43:52',130000.00,NULL),(283,329,3243,241,'2026-05-03 01:43:52',110000.00,NULL),(284,218,2889,461,'2026-05-03 01:43:52',170000.00,NULL),(285,480,1494,287,'2026-05-03 01:43:52',170000.00,NULL),(286,228,4586,354,'2026-05-03 01:43:52',200000.00,NULL),(287,55,2540,454,'2026-05-03 01:43:52',130000.00,NULL),(288,464,1768,144,'2026-05-03 01:43:52',130000.00,NULL),(289,87,4655,403,'2026-05-03 01:43:52',130000.00,NULL),(290,440,3447,141,'2026-05-03 01:43:52',110000.00,NULL),(291,459,1753,261,'2026-05-03 01:43:52',130000.00,NULL),(292,19,1911,114,'2026-05-03 01:43:52',95000.00,NULL),(293,36,3413,431,'2026-05-03 01:43:52',75000.00,NULL),(294,69,1394,209,'2026-05-03 01:43:52',200000.00,NULL),(295,469,1713,490,'2026-05-03 01:43:52',95000.00,NULL),(296,283,2541,104,'2026-05-03 01:43:52',130000.00,NULL),(297,199,2624,141,'2026-05-03 01:43:52',160000.00,NULL),(298,165,2798,202,'2026-05-03 01:43:52',170000.00,NULL),(299,125,191,407,'2026-05-03 01:43:52',200000.00,NULL),(300,339,1019,39,'2026-05-03 01:43:52',95000.00,NULL),(301,75,12,217,'2026-05-03 01:43:52',75000.00,NULL),(302,450,4705,239,'2026-05-03 01:43:52',75000.00,NULL),(303,385,4847,27,'2026-05-03 01:43:52',110000.00,NULL),(304,206,1602,273,'2026-05-03 01:43:52',125000.00,NULL),(305,45,1087,202,'2026-05-03 01:43:52',170000.00,NULL),(306,437,698,430,'2026-05-03 01:43:52',200000.00,NULL),(307,211,3080,299,'2026-05-03 01:43:52',110000.00,NULL),(308,415,262,47,'2026-05-03 01:43:52',110000.00,NULL),(309,342,4839,39,'2026-05-03 01:43:52',110000.00,NULL),(310,125,124,128,'2026-05-03 01:43:52',160000.00,NULL),(311,114,4322,440,'2026-05-03 01:43:52',110000.00,NULL),(312,76,2750,101,'2026-05-03 01:43:52',130000.00,NULL),(313,49,4270,368,'2026-05-03 01:43:52',110000.00,NULL),(314,222,2045,438,'2026-05-03 01:43:52',160000.00,NULL),(315,36,3469,344,'2026-05-03 01:43:52',110000.00,NULL),(316,289,2032,317,'2026-05-03 01:43:52',160000.00,NULL),(317,202,2972,498,'2026-05-03 01:43:52',160000.00,NULL),(318,1,1142,112,'2026-05-03 01:43:52',130000.00,NULL),(319,348,2111,218,'2026-05-03 01:43:52',125000.00,NULL),(320,233,1591,450,'2026-05-03 01:43:52',150000.00,NULL),(321,421,339,97,'2026-05-03 01:43:52',160000.00,NULL),(322,380,1385,404,'2026-05-03 01:43:52',200000.00,NULL),(323,250,4784,23,'2026-05-03 01:43:52',150000.00,NULL),(324,127,1378,98,'2026-05-03 01:43:52',160000.00,NULL),(325,308,2304,355,'2026-05-03 01:43:52',75000.00,NULL),(326,60,2960,300,'2026-05-03 01:43:52',160000.00,NULL),(327,51,4535,19,'2026-05-03 01:43:52',160000.00,NULL),(328,497,1896,44,'2026-05-03 01:43:52',150000.00,NULL),(329,370,4100,175,'2026-05-03 01:43:52',150000.00,NULL),(330,34,1250,421,'2026-05-03 01:43:52',130000.00,NULL),(331,111,4671,69,'2026-05-03 01:43:52',130000.00,NULL),(332,177,3775,388,'2026-05-03 01:43:52',160000.00,NULL),(333,66,4897,137,'2026-05-03 01:43:52',150000.00,NULL),(334,391,2339,273,'2026-05-03 01:43:52',110000.00,NULL),(335,198,49,4,'2026-05-03 01:43:52',110000.00,NULL),(336,29,3326,215,'2026-05-03 01:43:52',110000.00,NULL),(337,110,3011,362,'2026-05-03 01:43:52',75000.00,NULL),(338,329,3236,333,'2026-05-03 01:43:52',110000.00,NULL),(339,32,2346,25,'2026-05-03 01:43:52',110000.00,NULL),(340,313,1604,232,'2026-05-03 01:43:52',125000.00,NULL),(341,382,484,407,'2026-05-03 01:43:52',170000.00,NULL),(342,238,2738,451,'2026-05-03 01:43:52',130000.00,NULL),(343,276,4632,54,'2026-05-03 01:43:52',130000.00,NULL),(344,321,3720,196,'2026-05-03 01:43:52',125000.00,NULL),(345,55,2522,9,'2026-05-03 01:43:52',130000.00,NULL),(346,174,3158,485,'2026-05-03 01:43:52',110000.00,NULL),(347,132,2704,253,'2026-05-03 01:43:52',95000.00,NULL),(348,135,3273,411,'2026-05-03 01:43:52',110000.00,NULL),(349,240,4433,352,'2026-05-03 01:43:52',130000.00,NULL),(350,148,2527,284,'2026-05-03 01:43:52',130000.00,NULL),(351,502,316,180,'2026-05-03 01:43:52',125000.00,NULL),(352,78,777,252,'2026-05-03 01:43:52',160000.00,NULL),(353,16,690,169,'2026-05-03 01:43:52',200000.00,NULL),(354,489,2937,137,'2026-05-03 01:43:52',160000.00,NULL),(355,143,3240,248,'2026-05-03 01:43:52',110000.00,NULL),(356,303,2181,290,'2026-05-03 01:43:52',200000.00,NULL),(357,238,2711,486,'2026-05-03 01:43:52',95000.00,NULL),(358,207,3542,295,'2026-05-03 01:43:52',110000.00,NULL),(359,270,4691,32,'2026-05-03 01:43:52',170000.00,NULL),(360,377,2284,338,'2026-05-03 01:43:52',170000.00,NULL),(361,269,3529,113,'2026-05-03 01:43:52',110000.00,NULL),(362,104,1249,74,'2026-05-03 01:43:52',130000.00,NULL),(363,145,3007,431,'2026-05-03 01:43:52',75000.00,NULL),(364,361,3093,41,'2026-05-03 01:43:52',150000.00,NULL),(365,72,693,21,'2026-05-03 01:43:52',200000.00,NULL),(366,157,482,219,'2026-05-03 01:43:52',170000.00,NULL),(367,252,332,468,'2026-05-03 01:43:52',160000.00,NULL),(368,80,3167,120,'2026-05-03 01:43:52',110000.00,NULL),(369,417,1669,132,'2026-05-03 01:43:52',160000.00,NULL),(370,46,1313,271,'2026-05-03 01:43:52',125000.00,NULL),(371,53,4166,435,'2026-05-03 01:43:52',110000.00,NULL),(372,263,3832,23,'2026-05-03 01:43:52',130000.00,NULL),(373,297,2682,129,'2026-05-03 01:43:52',200000.00,NULL),(374,395,72,276,'2026-05-03 01:43:52',110000.00,NULL),(375,269,3589,455,'2026-05-03 01:43:52',150000.00,NULL),(376,26,509,65,'2026-05-03 01:43:52',75000.00,NULL),(377,11,4523,25,'2026-05-03 01:43:52',160000.00,NULL),(378,153,4482,378,'2026-05-03 01:43:52',170000.00,NULL),(379,53,4143,102,'2026-05-03 01:43:52',110000.00,NULL),(380,317,1495,342,'2026-05-03 01:43:52',170000.00,NULL),(381,283,2521,441,'2026-05-03 01:43:52',130000.00,NULL),(382,461,1636,136,'2026-05-03 01:43:52',160000.00,NULL),(383,366,2622,342,'2026-05-03 01:43:52',160000.00,NULL),(384,393,3177,358,'2026-05-03 01:43:52',110000.00,NULL),(385,98,2866,98,'2026-05-03 01:43:52',130000.00,NULL),(386,179,2344,463,'2026-05-03 01:43:52',110000.00,NULL),(387,337,2771,76,'2026-05-03 01:43:52',130000.00,NULL),(388,62,175,247,'2026-05-03 01:43:52',160000.00,NULL),(389,148,2595,134,'2026-05-03 01:43:52',170000.00,NULL),(390,135,3225,451,'2026-05-03 01:43:53',110000.00,NULL),(391,313,1631,301,'2026-05-03 01:43:53',160000.00,NULL),(392,346,4575,59,'2026-05-03 01:43:53',160000.00,NULL),(393,312,4578,67,'2026-05-03 01:43:53',160000.00,NULL),(394,227,278,9,'2026-05-03 01:43:53',110000.00,NULL),(395,250,4742,67,'2026-05-03 01:43:53',110000.00,NULL),(396,32,2319,428,'2026-05-03 01:43:53',75000.00,NULL),(397,130,4006,166,'2026-05-03 01:43:53',75000.00,NULL),(398,255,2444,399,'2026-05-03 01:43:53',130000.00,NULL),(399,1,1115,316,'2026-05-03 01:43:53',95000.00,NULL),(400,180,3342,167,'2026-05-03 01:43:53',110000.00,NULL),(401,487,2338,497,'2026-05-03 01:43:53',110000.00,NULL),(402,510,1129,122,'2026-05-03 01:43:53',130000.00,NULL),(403,231,2751,45,'2026-05-03 01:43:53',130000.00,NULL),(404,96,3810,232,'2026-05-03 01:43:53',95000.00,NULL),(405,94,3254,117,'2026-05-03 01:43:53',110000.00,NULL),(406,440,3469,418,'2026-05-03 01:43:53',110000.00,NULL),(407,197,4409,473,'2026-05-03 01:43:53',95000.00,NULL),(408,45,1046,437,'2026-05-03 01:43:53',130000.00,NULL),(409,422,4377,497,'2026-05-03 01:43:53',110000.00,NULL),(410,449,2039,423,'2026-05-03 01:43:53',160000.00,NULL),(411,259,3991,398,'2026-05-03 01:43:53',170000.00,NULL),(412,214,2419,206,'2026-05-03 01:43:53',95000.00,NULL),(413,507,1554,494,'2026-05-03 01:43:53',110000.00,NULL),(414,425,3720,82,'2026-05-03 01:43:53',125000.00,NULL),(415,400,4131,384,'2026-05-03 01:43:53',110000.00,NULL),(416,403,1499,58,'2026-05-03 01:43:53',170000.00,NULL),(417,177,3748,371,'2026-05-03 01:43:53',160000.00,NULL),(418,288,3889,372,'2026-05-03 01:43:53',170000.00,NULL),(419,30,1391,504,'2026-05-03 01:43:53',200000.00,NULL),(420,410,3940,432,'2026-05-03 01:43:53',130000.00,NULL),(421,189,4932,55,'2026-05-03 01:43:53',130000.00,NULL),(422,413,2902,304,'2026-05-03 01:43:53',125000.00,NULL),(423,46,1358,151,'2026-05-03 01:43:53',160000.00,NULL),(424,345,3902,76,'2026-05-03 01:43:53',95000.00,NULL),(425,342,4842,321,'2026-05-03 01:43:53',110000.00,NULL),(426,328,1659,245,'2026-05-03 01:43:53',160000.00,NULL),(427,385,4819,237,'2026-05-03 01:43:53',75000.00,NULL),(428,131,1,397,'2026-05-03 01:43:53',75000.00,NULL),(429,470,2135,325,'2026-05-03 01:43:53',160000.00,NULL),(430,190,1154,262,'2026-05-03 01:43:53',130000.00,NULL),(431,409,4467,287,'2026-05-03 01:43:53',130000.00,NULL),(432,117,4983,424,'2026-05-03 01:43:53',170000.00,NULL),(433,12,1404,487,'2026-05-03 01:43:53',95000.00,NULL),(434,165,2776,131,'2026-05-03 01:43:53',130000.00,NULL),(435,11,4558,342,'2026-05-03 01:43:53',160000.00,NULL),(436,458,2521,76,'2026-05-03 01:43:53',130000.00,NULL),(437,493,612,202,'2026-05-03 01:43:53',125000.00,NULL),(438,50,4068,225,'2026-05-03 01:43:53',110000.00,NULL),(439,183,2500,389,'2026-05-03 01:43:53',170000.00,NULL),(440,159,1677,482,'2026-05-03 01:43:53',160000.00,NULL),(441,15,2349,501,'2026-05-03 01:43:53',110000.00,NULL),(442,28,628,106,'2026-05-03 01:43:53',160000.00,NULL),(443,19,1952,486,'2026-05-03 01:43:53',130000.00,NULL),(444,350,4663,281,'2026-05-03 01:43:53',130000.00,NULL),(445,66,4858,341,'2026-05-03 01:43:53',110000.00,NULL),(446,421,322,33,'2026-05-03 01:43:53',160000.00,NULL),(447,171,3601,492,'2026-05-03 01:43:53',125000.00,NULL),(448,148,2543,127,'2026-05-03 01:43:53',130000.00,NULL),(449,454,715,348,'2026-05-03 01:43:53',125000.00,NULL),(450,195,2706,109,'2026-05-03 01:43:53',95000.00,NULL),(451,386,4766,313,'2026-05-03 01:43:53',110000.00,NULL),(452,72,679,207,'2026-05-03 01:43:53',160000.00,NULL),(453,423,2792,475,'2026-05-03 01:43:53',170000.00,NULL),(454,23,1811,276,'2026-05-03 01:43:53',75000.00,NULL),(455,108,4055,275,'2026-05-03 01:43:53',110000.00,NULL),(456,111,4615,372,'2026-05-03 01:43:53',95000.00,NULL),(457,38,2117,8,'2026-05-03 01:43:53',125000.00,NULL),(458,358,3343,218,'2026-05-03 01:43:53',110000.00,NULL),(459,168,416,311,'2026-05-03 01:43:53',95000.00,NULL),(460,304,3390,401,'2026-05-03 01:43:53',150000.00,NULL),(461,187,999,278,'2026-05-03 01:43:53',150000.00,NULL),(462,254,578,17,'2026-05-03 01:43:53',110000.00,NULL),(463,292,2135,477,'2026-05-03 01:43:53',160000.00,NULL),(464,427,4935,124,'2026-05-03 01:43:53',130000.00,NULL),(465,462,1251,25,'2026-05-03 01:43:53',130000.00,NULL),(466,134,3920,98,'2026-05-03 01:43:53',95000.00,NULL),(467,169,1661,355,'2026-05-03 01:43:53',160000.00,NULL),(468,336,722,108,'2026-05-03 01:43:53',160000.00,NULL),(469,344,2669,103,'2026-05-03 01:43:53',160000.00,NULL),(470,508,2925,66,'2026-05-03 01:43:53',160000.00,NULL),(471,119,4050,422,'2026-05-03 01:43:53',110000.00,NULL),(472,385,4899,131,'2026-05-03 01:43:53',150000.00,NULL),(473,10,2490,308,'2026-05-03 01:43:53',170000.00,NULL),(474,469,1796,48,'2026-05-03 01:43:53',170000.00,NULL),(475,144,2521,298,'2026-05-03 01:43:53',130000.00,NULL),(476,447,1183,9,'2026-05-03 01:43:53',170000.00,NULL),(477,350,4698,202,'2026-05-03 01:43:53',170000.00,NULL),(478,390,1835,357,'2026-05-03 01:43:53',110000.00,NULL),(479,49,4225,257,'2026-05-03 01:43:53',110000.00,NULL),(480,183,2437,243,'2026-05-03 01:43:53',130000.00,NULL),(481,410,3927,484,'2026-05-03 01:43:53',130000.00,NULL),(482,423,2765,197,'2026-05-03 01:43:53',130000.00,NULL),(483,413,2945,448,'2026-05-03 01:43:53',160000.00,NULL),(484,176,3519,409,'2026-05-03 01:43:53',75000.00,NULL),(485,151,542,193,'2026-05-03 01:43:53',110000.00,NULL),(486,62,130,420,'2026-05-03 01:43:53',160000.00,NULL),(487,218,2805,422,'2026-05-03 01:43:53',95000.00,NULL),(488,174,3119,382,'2026-05-03 01:43:53',75000.00,NULL),(489,234,140,199,'2026-05-03 01:43:53',160000.00,NULL),(490,397,4840,238,'2026-05-03 01:43:53',110000.00,NULL),(491,112,3640,485,'2026-05-03 01:43:53',160000.00,NULL),(492,35,1636,431,'2026-05-03 01:43:53',160000.00,NULL),(493,323,4677,412,'2026-05-03 01:43:53',130000.00,NULL),(494,447,1101,411,'2026-05-03 01:43:53',95000.00,NULL),(495,203,386,212,'2026-05-03 01:43:53',200000.00,NULL),(496,145,3006,434,'2026-05-03 01:43:53',75000.00,NULL),(497,232,2753,162,'2026-05-03 01:43:53',130000.00,NULL),(498,336,752,454,'2026-05-03 01:43:53',160000.00,NULL),(499,164,4885,106,'2026-05-03 01:43:53',150000.00,NULL),(500,150,3420,311,'2026-05-03 01:43:53',75000.00,NULL),(501,214,2454,125,'2026-05-03 01:43:53',130000.00,NULL),(502,37,799,489,'2026-05-03 01:43:53',200000.00,NULL),(503,230,4091,330,'2026-05-03 01:43:53',150000.00,NULL),(504,376,1332,234,'2026-05-03 01:43:53',160000.00,NULL),(505,153,4430,331,'2026-05-03 01:43:53',130000.00,NULL),(506,424,4628,205,'2026-05-03 01:43:53',130000.00,NULL),(507,209,1333,59,'2026-05-03 01:43:53',160000.00,NULL),(508,506,1132,326,'2026-05-03 01:43:53',130000.00,NULL),(509,102,2313,373,'2026-05-03 01:43:53',75000.00,NULL),(510,249,4867,19,'2026-05-03 01:43:53',110000.00,NULL),(512,285,802,4,'2026-05-03 18:39:28',75000.00,4),(513,285,870,4,'2026-05-03 18:39:29',110000.00,4),(514,285,898,5,'2026-05-03 18:53:41',150000.00,4);
/*!40000 ALTER TABLE `tickets` ENABLE KEYS */;
UNLOCK TABLES;

--
-- Final view structure for view `availableseats`
--

/*!50001 DROP VIEW IF EXISTS `availableseats`*/;
/*!50001 SET @saved_cs_client          = @@character_set_client */;
/*!50001 SET @saved_cs_results         = @@character_set_results */;
/*!50001 SET @saved_col_connection     = @@collation_connection */;
/*!50001 SET character_set_client      = utf8mb4 */;
/*!50001 SET character_set_results     = utf8mb4 */;
/*!50001 SET collation_connection      = utf8mb4_0900_ai_ci */;
/*!50001 CREATE ALGORITHM=UNDEFINED */
/*!50013 DEFINER=`root`@`localhost` SQL SECURITY DEFINER */
/*!50001 VIEW `availableseats` AS select `s`.`ScreeningID` AS `ScreeningID`,`m`.`MovieTitle` AS `MovieTitle`,`r`.`RoomName` AS `RoomName`,`s`.`ShowDate` AS `ShowDate`,(`r`.`Capacity` - (select count(0) from `tickets` `t` where (`t`.`ScreeningID` = `s`.`ScreeningID`))) AS `RemainingSeats`,(((select count(0) from `tickets` `t` where (`t`.`ScreeningID` = `s`.`ScreeningID`)) / `r`.`Capacity`) * 100) AS `OccupancyRate` from ((`screenings` `s` join `movies` `m` on((`s`.`MovieID` = `m`.`MovieID`))) join `cinemarooms` `r` on((`s`.`RoomID` = `r`.`RoomID`))) */;
/*!50001 SET character_set_client      = @saved_cs_client */;
/*!50001 SET character_set_results     = @saved_cs_results */;
/*!50001 SET collation_connection      = @saved_col_connection */;
/*!40103 SET TIME_ZONE=@OLD_TIME_ZONE */;

/*!40101 SET SQL_MODE=@OLD_SQL_MODE */;
/*!40014 SET FOREIGN_KEY_CHECKS=@OLD_FOREIGN_KEY_CHECKS */;
/*!40014 SET UNIQUE_CHECKS=@OLD_UNIQUE_CHECKS */;
/*!40101 SET CHARACTER_SET_CLIENT=@OLD_CHARACTER_SET_CLIENT */;
/*!40101 SET CHARACTER_SET_RESULTS=@OLD_CHARACTER_SET_RESULTS */;
/*!40101 SET COLLATION_CONNECTION=@OLD_COLLATION_CONNECTION */;
/*!40111 SET SQL_NOTES=@OLD_SQL_NOTES */;

-- Dump completed on 2026-05-03 21:54:23
